{
  "step": [
    0,
    20,
    40,
    60,
    80,
    100,
    120,
    140,
    160,
    180,
    200,
    220,
    240,
    260,
    280,
    300,
    320,
    340,
    360,
    380,
    400,
    420,
    440,
    460,
    480,
    500,
    520,
    540,
    560,
    580,
    600,
    620,
    640,
    660,
    680,
    700,
    720,
    740,
    760,
    780,
    800,
    820,
    840,
    860,
    880,
    900,
    920,
    940,
    960,
    980,
    1000,
    1020,
    1040,
    1060,
    1080,
    1100,
    1120,
    1140,
    1160,
    1180,
    1200,
    1220,
    1240,
    1260,
    1280,
    1300,
    1320,
    1340,
    1360,
    1380,
    1400,
    1420,
    1440,
    1460,
    1480,
    1500,
    1520,
    1540,
    1560,
    1580,
    1600,
    1620,
    1640,
    1660,
    1680,
    1700,
    1720,
    1740,
    1760,
    1780,
    1800,
    1820,
    1840,
    1860,
    1880,
    1900,
    1920,
    1940,
    1960,
    1980
  ],
  "train_loss": [
    1065.0333251953125,
    989.3773803710938,
    899.0390014648438,
    803.8175048828125,
    673.58642578125,
    551.6033935546875,
    458.83514404296875,
    374.3660888671875,
    307.2637939453125,
    238.91444396972656,
    166.7845916748047,
    106.59349822998047,
    55.472434997558594,
    23.644264221191406,
    12.695115089416504,
    7.6008172035217285,
    5.062987327575684,
    3.767181158065796,
    2.8306972980499268,
    2.2939627170562744,
    1.7393720149993896,
    1.4160618782043457,
    1.1392104625701904,
    0.9558070302009583,
    0.7614025473594666,
    0.6167246699333191,
    0.48859357833862305,
    0.3957088887691498,
    0.32720625400543213,
    0.2552449107170105,
    0.20204377174377441,
    0.15676932036876678,
    0.12345843017101288,
    0.10022283345460892,
    0.07750359922647476,
    0.06242213025689125,
    0.04857634752988815,
    0.038816649466753006,
    0.030282611027359962,
    0.023985737934708595,
    0.018209580332040787,
    0.014256405644118786,
    0.011185767129063606,
    0.008621643297374249,
    0.006721946410834789,
    0.005193490069359541,
    0.003828256856650114,
    0.002923818537965417,
    0.0023244780022650957,
    0.001835068454965949,
    0.0014498723903670907,
    0.0011243531480431557,
    0.0008938220562413335,
    0.0006946357316337526,
    0.0005112144281156361,
    0.0003976161824539304,
    0.00030739279463887215,
    0.00023691088426858187,
    0.00018357604858465493,
    0.00014050921890884638,
    0.00011160735448356718,
    8.659705054014921e-05,
    6.527437653858215e-05,
    5.104557203594595e-05,
    3.981182089773938e-05,
    3.074964115512557e-05,
    2.3664186301175505e-05,
    1.7954627764993347e-05,
    1.3846166439179797e-05,
    1.0917880899796728e-05,
    8.511497071594931e-06,
    6.603089332202217e-06,
    5.081670678919181e-06,
    3.879604719259078e-06,
    3.009429519806872e-06,
    2.335619910809328e-06,
    1.81938241894386e-06,
    1.410588197359175e-06,
    1.110425387196301e-06,
    8.540369549336901e-07,
    6.481610057562648e-07,
    5.243485929895542e-07,
    4.077271853475395e-07,
    2.990850305195636e-07,
    2.305983031192227e-07,
    1.8370177201632032e-07,
    1.46071499784739e-07,
    1.1069529648466414e-07,
    8.707401377705537e-08,
    6.86799523919035e-08,
    5.5216275995917385e-08,
    4.5191423936330466e-08,
    3.5088916661152325e-08,
    2.7534225566228088e-08,
    2.216545524902358e-08,
    1.8737100759835812e-08,
    1.5099903549753435e-08,
    1.263144167040764e-08,
    1.0471263856004498e-08,
    8.59795790120188e-09
  ],
  "test_loss": [
    1219.89697265625,
    1133.9307861328125,
    1028.74658203125,
    916.5740356445312,
    762.799072265625,
    617.0283813476562,
    506.8155822753906,
    406.5251159667969,
    334.1622009277344,
    261.6318359375,
    181.10853576660156,
    115.43412780761719,
    59.20857238769531,
    24.859148025512695,
    13.187827110290527,
    7.758959770202637,
    5.109055995941162,
    3.7708635330200195,
    2.7869884967803955,
    2.2648673057556152,
    1.706681251525879,
    1.381629228591919,
    1.1095799207687378,
    0.9304410219192505,
    0.7362979054450989,
    0.5939455628395081,
    0.46169570088386536,
    0.3752349317073822,
    0.3152335286140442,
    0.24646757543087006,
    0.1949549913406372,
    0.15304960310459137,
    0.12042077630758286,
    0.09606308490037918,
    0.07392101734876633,
    0.05970565229654312,
    0.04697028547525406,
    0.03724869713187218,
    0.028787164017558098,
    0.023102395236492157,
    0.017356108874082565,
    0.013608627952635288,
    0.010836280882358551,
    0.008317088708281517,
    0.006407836452126503,
    0.00491558201611042,
    0.0036853819619864225,
    0.0027749172877520323,
    0.002199257491156459,
    0.0017418783390894532,
    0.0013861173065379262,
    0.00108406285289675,
    0.0008636176935397089,
    0.000663967861328274,
    0.00048615943524055183,
    0.0003778726386372,
    0.00029247833299450576,
    0.00022404221817851067,
    0.00017291505355387926,
    0.00013690740161109716,
    0.00010772550740512088,
    8.338099723914638e-05,
    6.264798867050558e-05,
    4.8777910706121475e-05,
    3.809414920397103e-05,
    2.9565464501501992e-05,
    2.247244628961198e-05,
    1.675647399679292e-05,
    1.3182244401832577e-05,
    1.0360130545450374e-05,
    8.277555934910197e-06,
    6.415731149900239e-06,
    4.841983809455996e-06,
    3.7129843803995755e-06,
    2.9326340609259205e-06,
    2.2352255655277986e-06,
    1.7178585949295666e-06,
    1.3560169236370712e-06,
    1.063114837052126e-06,
    8.116721232909185e-07,
    6.238508376554819e-07,
    5.029627345720655e-07,
    3.96785821976664e-07,
    2.8837106924584077e-07,
    2.2067825966587407e-07,
    1.7582550526640262e-07,
    1.3884714178402646e-07,
    1.0543410411401055e-07,
    8.267696216535114e-08,
    6.538611785344983e-08,
    5.3110657205479583e-08,
    4.375711526449777e-08,
    3.39922792136349e-08,
    2.6367390049131245e-08,
    2.1357760005003e-08,
    1.78655277238704e-08,
    1.4366082545791414e-08,
    1.2116193381928042e-08,
    1.0115578596980868e-08,
    8.183058675115262e-09
  ],