{
  "step": [
    0,
    20,
    40,
    60,
    80,
    100,
    120,
    140,
    160,
    180,
    200,
    220,
    240,
    260,
    280,
    300,
    320,
    340,
    360,
    380,
    400,
    420,
    440,
    460,
    480,
    500,
    520,
    540,
    560,
    580,
    600,
    620,
    640,
    660,
    680,
    700,
    720,
    740,
    760,
    780,
    800,
    820,
    840,
    860,
    880,
    900,
    920,
    940,
    960,
    980,
    1000,
    1020,
    1040,
    1060,
    1080,
    1100,
    1120,
    1140
  ],
  "train_loss": [
    1054.4625244140625,
    798.138671875,
    562.1762084960938,
    304.8459167480469,
    132.1884307861328,
    60.539066314697266,
    26.440326690673828,
    13.294112205505371,
    6.600839614868164,
    3.8955447673797607,
    2.0935308933258057,
    1.3168681859970093,
    0.8548157811164856,
    0.5107284188270569,
    0.33070600032806396,
    0.19729287922382355,
    0.1276736855506897,
    0.08579234033823013,
    0.05716369301080704,
    0.039199814200401306,
    0.023788442835211754,
    0.01489331666380167,
    0.010247893631458282,
    0.007001370191574097,
    0.004362062085419893,
    0.002870801370590925,
    0.0018410676857456565,
    0.0011781678767874837,
    0.0007918474148027599,
    0.0005178399733267725,
    0.00033490138594061136,
    0.0002246241201646626,
    0.00014891130558680743,
    0.00010230504994979128,
    5.8614205045159906e-05,
    3.941411341656931e-05,
    2.7261370632913895e-05,
    1.6882841009646654e-05,
    1.0764835678855889e-05,
    6.884392860229127e-06,
    4.653653832065174e-06,
    3.0710982628079364e-06,
    1.9560300188459223e-06,
    1.273748580388201e-06,
    8.412147849412577e-07,
    5.452162668007077e-07,
    3.5416968557910877e-07,
    2.412173500943027e-07,
    1.6372331401726115e-07,
    1.111873828563148e-07,
    7.946865565600092e-08,
    5.3065601690605035e-08,
    3.9278020835809e-08,
    2.8566608634150725e-08,
    2.1705146124872954e-08,
    1.5099079320179953e-08,
    1.1096255470022243e-08,
    8.755606017984974e-09
  ],
  "test_loss": [
    1207.384765625,
    914.8284912109375,
    642.3956298828125,
    343.95867919921875,
    141.65719604492188,
    63.05693054199219,
    26.82573699951172,
    13.452021598815918,
    6.631586074829102,
    3.9687211513519287,
    2.1112520694732666,
    1.3103201389312744,
    0.8609696626663208,
    0.5084751844406128,
    0.3216528594493866,
    0.18918466567993164,
    0.12237398326396942,
    0.08227446675300598,
    0.0533326081931591,
    0.03747740015387535,
    0.02248113602399826,
    0.014400595799088478,
    0.00992076937109232,
    0.006604643538594246,
    0.004059760365635157,
    0.0026621706783771515,
    0.0017248982330784202,
    0.001081991707906127,
    0.0007492384174838662,
    0.00047936791088432074,
    0.00030993003747425973,
    0.00020930104074068367,
    0.00013687460159417242,
    9.470299846725538e-05,
    5.4481806728290394e-05,
    3.6644698411691934e-05,
    2.472111737006344e-05,
    1.560783312015701e-05,
    1.0071913493447937e-05,
    6.3922416302375495e-06,
    4.315353635320207e-06,
    2.8479373668233166e-06,
    1.793756496226706e-06,
    1.197257120111317e-06,
    7.677571716158127e-07,
    5.091722528050013e-07,
    3.3721730119395943e-07,
    2.247362544949283e-07,
    1.5120203045171365e-07,
    1.0184374588106948e-07,
    7.396376844326369e-08,
    4.937701092444513e-08,
    3.6522916246894965e-08,
    2.6753108173238616e-08,
    2.0452310067753388e-08,
    1.3925496311628649e-08,
    1.0256694160659663e-08,
    8.063331335961266e-09
  ],
  "trace_gradient_covariance": [
    767758.4375,
    720267.0,
    746206.9375,
    629599.375,
    339555.375,
    166821.09375,
    75024.0546875,
    38072.33203125,
    18575.22265625,
    10786.4716796875,
    5736.5068359375,
    3565.3203125,
    2305.676025390625,
    1371.3990478515625,
    885.72265625,
    530.1392211914062,
    344.5345764160156,
    231.24623107910156,
    153.64447021484375,
    105.39897155761719,
    64.04877471923828,
    40.28111267089844,
    27.755128860473633,
    19.004192352294922,
    11.805891036987305,
    7.751678943634033,
    4.976720333099365,
    3.1920392513275146,
    2.144730806350708,
    1.4056545495986938,
    0.908717691898346,
    0.6101105213165283,
    0.40349698066711426,
    0.2781488299369812,
    0.15877102315425873,
    0.10718907415866852,
    0.0743948444724083,
    0.04605098068714142,
    0.029245004057884216,
    0.018676500767469406,
    0.012639740481972694,
    0.00837982539087534,
    0.0052996245212852955,
    0.003453790443018079,
    0.0022814918775111437,
    0.0014814112801104784,
    0.0009623677469789982,
    0.0006586745148524642,
    0.00044441784848459065,
    0.0003019776486326009,
    0.00021601381013169885,
    0.0001445041416445747,
    0.00010723558807512745,
    7.779909356031567e-05,
    5.927568054175936e-05,
    4.101876402273774e-05,
    3.0125011107884347e-05,
    2.3852546291891485e-05
  ],
  "trace_hessian_covariance": [
    46476716.0,
    5688900.0,
    16482251.0,
    67926888.0,
    69588952.0,
    41498704.0,
    20185270.0,
    10536637.0,
    5106246.0,
    2932512.5,
    1542566.25,
    950072.3125,
    608990.875,
    360335.4375,
    232023.5625,
    138489.609375,
    89948.1796875,
    60138.484375,
    39949.01171875,
    27367.201171875,
    16629.759765625,
    10458.08203125,
    7214.896484375,
    4941.16845703125,
    3069.965576171875,
    2013.699951171875,
    1293.498291015625,
    830.5975341796875,
    557.5474243164062,
    365.5760803222656,
    236.22940063476562,
    158.4588623046875,
    104.95130157470703,
    72.38926696777344,
    41.22856903076172,
    27.856046676635742,
    19.362760543823242,
    11.968074798583984,
    7.59555196762085,
    4.8503098487854,
    3.287180185317993,
    2.1804311275482178,
    1.3787087202072144,
    0.8974011540412903,
    0.5939516425132751,
    0.3850767910480499,
    0.25014224648475647,
    0.1714986115694046,
    0.11561030894517899,
    0.07862095534801483,
    0.05618450418114662,
    0.03758224844932556,
    0.02792409248650074,
    0.02024545520544052,
    0.015430137515068054,
    0.010694346390664577,
    0.007858428172767162,
    0.006232894025743008
  ],
  "grad_norm_squared": [
    127972.046875,
    122758.6640625,
    132173.96875,
    111202.828125,
    55213.54296875,
    23968.81640625,
    9913.646484375,
    4653.72607421875,
    2072.335693359375,
    1118.327880859375,
    549.9627685546875,
    320.23297119140625,
    198.8292694091797,
    114.81377410888672,
    72.15573120117188,
    42.33470153808594,
    27.38744354248047,
    18.041118621826172,
    11.996175765991211,
    8.250225067138672,
    5.002772331237793,
    3.1846985816955566,
    2.1924662590026855,
    1.4851758480072021,
    0.9252565503120422,
    0.6103805303573608,
    0.3969019651412964,
    0.25247636437416077,
    0.16896675527095795,
    0.11004357784986496,
    0.0714990645647049,
    0.04800015687942505,
    0.03209267556667328,
    0.02184649556875229,
    0.012525200843811035,
    0.008388152346014977,
    0.005860121920704842,
    0.00361064076423645,
    0.002316195983439684,
    0.0014696819707751274,
    0.0009907633066177368,
    0.0006564573850482702,
    0.0004198221140541136,
    0.00027359763043932617,
    0.00018097128486260772,
    0.00011617006384767592,
    7.658052345504984e-05,
    5.1711060223169625e-05,
    3.4916571166832e-05,
    2.3885670088930055e-05,
    1.692095975158736e-05,
    1.1309882211207878e-05,
    8.405993867199868e-06,
    6.103343366703484e-06,
    4.669408554036636e-06,
    3.2338787150365533e-06,
    2.3832499209675007e-06,
    1.8878309901992907e-06
  ]
}