{
  "step": [
    0,
    20,
    40,
    60,
    80,
    100,
    120,
    140,
    160,
    180,
    200,
    220,
    240,
    260,
    280,
    300,
    320,
    340,
    360,
    380,
    400,
    420,
    440,
    460,
    480,
    500,
    520,
    540,
    560,
    580,
    600,
    620,
    640,
    660,
    680,
    700,
    720,
    740,
    760,
    780,
    800,
    820,
    840,
    860,
    880,
    900,
    920,
    940,
    960,
    980,
    1000,
    1020,
    1040,
    1060,
    1080,
    1100,
    1120,
    1140,
    1160,
    1180,
    1200,
    1220,
    1240,
    1260,
    1280,
    1300,
    1320,
    1340,
    1360,
    1380,
    1400,
    1420,
    1440,
    1460,
    1480,
    1500,
    1520,
    1540,
    1560,
    1580,
    1600,
    1620,
    1640,
    1660,
    1680,
    1700,
    1720,
    1740,
    1760,
    1780,
    1800,
    1820,
    1840,
    1860,
    1880,
    1900,
    1920,
    1940,
    1960,
    1980
  ],
  "train_loss": [
    1062.45263671875,
    981.3861694335938,
    905.177001953125,
    805.414794921875,
    679.54541015625,
    551.7584838867188,
    445.3971862792969,
    373.21551513671875,
    303.2290344238281,
    236.12269592285156,
    164.78717041015625,
    98.26290893554688,
    48.43762969970703,
    23.809429168701172,
    12.707320213317871,
    7.211688041687012,
    4.747304439544678,
    3.520005702972412,
    2.7497003078460693,
    2.3023135662078857,
    1.795754075050354,
    1.447797417640686,
    1.2008975744247437,
    0.9950089454650879,
    0.7920634746551514,
    0.6429105997085571,
    0.5153311491012573,
    0.41201338171958923,
    0.3382708728313446,
    0.2701505720615387,
    0.21377450227737427,
    0.17178109288215637,
    0.1377265900373459,
    0.11242825537919998,
    0.08271965384483337,
    0.06617461144924164,
    0.053155235946178436,
    0.04072829335927963,
    0.0316736102104187,
    0.02441459521651268,
    0.019533246755599976,
    0.015274127013981342,
    0.011765860952436924,
    0.009175759740173817,
    0.007141081150621176,
    0.0054787578992545605,
    0.004219366703182459,
    0.0032754363492131233,
    0.0025541007053107023,
    0.0019483489450067282,
    0.001549798296764493,
    0.0011662677861750126,
    0.0009198078187182546,
    0.0007209334289655089,
    0.0005726427771151066,
    0.0004277060506865382,
    0.0003270591259934008,
    0.00026040434022434056,
    0.00020386480900924653,
    0.00015672232257202268,
    0.00011876782809849828,
    9.018622222356498e-05,
    6.884670438012108e-05,
    5.4243682825472206e-05,
    4.28337516495958e-05,
    3.275018752901815e-05,
    2.5621669919928536e-05,
    2.0490315364440903e-05,
    1.5418558177771047e-05,
    1.1931220797123387e-05,
    8.968510883278213e-06,
    6.939320883248001e-06,
    5.4283500503515825e-06,
    4.121423444303218e-06,
    3.3410615287721157e-06,
    2.465826582920272e-06,
    1.9442929897195427e-06,
    1.5407034652525908e-06,
    1.142967676059925e-06,
    8.677261575940065e-07,
    6.935941314623051e-07,
    5.343276257008256e-07,
    4.183266071322578e-07,
    3.2853256470843917e-07,
    2.5217264010279905e-07,
    1.9451940147519053e-07,
    1.566782259487809e-07,
    1.240515103972939e-07,
    9.632261566139277e-08,
    7.258604739490693e-08,
    5.781944878435752e-08,
    4.600254399633741e-08,
    3.6961385063705166e-08,
    2.8592015866024667e-08,
    2.3736536292062738e-08,
    1.9737599998848054e-08,
    1.578045960570762e-08,
    1.343945577048089e-08,
    1.1138784117292744e-08,
    9.190374683498703e-09
  ],
  "test_loss": [
    1216.2769775390625,
    1122.90576171875,
    1035.179443359375,
    919.31494140625,
    768.4329223632812,
    617.3914184570312,
    489.1805114746094,
    405.48370361328125,
    327.2738952636719,
    258.0697021484375,
    179.29112243652344,
    106.24373626708984,
    51.68867874145508,
    25.05193519592285,
    13.201193809509277,
    7.342962265014648,
    4.782809257507324,
    3.513909101486206,
    2.6858160495758057,
    2.2678351402282715,
    1.753751277923584,
    1.4278314113616943,
    1.1833245754241943,
    0.9649224281311035,
    0.7607583403587341,
    0.6146883964538574,
    0.495622843503952,
    0.39117366075515747,
    0.3268972933292389,
    0.25794634222984314,
    0.20400716364383698,
    0.16448050737380981,
    0.13055233657360077,
    0.10699035227298737,
    0.0790882408618927,
    0.0634193867444992,
    0.05011576786637306,
    0.038869842886924744,
    0.030432622879743576,
    0.02338564209640026,
    0.018683096393942833,
    0.014628116972744465,
    0.01117380615323782,
    0.00884842686355114,
    0.0067472876980900764,
    0.005259187892079353,
    0.004110072273761034,
    0.003146628849208355,
    0.0024413762148469687,
    0.0018444801680743694,
    0.0014845681143924594,
    0.001119659747928381,
    0.0008830055594444275,
    0.0006935590645298362,
    0.0005543426377698779,
    0.0004060736973769963,
    0.0003120802284684032,
    0.0002445809368509799,
    0.00019189574231859297,
    0.00015029541100375354,
    0.00011468514276202768,
    8.602882007835433e-05,
    6.62433376419358e-05,
    5.1691833505174145e-05,
    4.081892257090658e-05,
    3.164426379953511e-05,
    2.479067370586563e-05,
    1.991821227420587e-05,
    1.4576954527001362e-05,
    1.1449022167653311e-05,
    8.581385372963268e-06,
    6.650334398727864e-06,
    5.181620053917868e-06,
    4.001567049272126e-06,
    3.192660869899555e-06,
    2.359327254453092e-06,
    1.8886391899286536e-06,
    1.5029104361019563e-06,
    1.0924728712780052e-06,
    8.304295420202834e-07,
    6.563477654708549e-07,
    5.085991006126278e-07,
    4.002123432655935e-07,
    3.1821178936297656e-07,
    2.394583589193644e-07,
    1.8476346497209306e-07,
    1.4778525780911878e-07,
    1.1691694368209937e-07,
    8.960634545474022e-08,
    6.957796472306654e-08,
    5.607367370430438e-08,
    4.442012269123552e-08,
    3.558477601472987e-08,
    2.746420513233261e-08,
    2.269032428614537e-08,
    1.8992480477209028e-08,
    1.5104859585335362e-08,
    1.2920155612050621e-08,
    1.0547537954153086e-08,
    8.844247112449466e-09
  ],