{
  "step": [
    0,
    20,
    40,
    60,
    80,
    100,
    120,
    140,
    160,
    180,
    200,
    220,
    240,
    260,
    280,
    300,
    320,
    340,
    360,
    380,
    400,
    420,
    440,
    460,
    480,
    500,
    520,
    540,
    560,
    580,
    600,
    620,
    640,
    660,
    680,
    700,
    720,
    740,
    760,
    780,
    800,
    820,
    840,
    860
  ],
  "train_loss": [
    1116.5672607421875,
    734.9805908203125,
    412.1383361816406,
    161.43223571777344,
    51.43233871459961,
    18.136669158935547,
    7.072229385375977,
    3.381500005722046,
    1.7659034729003906,
    0.8974032998085022,
    0.43334636092185974,
    0.23852498829364777,
    0.12997934222221375,
    0.06577941030263901,
    0.03775657340884209,
    0.019495459273457527,
    0.011021467857062817,
    0.005980831105262041,
    0.0033103744499385357,
    0.0018378806998953223,
    0.0010442030616104603,
    0.0006098350277170539,
    0.00031385698821395636,
    0.00018564763013273478,
    0.0001094428007490933,
    6.278295040829107e-05,
    3.471384843578562e-05,
    2.050793955277186e-05,
    1.1386613550712354e-05,
    6.636118087044451e-06,
    3.5900256989407353e-06,
    2.0362028863019077e-06,
    1.145751980402565e-06,
    6.37410266790539e-07,
    3.8074907138252456e-07,
    2.486974892690341e-07,
    1.5734899250219314e-07,
    9.759556718336171e-08,
    6.194258617142623e-08,
    3.94581576301789e-08,
    2.6576676859235704e-08,
    1.8506518983940623e-08,
    1.2223464018745744e-08,
    7.939950030788623e-09
  ],
  "test_loss": [
    1277.3863525390625,
    853.4034423828125,
    488.45233154296875,
    189.2718505859375,
    55.62359619140625,
    18.25523567199707,
    6.917943477630615,
    3.2366089820861816,
    1.6485238075256348,
    0.8377286791801453,
    0.39977961778640747,
    0.21692527830600739,
    0.11750265955924988,
    0.058923229575157166,
    0.03384234383702278,
    0.017895203083753586,
    0.00988882128149271,
    0.005364676471799612,
    0.0029999942053109407,
    0.0016684759175404906,
    0.0009528861264698207,
    0.000551986915525049,
    0.0002864608832169324,
    0.00016975945618469268,
    9.969333768822253e-05,
    5.783241431345232e-05,
    3.235122130718082e-05,
    1.9132512534270063e-05,
    1.0420631952001713e-05,
    6.033284080331214e-06,
    3.2581785944785224e-06,
    1.8719074432738125e-06,
    1.0419079217172111e-06,
    5.889281169402238e-07,
    3.4874835819209693e-07,
    2.2550983658220503e-07,
    1.423210846951406e-07,
    8.843554866189152e-08,
    5.5483674543665984e-08,
    3.6246255774585734e-08,
    2.446949132206555e-08,
    1.7240926908357324e-08,
    1.1336879879308981e-08,
    7.385620115485381e-09
  ],
  "trace_gradient_covariance": [
    1323999.0,
    1031004.0625,
    874562.0,
    504298.78125,
    183322.125,
    62624.1640625,
    22962.42578125,
    10736.63671875,
    5560.40771484375,
    2823.169189453125,
    1337.4759521484375,
    725.848388671875,
    394.2137145996094,
    197.19847106933594,
    112.48660278320312,
    58.14939880371094,
    32.640838623046875,
    17.689926147460938,
    9.830206871032715,
    5.434294700622559,
    3.072310447692871,
    1.7948521375656128,
    0.9230120182037354,
    0.5427764654159546,
    0.32196930050849915,
    0.18560808897018433,
    0.10257727652788162,
    0.06085927039384842,
    0.033497653901576996,
    0.01950305514037609,
    0.0105741573497653,
    0.006007388699799776,
    0.0033808471634984016,
    0.0018684715032577515,
    0.0011206211056560278,
    0.0007320850272662938,
    0.00046288379235193133,
    0.00028694901266135275,
    0.00018203948275186121,
    0.00011618108692346141,
    7.834680582163855e-05,
    5.460026295622811e-05,
    3.608446422731504e-05,
    2.339475031476468e-05
  ],
  "trace_hessian_covariance": [
    149874192.0,
    48452576.0,
    80183040.0,
    109533040.0,
    56403356.0,
    20099938.0,
    6973250.0,
    3158443.75,
    1608990.25,
    813593.875,
    379303.375,
    202970.609375,
    109952.0078125,
    54129.6015625,
    30594.51171875,
    15746.4228515625,
    8797.7021484375,
    4756.51611328125,
    2641.441162109375,
    1456.7613525390625,
    822.9686889648438,
    480.782958984375,
    247.01356506347656,
    145.32763671875,
    86.21385192871094,
    49.71359634399414,
    27.502290725708008,
    16.32805061340332,
    8.96959400177002,
    5.222654342651367,
    2.8318676948547363,
    1.6072757244110107,
    0.9043803215026855,
    0.49978533387184143,
    0.29987823963165283,
    0.19622106850147247,
    0.1240859404206276,
    0.07706263661384583,
    0.048879511654376984,
    0.031146613880991936,
    0.02099725231528282,
    0.014630124904215336,
    0.009664935059845448,
    0.006268613040447235
  ],
  "grad_norm_squared": [
    216495.375,
    169161.265625,
    147073.03125,
    83450.09375,
    27861.107421875,
    8582.568359375,
    2806.124267578125,
    1245.026123046875,
    628.937255859375,
    313.30181884765625,
    143.8587188720703,
    76.22164916992188,
    41.45160675048828,
    19.912965774536133,
    11.133627891540527,
    5.703934669494629,
    3.1743245124816895,
    1.7124241590499878,
    0.9487197399139404,
    0.521841287612915,
    0.2956085503101349,
    0.1723925918340683,
    0.08868120610713959,
    0.05302800238132477,
    0.030846739187836647,
    0.017769424244761467,
    0.009841362945735455,
    0.005861988756805658,
    0.00320829963311553,
    0.001872246852144599,
    0.0010127743007615209,
    0.0005761115462519228,
    0.0003241855592932552,
    0.00018112744146492332,
    0.00010742735321400687,
    7.019837357802317e-05,
    4.4477452320279554e-05,
    2.7756750569096766e-05,
    1.771004644979257e-05,
    1.1185656148882117e-05,
    7.4928793765138835e-06,
    5.242010956862941e-06,
    3.4773904644680442e-06,
    2.2520428046846064e-06
  ]
}