{
  "step": [
    0,
    20,
    40,
    60,
    80,
    100,
    120,
    140,
    160,
    180,
    200,
    220,
    240,
    260,
    280,
    300,
    320,
    340,
    360,
    380,
    400,
    420,
    440,
    460,
    480,
    500,
    520,
    540,
    560,
    580,
    600,
    620,
    640,
    660,
    680,
    700,
    720,
    740,
    760,
    780,
    800,
    820,
    840,
    860,
    880,
    900,
    920,
    940,
    960,
    980,
    1000,
    1020,
    1040,
    1060,
    1080,
    1100,
    1120,
    1140
  ],
  "train_loss": [
    1060.1566162109375,
    828.7373046875,
    570.5996704101562,
    330.0713806152344,
    146.4043731689453,
    61.725860595703125,
    31.114917755126953,
    14.773019790649414,
    6.868585586547852,
    3.696256160736084,
    2.140136957168579,
    1.2985386848449707,
    0.8323619961738586,
    0.5184572339057922,
    0.3205200731754303,
    0.20506571233272552,
    0.13682201504707336,
    0.08812200278043747,
    0.05538283661007881,
    0.0377630740404129,
    0.024280650541186333,
    0.015876436606049538,
    0.010673989541828632,
    0.00684965867549181,
    0.0043609836138784885,
    0.002932913601398468,
    0.0019443786004558206,
    0.0011479739332571626,
    0.0007591969915665686,
    0.00050669553456828,
    0.00033942211302928627,
    0.00022860668832436204,
    0.00015258282655850053,
    0.000102870530099608,
    6.371921335812658e-05,
    4.0418766729999334e-05,
    2.502193092368543e-05,
    1.6860796677065082e-05,
    1.1365665159246419e-05,
    7.224240562209161e-06,
    4.687919954449171e-06,
    3.2706432193663204e-06,
    2.159559244319098e-06,
    1.3871864439352066e-06,
    8.695581641404715e-07,
    5.616442990685755e-07,
    3.787248772368912e-07,
    2.5046296059372253e-07,
    1.6352579734757455e-07,
    1.1676746680677752e-07,
    8.051350874893615e-08,
    5.8245312573035335e-08,
    4.068506598287058e-08,
    2.916924302098778e-08,
    2.1521245230360364e-08,
    1.5484474147342553e-08,
    1.2152367112605589e-08,
    8.587403677040584e-09
  ],
  "test_loss": [
    1216.3646240234375,
    953.6004028320312,
    656.7288208007812,
    375.03533935546875,
    160.47210693359375,
    64.13854217529297,
    31.954832077026367,
    15.049555778503418,
    7.007420063018799,
    3.7218663692474365,
    2.1204023361206055,
    1.2816649675369263,
    0.8309134840965271,
    0.511254608631134,
    0.31411781907081604,
    0.19630910456180573,
    0.13007497787475586,
    0.08431673049926758,
    0.05326240137219429,
    0.03584032505750656,
    0.02308236062526703,
    0.015078936703503132,
    0.010167306289076805,
    0.006437323987483978,
    0.004028741270303726,
    0.002756282454356551,
    0.0018400433473289013,
    0.0010668280301615596,
    0.0007191870827227831,
    0.0004821593756787479,
    0.0003157065366394818,
    0.00020944558491464704,
    0.0001369996025459841,
    9.388082253281027e-05,
    5.84921108384151e-05,
    3.8346308429026976e-05,
    2.3667811547056772e-05,
    1.566746323078405e-05,
    1.0506724720471539e-05,
    6.627921266044723e-06,
    4.370443093648646e-06,
    3.0240530577430036e-06,
    2.018294026129297e-06,
    1.2725543001579354e-06,
    8.097701424958359e-07,
    5.187225724512246e-07,
    3.504034964407765e-07,
    2.2802053933901334e-07,
    1.512549943072372e-07,
    1.0773911185424367e-07,
    7.561034465197736e-08,
    5.407880721008951e-08,
    3.7189799684256286e-08,
    2.694051914886586e-08,
    2.035172386172235e-08,
    1.4562931305306392e-08,
    1.1248864062451958e-08,
    8.028393949643942e-09
  ],
  "trace_gradient_covariance": [
    770238.6875,
    716720.8125,
    745697.9375,
    646875.3125,
    375378.65625,
    170306.171875,
    88153.9375,
    42139.9375,
    19450.064453125,
    10286.927734375,
    5896.59326171875,
    3555.8896484375,
    2264.607666015625,
    1397.52978515625,
    861.0186767578125,
    550.2217407226562,
    366.6793212890625,
    235.9097442626953,
    148.66961669921875,
    101.52267456054688,
    65.49850463867188,
    42.79816436767578,
    28.81472396850586,
    18.63437843322754,
    11.849827766418457,
    7.932513236999512,
    5.263375282287598,
    3.109961986541748,
    2.061295509338379,
    1.3746589422225952,
    0.9201703667640686,
    0.6226600408554077,
    0.4153943955898285,
    0.2793220281600952,
    0.1726948320865631,
    0.10980716347694397,
    0.06799809634685516,
    0.04571337625384331,
    0.030860314145684242,
    0.01966909132897854,
    0.012755314819514751,
    0.008903970941901207,
    0.005865009967237711,
    0.0037668889854103327,
    0.002360690152272582,
    0.0015280109364539385,
    0.0010287886252626777,
    0.000678584910929203,
    0.0004454977170098573,
    0.0003171357966493815,
    0.00021959186415188015,
    0.0001590205793036148,
    0.00011063914280384779,
    7.936837209854275e-05,
    5.8398563851369545e-05,
    4.211003033560701e-05,
    3.3030082704499364e-05,
    2.3397529730573297e-05
  ],
  "trace_hessian_covariance": [
    48038952.0,
    8134687.0,
    16214667.0,
    62646716.0,
    75475232.0,
    42485072.0,
    23618920.0,
    11548301.0,
    5367008.0,
    2813934.0,
    1595206.25,
    953505.3125,
    601534.875,
    368556.875,
    225896.0625,
    144047.015625,
    95829.125,
    61452.16796875,
    38617.50390625,
    26353.697265625,
    17013.63671875,
    11118.662109375,
    7488.1328125,
    4846.42919921875,
    3087.78955078125,
    2059.578125,
    1368.685791015625,
    810.3301391601562,
    536.2557983398438,
    357.022705078125,
    239.00343322753906,
    161.69911193847656,
    108.07903289794922,
    72.59634399414062,
    44.87735366821289,
    28.53460693359375,
    17.67020606994629,
    11.881234169006348,
    8.021995544433594,
    5.11874532699585,
    3.3173604011535645,
    2.3148233890533447,
    1.5245821475982666,
    0.9797266125679016,
    0.6141818165779114,
    0.39743396639823914,
    0.26743990182876587,
    0.1765635758638382,
    0.11577104777097702,
    0.08243914693593979,
    0.05715043470263481,
    0.04143216833472252,
    0.028906675055623055,
    0.020689409226179123,
    0.0151900053024292,
    0.010963416658341885,
    0.008606553077697754,
    0.006099456921219826
  ],
  "grad_norm_squared": [
    128398.5859375,
    120744.265625,
    130840.59375,
    113987.109375,
    60151.0078125,
    24413.53515625,
    11675.4609375,
    5269.88720703125,
    2213.56884765625,
    1047.31103515625,
    560.592529296875,
    319.1486511230469,
    195.68785095214844,
    115.24309539794922,
    69.74366760253906,
    44.53978729248047,
    29.61163330078125,
    18.807748794555664,
    11.704877853393555,
    7.961515426635742,
    5.121909141540527,
    3.352649211883545,
    2.2620229721069336,
    1.4572339057922363,
    0.9376732110977173,
    0.6215078234672546,
    0.41337382793426514,
    0.2475391924381256,
    0.16191160678863525,
    0.10878158360719681,
    0.07222096621990204,
    0.048719845712184906,
    0.032971419394016266,
    0.02194024994969368,
    0.013603553175926208,
    0.008693289011716843,
    0.0053893947042524815,
    0.0035936753265559673,
    0.002419309224933386,
    0.0015435644891113043,
    0.0009985491633415222,
    0.0006977146258577704,
    0.0004601538530550897,
    0.000296044658171013,
    0.00018530039233155549,
    0.00011962985445279628,
    8.077036181930453e-05,
    5.402590613812208e-05,
    3.4907483495771885e-05,
    2.4881388526409864e-05,
    1.7236929124919698e-05,
    1.2486987543525174e-05,
    8.932638593250886e-06,
    6.241928076633485e-06,
    4.650959454011172e-06,
    3.3085127597587416e-06,
    2.593038516351953e-06,
    1.835264811234083e-06
  ]
}