{
  "step": [
    0,
    20,
    40,
    60,
    80,
    100,
    120,
    140,
    160,
    180,
    200,
    220,
    240,
    260,
    280,
    300,
    320,
    340,
    360,
    380,
    400,
    420,
    440,
    460,
    480,
    500,
    520,
    540,
    560,
    580,
    600,
    620,
    640,
    660,
    680,
    700,
    720,
    740,
    760,
    780,
    800,
    820,
    840,
    860,
    880,
    900,
    920,
    940,
    960,
    980,
    1000,
    1020,
    1040,
    1060,
    1080,
    1100,
    1120,
    1140
  ],
  "train_loss": [
    1061.919677734375,
    814.2810668945312,
    564.5130004882812,
    300.4343566894531,
    129.2859649658203,
    59.3431282043457,
    25.940736770629883,
    12.548050880432129,
    6.811654567718506,
    3.687631607055664,
    2.061347246170044,
    1.2849969863891602,
    0.8006137609481812,
    0.48189011216163635,
    0.32140493392944336,
    0.20393334329128265,
    0.13061979413032532,
    0.08350719511508942,
    0.054449595510959625,
    0.035095907747745514,
    0.02334611676633358,
    0.015588882379233837,
    0.009498056024312973,
    0.006457962095737457,
    0.0043282294645905495,
    0.0028568159323185682,
    0.001846626284532249,
    0.0012374022044241428,
    0.0007926595280878246,
    0.0005255957366898656,
    0.0003297096991445869,
    0.0002134092792402953,
    0.00013656275405082852,
    8.66772752488032e-05,
    5.630428495351225e-05,
    3.894859037245624e-05,
    2.586395748949144e-05,
    1.671831341809593e-05,
    1.0778871001093648e-05,
    6.849876626802143e-06,
    4.5427459554048255e-06,
    3.0475141556962626e-06,
    1.947300916071981e-06,
    1.1755313380490406e-06,
    7.544144864368718e-07,
    5.541099312722508e-07,
    3.707575615408132e-07,
    2.507233887172333e-07,
    1.7981754751872359e-07,
    1.1811667377514823e-07,
    7.912814936616996e-08,
    5.698406368992437e-08,
    4.0904321707557756e-08,
    2.88135826309599e-08,
    2.062630599652948e-08,
    1.5039246292758435e-08,
    1.1244868147741727e-08,
    8.752699898195715e-09
  ],
  "test_loss": [
    1217.871826171875,
    938.3859252929688,
    653.05126953125,
    342.0414733886719,
    139.87835693359375,
    61.602142333984375,
    26.699962615966797,
    12.884428024291992,
    6.877078533172607,
    3.7401695251464844,
    2.07207989692688,
    1.2725168466567993,
    0.7850430607795715,
    0.46816787123680115,
    0.311516135931015,
    0.20114728808403015,
    0.1254153847694397,
    0.07969965040683746,
    0.052148912101984024,
    0.03351574391126633,
    0.022359400987625122,
    0.014754494652152061,
    0.009000848978757858,
    0.00609762966632843,
    0.0040680537931621075,
    0.0027060620486736298,
    0.0017627340275794268,
    0.0011762571521103382,
    0.0007406761287711561,
    0.00048624142073094845,
    0.00030435030930675566,
    0.00019972030713688582,
    0.00012626693933270872,
    8.155179239111021e-05,
    5.2251372835598886e-05,
    3.5801302146865055e-05,
    2.3684751795371994e-05,
    1.5362138583441265e-05,
    9.772676094144117e-06,
    6.41184851701837e-06,
    4.249243374943035e-06,
    2.892913471441716e-06,
    1.8378794948148425e-06,
    1.1075248949055094e-06,
    7.016365088929888e-07,
    5.097305688650522e-07,
    3.419621634748182e-07,
    2.3544863836377772e-07,
    1.6769520527759596e-07,
    1.096058852567694e-07,
    7.248368660839333e-08,
    5.2637830094681703e-08,
    3.767670619936325e-08,
    2.6678087294840225e-08,
    1.8872274409886813e-08,
    1.3943992627218904e-08,
    1.0400446726066548e-08,
    8.192536427031882e-09
  ],
  "trace_gradient_covariance": [
    773932.5625,
    707048.125,
    744865.8125,
    626847.625,
    336571.15625,
    164416.625,
    74150.59375,
    36254.48046875,
    19400.232421875,
    10243.9189453125,
    5643.71728515625,
    3478.8662109375,
    2149.1025390625,
    1292.2264404296875,
    860.972900390625,
    549.013671875,
    350.1165771484375,
    224.42282104492188,
    147.46327209472656,
    94.74481964111328,
    62.75355529785156,
    41.9930419921875,
    25.612525939941406,
    17.337953567504883,
    11.705306053161621,
    7.769712448120117,
    5.022373199462891,
    3.3821890354156494,
    2.1481761932373047,
    1.423665165901184,
    0.8959400057792664,
    0.5807111859321594,
    0.37203872203826904,
    0.23439781367778778,
    0.15291263163089752,
    0.10580848902463913,
    0.07021356374025345,
    0.04534619301557541,
    0.029236577451229095,
    0.018627718091011047,
    0.012372693978250027,
    0.008306282572448254,
    0.005315034184604883,
    0.0031954096630215645,
    0.0020546342711895704,
    0.0015050237998366356,
    0.0010058758780360222,
    0.0006816052482463419,
    0.0004892646102234721,
    0.00032146211015060544,
    0.00021463361917994916,
    0.0001550276210764423,
    0.00011104324948973954,
    7.819913298590109e-05,
    5.623379911412485e-05,
    4.089073263457976e-05,
    3.0518385756295174e-05,
    2.3847314878366888e-05
  ],
  "trace_hessian_covariance": [
    48978368.0,
    5446967.5,
    15556521.0,
    70065096.0,
    70635576.0,
    41201812.0,
    20077392.0,
    10104124.0,
    5383890.0,
    2786669.25,
    1519134.375,
    927417.75,
    569294.375,
    339789.96875,
    225288.046875,
    143248.734375,
    91122.9609375,
    58363.44921875,
    38387.546875,
    24614.064453125,
    16286.970703125,
    10904.56640625,
    6648.03125,
    4502.5068359375,
    3041.197998046875,
    2019.845703125,
    1306.712646484375,
    880.72607421875,
    558.2581787109375,
    370.063232421875,
    232.9310760498047,
    150.79916381835938,
    96.62019348144531,
    60.85760498046875,
    39.72690963745117,
    27.537084579467773,
    18.27394676208496,
    11.821410179138184,
    7.618618488311768,
    4.842395782470703,
    3.216188669204712,
    2.1584513187408447,
    1.3797186613082886,
    0.8294045925140381,
    0.5342621803283691,
    0.3917916417121887,
    0.2617211937904358,
    0.17726200819015503,
    0.12729661166667938,
    0.08364742249250412,
    0.05589548870921135,
    0.040354494005441666,
    0.028879575431346893,
    0.020335955545306206,
    0.014659958891570568,
    0.010652434080839157,
    0.007951352745294571,
    0.006216828711330891
  ],
  "grad_norm_squared": [
    129048.9375,
    119225.40625,
    130100.6640625,
    109555.2734375,
    53771.2734375,
    23718.33984375,
    9699.900390625,
    4446.4697265625,
    2221.73046875,
    1066.142578125,
    543.6016235351562,
    312.9913635253906,
    191.23033142089844,
    107.26925659179688,
    69.46723937988281,
    44.27698516845703,
    27.628021240234375,
    17.652198791503906,
    11.645322799682617,
    7.410247802734375,
    4.9420576095581055,
    3.2933521270751953,
    2.008240222930908,
    1.3921926021575928,
    0.9160082936286926,
    0.6091679930686951,
    0.39630943536758423,
    0.2679536044597626,
    0.1683291792869568,
    0.1118769496679306,
    0.07017064094543457,
    0.045564278960227966,
    0.02922947332262993,
    0.018679961562156677,
    0.01198597252368927,
    0.008322831243276596,
    0.0055396887473762035,
    0.0036293119192123413,
    0.002353252610191703,
    0.0014727781526744366,
    0.0009708657162263989,
    0.0006584860384464264,
    0.00042601863970048726,
    0.00025443590129725635,
    0.00016101158689707518,
    0.00011862605606438592,
    7.934747554827482e-05,
    5.356669134926051e-05,
    3.8487785786855966e-05,
    2.517475513741374e-05,
    1.7018835933413357e-05,
    1.2155290278315078e-05,
    8.74086435942445e-06,
    6.157747066026786e-06,
    4.4241564864933025e-06,
    3.208788712072419e-06,
    2.4100875180010917e-06,
    1.868899971668725e-06
  ]
}