{
  "step": [
    0,
    20,
    40,
    60,
    80,
    100,
    120,
    140,
    160,
    180,
    200,
    220,
    240,
    260,
    280,
    300,
    320,
    340,
    360,
    380,
    400,
    420,
    440,
    460,
    480,
    500,
    520,
    540,
    560,
    580,
    600,
    620,
    640,
    660,
    680,
    700,
    720,
    740,
    760,
    780,
    800,
    820,
    840,
    860,
    880,
    900,
    920,
    940,
    960,
    980,
    1000,
    1020,
    1040,
    1060,
    1080,
    1100,
    1120,
    1140
  ],
  "train_loss": [
    1060.385986328125,
    816.8426513671875,
    575.0940551757812,
    313.624755859375,
    141.1303253173828,
    59.70048522949219,
    28.429567337036133,
    14.067424774169922,
    7.013121604919434,
    3.6970624923706055,
    2.083822250366211,
    1.1476860046386719,
    0.7312206625938416,
    0.4923701882362366,
    0.32027891278266907,
    0.20240284502506256,
    0.12976481020450592,
    0.08137668669223785,
    0.056239672005176544,
    0.03621063008904457,
    0.023706575855612755,
    0.015093651600182056,
    0.010544031858444214,
    0.006817500106990337,
    0.004179640207439661,
    0.0027775890193879604,
    0.0017108367756009102,
    0.0011683313641697168,
    0.0007203386048786342,
    0.0004864936345256865,
    0.00032898777863010764,
    0.0002258066087961197,
    0.00014236899733077735,
    9.108630911214277e-05,
    5.7657041907077655e-05,
    3.830021887551993e-05,
    2.6771440388984047e-05,
    1.7758742615114897e-05,
    1.0995291631843429e-05,
    6.768333605577936e-06,
    4.534431354841217e-06,
    2.941676257250947e-06,
    2.068102276098216e-06,
    1.3184109093344887e-06,
    7.991183110789279e-07,
    5.364636308513582e-07,
    3.708885287778685e-07,
    2.3634980550468754e-07,
    1.6037441241678607e-07,
    1.1237970198862968e-07,
    7.606342222743478e-08,
    5.704245964466281e-08,
    4.169212886040441e-08,
    2.8616756964083834e-08,
    2.1122017912489355e-08,
    1.4985186425064967e-08,
    1.129594995319394e-08,
    8.492091474465724e-09
  ],
  "test_loss": [
    1216.104248046875,
    937.9542846679688,
    659.4110107421875,
    354.5807189941406,
    152.13072204589844,
    62.15603256225586,
    29.257497787475586,
    14.302179336547852,
    7.158720970153809,
    3.7318599224090576,
    2.07246732711792,
    1.1319122314453125,
    0.7114813923835754,
    0.47116875648498535,
    0.3102222979068756,
    0.1988816261291504,
    0.12463083118200302,
    0.07738867402076721,
    0.05331667512655258,
    0.03485332801938057,
    0.02264326997101307,
    0.014427244663238525,
    0.010190797038376331,
    0.006557507440447807,
    0.003899632254615426,
    0.0025882406625896692,
    0.0016073461156338453,
    0.0010642827255651355,
    0.0006849614437669516,
    0.00045409330050460994,
    0.0003086416400037706,
    0.00020595786918420345,
    0.0001302951277466491,
    8.375616016564891e-05,
    5.434997729025781e-05,
    3.6062079743715e-05,
    2.541837420722004e-05,
    1.710161814116873e-05,
    1.0270374332321808e-05,
    6.301001121755689e-06,
    4.197247562842676e-06,
    2.7571754799282644e-06,
    1.9294222965982044e-06,
    1.2233909956194111e-06,
    7.52262224068545e-07,
    4.956490897711774e-07,
    3.477969130472047e-07,
    2.2142234001876204e-07,
    1.4971848827372014e-07,
    1.0371012137966318e-07,
    6.997393597885093e-08,
    5.3297071644919924e-08,
    3.902822953705254e-08,
    2.659455056175375e-08,
    1.969235441379169e-08,
    1.373318347930308e-08,
    1.0270270855983199e-08,
    7.83259057612895e-09
  ],
  "trace_gradient_covariance": [
    775102.625,
    714283.6875,
    746014.625,
    638703.75,
    362836.4375,
    165177.03125,
    81618.1015625,
    40319.03125,
    19729.533203125,
    10270.6884765625,
    5724.2646484375,
    3115.709716796875,
    1973.1907958984375,
    1326.8868408203125,
    861.4351806640625,
    543.87109375,
    347.2625427246094,
    217.4412384033203,
    151.3386688232422,
    98.10139465332031,
    63.95376968383789,
    40.68197250366211,
    28.464590072631836,
    18.47862434387207,
    11.328545570373535,
    7.522735118865967,
    4.617955207824707,
    3.1685938835144043,
    1.9610320329666138,
    1.3202048540115356,
    0.8942493200302124,
    0.6116940975189209,
    0.38543036580085754,
    0.24778321385383606,
    0.1566857099533081,
    0.10433197766542435,
    0.07307562232017517,
    0.048626843839883804,
    0.02990950457751751,
    0.018391011282801628,
    0.012313112616539001,
    0.00801833439618349,
    0.005608461331576109,
    0.003580863121896982,
    0.0021713380701839924,
    0.0014575966633856297,
    0.0010116123594343662,
    0.0006427164771594107,
    0.0004364433989394456,
    0.00030434259679168463,
    0.00020659137226175517,
    0.00015469372738152742,
    0.00011375224130460992,
    7.776743586873636e-05,
    5.748696275986731e-05,
    4.0741095290286466e-05,
    3.0648840038338676e-05,
    2.3088538000592962e-05
  ],
  "trace_hessian_covariance": [
    48773836.0,
    6265903.0,
    13551838.0,
    64021268.0,
    73118320.0,
    41332680.0,
    22049044.0,
    11124022.0,
    5424477.0,
    2799943.0,
    1543241.5,
    830191.8125,
    522464.09375,
    350039.28125,
    225814.1875,
    141804.015625,
    90335.734375,
    56490.40234375,
    39263.02734375,
    25487.66015625,
    16615.458984375,
    10561.828125,
    7388.65234375,
    4799.1025390625,
    2948.505126953125,
    1956.313720703125,
    1199.016845703125,
    824.2064819335938,
    509.68621826171875,
    343.3281555175781,
    232.5541229248047,
    159.40809631347656,
    100.22467041015625,
    64.48028564453125,
    40.70028305053711,
    27.116697311401367,
    19.00751495361328,
    12.647855758666992,
    7.773555755615234,
    4.778998374938965,
    3.201005458831787,
    2.0852484703063965,
    1.4600399732589722,
    0.931808590888977,
    0.5647351145744324,
    0.37892645597457886,
    0.26305708289146423,
    0.1669408082962036,
    0.11347563564777374,
    0.07911940664052963,
    0.053758710622787476,
    0.04022138565778732,
    0.02962251752614975,
    0.020232338458299637,
    0.01497150119394064,
    0.0106195705011487,
    0.008009163662791252,
    0.006025166716426611
  ],
  "grad_norm_squared": [
    129159.0390625,
    120670.6484375,
    130485.7265625,
    114237.453125,
    59323.140625,
    23663.30859375,
    10988.2958984375,
    5123.26123046875,
    2277.1513671875,
    1077.080078125,
    546.2849731445312,
    281.80133056640625,
    171.83004760742188,
    111.620361328125,
    71.12871551513672,
    43.814697265625,
    27.562957763671875,
    17.35824203491211,
    11.781970977783203,
    7.725508689880371,
    5.0228271484375,
    3.1982855796813965,
    2.256326675415039,
    1.4589340686798096,
    0.8927944898605347,
    0.5915966629981995,
    0.36452314257621765,
    0.2512785792350769,
    0.15436306595802307,
    0.1035332977771759,
    0.07010431587696075,
    0.04920803755521774,
    0.03056413307785988,
    0.01948028802871704,
    0.012324962764978409,
    0.008196302689611912,
    0.00578097440302372,
    0.003944650292396545,
    0.0023446413688361645,
    0.001441561384126544,
    0.0009676776826381683,
    0.0006311642937362194,
    0.00044389624963514507,
    0.00028127350378781557,
    0.00017130996275227517,
    0.00011434000043664128,
    7.95078813098371e-05,
    5.079856055090204e-05,
    3.419087443035096e-05,
    2.410624801996164e-05,
    1.628495920158457e-05,
    1.2186954336357303e-05,
    8.949370567279402e-06,
    6.095655407989398e-06,
    4.504296612140024e-06,
    3.2051857488113455e-06,
    2.4859423319867346e-06,
    1.8253010694024852e-06
  ]
}