{
  "step": [
    0,
    20,
    40,
    60,
    80,
    100,
    120,
    140,
    160,
    180,
    200,
    220,
    240,
    260,
    280,
    300,
    320,
    340,
    360,
    380,
    400,
    420,
    440,
    460,
    480,
    500,
    520,
    540,
    560,
    580,
    600,
    620,
    640,
    660,
    680,
    700,
    720,
    740,
    760,
    780,
    800,
    820,
    840,
    860,
    880,
    900,
    920,
    940,
    960,
    980,
    1000,
    1020,
    1040,
    1060,
    1080,
    1100,
    1120,
    1140
  ],
  "train_loss": [
    1063.767333984375,
    803.199951171875,
    548.6242065429688,
    315.90557861328125,
    142.73585510253906,
    60.801109313964844,
    26.315637588500977,
    11.955159187316895,
    5.992496490478516,
    3.456766366958618,
    2.0775506496429443,
    1.2479829788208008,
    0.7941602468490601,
    0.49529218673706055,
    0.2925466299057007,
    0.20403629541397095,
    0.13064514100551605,
    0.08375191688537598,
    0.053505681455135345,
    0.03680214658379555,
    0.024079011753201485,
    0.015691783279180527,
    0.009849250316619873,
    0.006119656376540661,
    0.004297392908483744,
    0.0028190098237246275,
    0.0019406196661293507,
    0.0012976391008123755,
    0.0008361273794434965,
    0.0005354778259061277,
    0.0003370525664649904,
    0.0002206465433118865,
    0.0001470975112169981,
    9.363406570628285e-05,
    6.410752394003794e-05,
    3.9348280552076176e-05,
    2.5712304704939015e-05,
    1.816616531868931e-05,
    1.1256447578489315e-05,
    7.518335223721806e-06,
    4.662073024519486e-06,
    3.2062409900390776e-06,
    2.096458274536417e-06,
    1.3377965615291032e-06,
    8.264764232990274e-07,
    5.532537556973693e-07,
    3.696612225212448e-07,
    2.5946008008759236e-07,
    1.756975080979828e-07,
    1.1869531135744182e-07,
    8.010309926476111e-08,
    5.9389439144297285e-08,
    3.9476280022654464e-08,
    2.8866709911312682e-08,
    2.091176831697794e-08,
    1.526367476856194e-08,
    1.1956894141462726e-08,
    9.355662911048057e-09
  ],
  "test_loss": [
    1220.44677734375,
    922.9249267578125,
    626.2093505859375,
    357.40252685546875,
    155.42630004882812,
    63.23261260986328,
    26.840469360351562,
    12.257575035095215,
    6.027254104614258,
    3.4614932537078857,
    2.081939935684204,
    1.2532081604003906,
    0.7969169020652771,
    0.4965057671070099,
    0.28422755002975464,
    0.19544368982315063,
    0.12502792477607727,
    0.08014411479234695,
    0.05162142589688301,
    0.03523434326052666,
    0.02267986349761486,
    0.014906941913068295,
    0.00935905147343874,
    0.005798261146992445,
    0.003985478077083826,
    0.002630919683724642,
    0.0018150978721678257,
    0.0012037194101139903,
    0.0007821598555892706,
    0.0005007804720662534,
    0.0003114470455329865,
    0.00020220477017574012,
    0.00013552489690482616,
    8.641675231046975e-05,
    5.997337575536221e-05,
    3.691238453029655e-05,
    2.3803420845069923e-05,
    1.6568095816182904e-05,
    1.0270758139085956e-05,
    6.988456334511284e-06,
    4.4711787268170156e-06,
    3.078719601035118e-06,
    1.946424617926823e-06,
    1.2493098893173737e-06,
    7.617946380378271e-07,
    5.16611066814221e-07,
    3.44114027939213e-07,
    2.3836237517116388e-07,
    1.6389914492265234e-07,
    1.110932501546813e-07,
    7.478561059315325e-08,
    5.604329800235064e-08,
    3.671667414550939e-08,
    2.663009013303963e-08,
    1.922550829647207e-08,
    1.4122790936710317e-08,
    1.0915217174556346e-08,
    8.530848916166178e-09
  ],
  "trace_gradient_covariance": [
    775533.9375,
    718353.25,
    746787.0,
    640311.8125,
    361562.4375,
    167976.609375,
    75616.9609375,
    34267.2734375,
    16886.083984375,
    9651.349609375,
    5710.287109375,
    3392.55078125,
    2148.265380859375,
    1328.4312744140625,
    784.3762817382812,
    549.2032470703125,
    353.61627197265625,
    225.15652465820312,
    144.0858154296875,
    99.20761108398438,
    64.90713500976562,
    42.1890754699707,
    26.603227615356445,
    16.525554656982422,
    11.650492668151855,
    7.642368316650391,
    5.28021240234375,
    3.51031494140625,
    2.2557694911956787,
    1.4518388509750366,
    0.9153931140899658,
    0.5982908010482788,
    0.4008727967739105,
    0.2545260787010193,
    0.17489665746688843,
    0.10677862912416458,
    0.06959400326013565,
    0.0490960069000721,
    0.030517397448420525,
    0.020501820370554924,
    0.01272553764283657,
    0.008738923817873001,
    0.005695252679288387,
    0.0036374314222484827,
    0.002246113494038582,
    0.001504946150816977,
    0.0010083134984597564,
    0.0007035299204289913,
    0.00047507640556432307,
    0.00032212454243563116,
    0.00021806209406349808,
    0.00016221392434090376,
    0.00010740891593741253,
    7.847997039789334e-05,
    5.6831711845006794e-05,
    4.150081076659262e-05,
    3.2515610655536875e-05,
    2.5488046958344057e-05
  ],
  "trace_hessian_covariance": [
    49577264.0,
    6262175.0,
    18937788.0,
    65087916.0,
    71750128.0,
    41857320.0,
    20459668.0,
    9503852.0,
    4660774.5,
    2642668.75,
    1539389.5,
    904777.3125,
    569012.3125,
    349112.875,
    205322.5625,
    143702.921875,
    92423.3671875,
    58615.31640625,
    37446.3125,
    25782.234375,
    16863.771484375,
    10942.1484375,
    6904.07470703125,
    4289.400390625,
    3027.757568359375,
    1986.8050537109375,
    1374.58935546875,
    912.2401733398438,
    586.4315795898438,
    377.2189025878906,
    237.94369506835938,
    155.6081085205078,
    104.18035888671875,
    66.12809753417969,
    45.44826126098633,
    27.748367309570312,
    18.11686897277832,
    12.80625057220459,
    7.948906898498535,
    5.333439350128174,
    3.308323383331299,
    2.2718076705932617,
    1.4798619747161865,
    0.9464185237884521,
    0.5846356749534607,
    0.39106079936027527,
    0.262418270111084,
    0.18312272429466248,
    0.12350739538669586,
    0.08369684219360352,
    0.05667070671916008,
    0.04218562692403793,
    0.027932830154895782,
    0.020425891503691673,
    0.014804137870669365,
    0.010804845951497555,
    0.008470943197607994,
    0.006649957038462162
  ],
  "grad_norm_squared": [
    129197.265625,
    122000.03125,
    132074.984375,
    113755.5625,
    58475.7578125,
    24192.9921875,
    10008.546875,
    4157.5517578125,
    1882.1484375,
    999.8570556640625,
    545.32421875,
    306.51214599609375,
    189.87103271484375,
    112.70307159423828,
    63.54530334472656,
    43.75569152832031,
    28.112384796142578,
    17.714332580566406,
    11.334692001342773,
    7.774998188018799,
    5.074094295501709,
    3.3299291133880615,
    2.0838987827301025,
    1.2961974143981934,
    0.911687433719635,
    0.5984482765197754,
    0.4157007932662964,
    0.27665233612060547,
    0.17937205731868744,
    0.11382073163986206,
    0.07164327055215836,
    0.047264374792575836,
    0.03137093037366867,
    0.01991642825305462,
    0.013733020052313805,
    0.008386930450797081,
    0.005536753684282303,
    0.0040365587919950485,
    0.0024345903657376766,
    0.0016071274876594543,
    0.001017675967887044,
    0.0006972912233322859,
    0.00044648462790064514,
    0.00028570787981152534,
    0.00017691288667265326,
    0.00011801118671428412,
    7.913653826108202e-05,
    5.576447074417956e-05,
    3.779005055548623e-05,
    2.5423994884476997e-05,
    1.7110291082644835e-05,
    1.2796024748240598e-05,
    8.422761311521754e-06,
    6.172795565362321e-06,
    4.476080903259572e-06,
    3.2540988286200445e-06,
    2.560307621024549e-06,
    2.009882109632599e-06
  ]
}