{
  "step": [
    0,
    20,
    40,
    60,
    80,
    100,
    120,
    140,
    160,
    180,
    200,
    220,
    240,
    260,
    280,
    300,
    320,
    340,
    360,
    380,
    400,
    420,
    440,
    460,
    480,
    500,
    520,
    540,
    560,
    580,
    600,
    620,
    640,
    660,
    680,
    700,
    720,
    740,
    760,
    780,
    800,
    820,
    840,
    860,
    880,
    900,
    920,
    940,
    960,
    980,
    1000,
    1020,
    1040,
    1060,
    1080,
    1100,
    1120,
    1140
  ],
  "train_loss": [
    1062.531982421875,
    815.5953979492188,
    542.1082153320312,
    306.0791931152344,
    131.00704956054688,
    60.06772232055664,
    27.53801155090332,
    12.914544105529785,
    6.816739082336426,
    3.584134340286255,
    2.0383338928222656,
    1.227656364440918,
    0.7711186408996582,
    0.47630682587623596,
    0.31455349922180176,
    0.2043571025133133,
    0.12434595823287964,
    0.08373468369245529,
    0.054998815059661865,
    0.038279831409454346,
    0.023059744387865067,
    0.015271727927029133,
    0.009740786626935005,
    0.006767921149730682,
    0.004306367598474026,
    0.002798313507810235,
    0.0017884830012917519,
    0.0011897942749783397,
    0.0008222813485190272,
    0.0005036057555116713,
    0.0003229810972698033,
    0.00020074388885404915,
    0.00012863324081990868,
    8.814923785394058e-05,
    5.5941676691873e-05,
    3.815436866716482e-05,
    2.435596070426982e-05,
    1.6311309082084335e-05,
    1.0549653779889923e-05,
    7.034297141217394e-06,
    4.425869974511443e-06,
    2.8879035198769998e-06,
    1.9142471501254477e-06,
    1.2232716244398034e-06,
    8.259098649432417e-07,
    5.452909590530908e-07,
    3.3028754842234775e-07,
    2.1909823999521905e-07,
    1.5363269767476595e-07,
    1.1018346413038671e-07,
    7.866680817869565e-08,
    5.52625607497248e-08,
    4.107135964659392e-08,
    2.996472758809432e-08,
    1.98785059524198e-08,
    1.484626910297493e-08,
    1.1078950201692805e-08,
    8.405061535654568e-09
  ],
  "test_loss": [
    1218.558837890625,
    940.42431640625,
    622.246337890625,
    344.1474914550781,
    141.9383544921875,
    62.5530891418457,
    28.07384490966797,
    13.091316223144531,
    6.9186882972717285,
    3.6552560329437256,
    2.0419280529022217,
    1.2200392484664917,
    0.764197051525116,
    0.469200998544693,
    0.30513277649879456,
    0.19756892323493958,
    0.11907626688480377,
    0.08007430285215378,
    0.05149250105023384,
    0.036671292036771774,
    0.02202182076871395,
    0.014565663412213326,
    0.009276078082621098,
    0.006442912854254246,
    0.0040482887998223305,
    0.0026171819772571325,
    0.0016284679295495152,
    0.0010905660456046462,
    0.0007717000553384423,
    0.00047512605669908226,
    0.0003040969604626298,
    0.00019209278980270028,
    0.0001226946187671274,
    8.203602192224935e-05,
    5.159513239050284e-05,
    3.5407694667810574e-05,
    2.2940599592402577e-05,
    1.5236283616104629e-05,
    9.736691936268471e-06,
    6.587257757928455e-06,
    4.075895049027167e-06,
    2.679943008843111e-06,
    1.8109188886228367e-06,
    1.1463177997939056e-06,
    7.604997449561779e-07,
    4.979534082849568e-07,
    3.080795352161658e-07,
    2.0065220951437368e-07,
    1.4086745636632259e-07,
    1.0132825423170289e-07,
    7.303319904394812e-08,
    5.1638266995723825e-08,
    3.853383745422434e-08,
    2.786709885072014e-08,
    1.8427016357236425e-08,
    1.3735657944380364e-08,
    1.0213711654216695e-08,
    7.699918036507825e-09
  ],
  "trace_gradient_covariance": [
    775166.0,
    718739.75,
    747370.75,
    629583.0,
    342183.125,
    165887.328125,
    78491.578125,
    36931.50390625,
    19309.09375,
    9987.5263671875,
    5584.62646484375,
    3323.175048828125,
    2075.686767578125,
    1280.16357421875,
    843.3350219726562,
    548.9669189453125,
    332.8313293457031,
    223.93031311035156,
    148.65167236328125,
    103.43685913085938,
    62.141170501708984,
    41.22247314453125,
    26.194684982299805,
    18.234373092651367,
    11.643712043762207,
    7.584652900695801,
    4.859221935272217,
    3.231565475463867,
    2.240345001220703,
    1.3662877082824707,
    0.8749634623527527,
    0.5447896718978882,
    0.3492857813835144,
    0.23896761238574982,
    0.15185785293579102,
    0.10364013910293579,
    0.06644751131534576,
    0.04417826980352402,
    0.028554968535900116,
    0.019066285341978073,
    0.012065024115145206,
    0.007829137146472931,
    0.0052106305956840515,
    0.0033150650560855865,
    0.002244980540126562,
    0.001488776644691825,
    0.0009017562842927873,
    0.0005959247355349362,
    0.0004165561404079199,
    0.00030066980980336666,
    0.00021385954460129142,
    0.00015025936590973288,
    0.00011175886174896732,
    8.150448411470279e-05,
    5.391307422542013e-05,
    4.030051422887482e-05,
    3.0162036637193523e-05,
    2.2940208509680815e-05
  ],
  "trace_hessian_covariance": [
    49149348.0,
    7626189.0,
    20009076.0,
    68636256.0,
    71899584.0,
    41461652.0,
    21095204.0,
    10152896.0,
    5327153.5,
    2725093.0,
    1505486.875,
    885526.6875,
    549003.8125,
    336485.65625,
    220682.3125,
    143434.28125,
    86709.78125,
    58274.4921875,
    38737.546875,
    26906.796875,
    16139.48046875,
    10709.8037109375,
    6805.59716796875,
    4737.08544921875,
    3024.153076171875,
    1971.9820556640625,
    1265.1827392578125,
    839.7742309570312,
    581.9930419921875,
    355.0830993652344,
    227.38424682617188,
    141.5579071044922,
    90.78521728515625,
    62.16367721557617,
    39.524288177490234,
    26.941802978515625,
    17.28614616394043,
    11.489773750305176,
    7.429304122924805,
    4.956140041351318,
    3.1388661861419678,
    2.0347976684570312,
    1.3541626930236816,
    0.8614591956138611,
    0.5838676691055298,
    0.38786837458610535,
    0.23461781442165375,
    0.1550072729587555,
    0.10837424546480179,
    0.07831363379955292,
    0.0556441992521286,
    0.03912439942359924,
    0.029103746637701988,
    0.02123407833278179,
    0.014045205898582935,
    0.010500386357307434,
    0.007867041975259781,
    0.005986100994050503
  ],
  "grad_norm_squared": [
    129120.390625,
    120401.2578125,
    131604.21875,
    110429.609375,
    54950.76171875,
    23847.73828125,
    10537.1767578125,
    4580.31591796875,
    2189.29443359375,
    1046.1424560546875,
    537.4908447265625,
    297.75946044921875,
    180.88470458984375,
    106.59053802490234,
    68.11750793457031,
    44.5198860168457,
    26.827228546142578,
    18.028133392333984,
    11.76172924041748,
    8.15234661102295,
    4.86865758895874,
    3.2291369438171387,
    2.0765421390533447,
    1.43929922580719,
    0.9116650819778442,
    0.5930749773979187,
    0.3847671151161194,
    0.25280332565307617,
    0.17568953335285187,
    0.1071871966123581,
    0.06880056858062744,
    0.0433155857026577,
    0.027739230543375015,
    0.018786996603012085,
    0.011960266157984734,
    0.008117571473121643,
    0.005222436506301165,
    0.003482651896774769,
    0.002264331327751279,
    0.0015015923418104649,
    0.0009446544572710991,
    0.0006160899065434933,
    0.00041219883132725954,
    0.00026184500893577933,
    0.00017684241174720228,
    0.00011760534107452258,
    7.075627218000591e-05,
    4.6847344492562115e-05,
    3.289210144430399e-05,
    2.3612512450199574e-05,
    1.6750393115216866e-05,
    1.1813304809038527e-05,
    8.768674888415262e-06,
    6.410640253307065e-06,
    4.2477504393900745e-06,
    3.173021468683146e-06,
    2.3685238375037443e-06,
    1.8052543282465194e-06
  ]
}