{
  "step": [
    0,
    20,
    40,
    60,
    80,
    100,
    120,
    140,
    160,
    180,
    200,
    220,
    240,
    260,
    280,
    300,
    320,
    340,
    360,
    380,
    400,
    420,
    440,
    460,
    480,
    500,
    520,
    540,
    560,
    580,
    600,
    620,
    640,
    660,
    680,
    700,
    720,
    740,
    760,
    780,
    800,
    820,
    840,
    860,
    880,
    900,
    920,
    940,
    960,
    980,
    1000,
    1020,
    1040,
    1060,
    1080,
    1100,
    1120,
    1140,
    1160,
    1180,
    1200,
    1220,
    1240,
    1260,
    1280,
    1300,
    1320,
    1340,
    1360,
    1380,
    1400,
    1420,
    1440,
    1460,
    1480,
    1500,
    1520,
    1540,
    1560,
    1580,
    1600,
    1620,
    1640,
    1660,
    1680,
    1700,
    1720,
    1740,
    1760,
    1780,
    1800,
    1820,
    1840,
    1860,
    1880,
    1900,
    1920,
    1940,
    1960,
    1980
  ],
  "train_loss": [
    1065.5855712890625,
    989.8219604492188,
    911.4929809570312,
    802.9576416015625,
    667.6817016601562,
    550.1077270507812,
    443.39007568359375,
    372.8152770996094,
    312.8592529296875,
    237.64263916015625,
    164.73504638671875,
    99.51458740234375,
    55.4178352355957,
    23.619665145874023,
    12.489728927612305,
    7.521531105041504,
    5.004876613616943,
    3.6436400413513184,
    2.7641735076904297,
    2.173030138015747,
    1.7609347105026245,
    1.444441318511963,
    1.1332911252975464,
    0.9393515586853027,
    0.7716875672340393,
    0.6277304291725159,
    0.5057915449142456,
    0.4115442633628845,
    0.32791978120803833,
    0.26450735330581665,
    0.20597118139266968,
    0.16289833188056946,
    0.12648805975914001,
    0.09957839548587799,
    0.07824167609214783,
    0.06387542933225632,
    0.0506557933986187,
    0.0398506224155426,
    0.030970793217420578,
    0.023932555690407753,
    0.018669694662094116,
    0.014777583070099354,
    0.011192229576408863,
    0.008342615328729153,
    0.006418876349925995,
    0.005332823842763901,
    0.004161967895925045,
    0.003238464007154107,
    0.0025842830073088408,
    0.001964232185855508,
    0.0014916701475158334,
    0.00117903808131814,
    0.0009190782438963652,
    0.0007046593236736953,
    0.0005363579839468002,
    0.00041404590592719615,
    0.00031744816806167364,
    0.0002500901755411178,
    0.00019237416563555598,
    0.00014652297249995172,
    0.00011290068505331874,
    8.538718975614756e-05,
    6.478330033132806e-05,
    4.8761208745418116e-05,
    3.87385007343255e-05,
    3.145576556562446e-05,
    2.2960342903388664e-05,
    1.7789381672628224e-05,
    1.3624554412672296e-05,
    1.1065256330766715e-05,
    8.598358363087755e-06,
    6.942746040294878e-06,
    5.153783604328055e-06,
    4.004188667749986e-06,
    3.0149078611430014e-06,
    2.3712289021204924e-06,
    1.919876467582071e-06,
    1.5116471558940248e-06,
    1.170158952845668e-06,
    8.844257308737724e-07,
    6.582665150745015e-07,
    5.038142489866004e-07,
    3.997130590960296e-07,
    3.1485518547924585e-07,
    2.396694185335946e-07,
    1.8308155347313004e-07,
    1.444887942625428e-07,
    1.1471784233663129e-07,
    9.025438885146286e-08,
    7.207940200260055e-08,
    5.6198867781631634e-08,
    4.623605320830393e-08,
    3.6065525677031474e-08,
    2.824748435159563e-08,
    2.3773724322495582e-08,
    1.8782019495233726e-08,
    1.5463269775750632e-08,
    1.3598796755331932e-08,
    1.0942741823782853e-08,
    8.908727977541275e-09
  ],
  "test_loss": [
    1220.556884765625,
    1134.2501220703125,
    1045.0198974609375,
    917.93798828125,
    755.72265625,
    614.1763305664062,
    488.14544677734375,
    405.98724365234375,
    341.2892150878906,
    261.08563232421875,
    178.08041381835938,
    106.6351089477539,
    58.935142517089844,
    24.79449462890625,
    12.908935546875,
    7.722604751586914,
    5.050416946411133,
    3.6382663249969482,
    2.742818593978882,
    2.1426525115966797,
    1.733189582824707,
    1.4109832048416138,
    1.1039353609085083,
    0.9085158109664917,
    0.745810866355896,
    0.6093084812164307,
    0.4924015998840332,
    0.3993619978427887,
    0.3153262436389923,
    0.2525164484977722,
    0.19650375843048096,
    0.15680785477161407,
    0.12067362666130066,
    0.09623801708221436,
    0.07499456405639648,
    0.06067047268152237,
    0.04794866591691971,
    0.03773931413888931,
    0.029060563072562218,
    0.02300948090851307,
    0.017952099442481995,
    0.01439147349447012,
    0.010889111086726189,
    0.00809039082378149,
    0.006172003224492073,
    0.005060902796685696,
    0.003949912264943123,
    0.003124562557786703,
    0.002480670576915145,
    0.0018785273423418403,
    0.001413654419593513,
    0.0011250670067965984,
    0.0008740709163248539,
    0.0006739025702700019,
    0.0005074128275737166,
    0.0003948839439544827,
    0.00030212863930501044,
    0.00024063687305897474,
    0.00018101603200193495,
    0.00014013396867085248,
    0.00010808504157466814,
    8.151963993441314e-05,
    6.186021346366033e-05,
    4.6671470045112073e-05,
    3.672437378554605e-05,
    3.02339467452839e-05,
    2.2083740987000056e-05,
    1.710356809780933e-05,
    1.3006838344153948e-05,
    1.0637413652148098e-05,
    8.255679858848453e-06,
    6.654158823948819e-06,
    4.957083092449466e-06,
    3.837732947431505e-06,
    2.9143286610633368e-06,
    2.2611818621953717e-06,
    1.8291895003130776e-06,
    1.4355858866110793e-06,
    1.12418581466045e-06,
    8.543217973056016e-07,
    6.296597803157056e-07,
    4.83071119106171e-07,
    3.8030026416890905e-07,
    2.996597459059558e-07,
    2.3076398747434723e-07,
    1.7604617141842027e-07,
    1.3926552355769672e-07,
    1.1046925862956414e-07,
    8.635157655589865e-08,
    6.933229457217749e-08,
    5.349185272507384e-08,
    4.382845730788176e-08,
    3.45357733522178e-08,
    2.709468560624373e-08,
    2.297593582056834e-08,
    1.7994420176137282e-08,
    1.4894020239353267e-08,
    1.3094012096814822e-08,
    1.0421374874169942e-08,
    8.524441597046462e-09
  ],