{
  "step": [
    0,
    20,
    40,
    60,
    80,
    100,
    120,
    140,
    160,
    180,
    200,
    220,
    240,
    260,
    280,
    300,
    320,
    340,
    360,
    380,
    400,
    420,
    440,
    460,
    480,
    500,
    520,
    540,
    560,
    580,
    600,
    620,
    640,
    660,
    680,
    700,
    720,
    740,
    760,
    780,
    800,
    820,
    840,
    860,
    880,
    900,
    920,
    940,
    960,
    980,
    1000,
    1020,
    1040,
    1060,
    1080,
    1100,
    1120,
    1140,
    1160,
    1180,
    1200,
    1220,
    1240,
    1260,
    1280,
    1300,
    1320,
    1340,
    1360,
    1380,
    1400,
    1420,
    1440,
    1460,
    1480,
    1500,
    1520,
    1540,
    1560,
    1580,
    1600,
    1620,
    1640,
    1660,
    1680,
    1700,
    1720,
    1740,
    1760,
    1780,
    1800,
    1820,
    1840,
    1860,
    1880,
    1900,
    1920,
    1940,
    1960,
    1980
  ],
  "train_loss": [
    1063.0511474609375,
    986.0355834960938,
    895.1633911132812,
    787.0010375976562,
    682.9193725585938,
    549.157958984375,
    446.95977783203125,
    372.3544006347656,
    303.5380554199219,
    230.45419311523438,
    161.93922424316406,
    89.83981323242188,
    45.3912353515625,
    25.50345802307129,
    12.7543306350708,
    7.316415309906006,
    5.076152801513672,
    3.6074538230895996,
    2.7955334186553955,
    2.1908538341522217,
    1.8086835145950317,
    1.4566835165023804,
    1.1756138801574707,
    0.9646577835083008,
    0.7716882824897766,
    0.6386433243751526,
    0.5128453969955444,
    0.40441828966140747,
    0.3259085714817047,
    0.2651585340499878,
    0.21281698346138,
    0.16945688426494598,
    0.13665875792503357,
    0.10690571367740631,
    0.08297926187515259,
    0.06491386890411377,
    0.0496826097369194,
    0.0387735590338707,
    0.03103640116751194,
    0.023922689259052277,
    0.019002120941877365,
    0.014925271272659302,
    0.011446088552474976,
    0.009161179885268211,
    0.00690419739112258,
    0.005412382073700428,
    0.004185443744063377,
    0.003228347050026059,
    0.0024590601678937674,
    0.001973549136891961,
    0.0015119282761588693,
    0.001154881902039051,
    0.0009067296632565558,
    0.0007047111284919083,
    0.0005353840533643961,
    0.00041322578908875585,
    0.0003115014114882797,
    0.0002457878435961902,
    0.00018539513985160738,
    0.0001467202528147027,
    0.00011589071800699458,
    8.891578909242526e-05,
    7.094061584211886e-05,
    5.408913784776814e-05,
    3.9204656786751e-05,
    3.193797965650447e-05,
    2.5377275960636325e-05,
    1.9068180336034857e-05,
    1.4788502085139044e-05,
    1.1315133633615915e-05,
    8.756122952036094e-06,
    6.577457497769501e-06,
    5.256772965367418e-06,
    4.15855947721866e-06,
    3.2499067401658976e-06,
    2.406578914815327e-06,
    1.7871780073619448e-06,
    1.3571868748840643e-06,
    1.0673479664546903e-06,
    8.43319469367998e-07,
    6.591144483536482e-07,
    5.191725449549267e-07,
    4.0848422599992773e-07,
    3.1848540515966306e-07,
    2.43606251615347e-07,
    1.8709917526393838e-07,
    1.486968983499537e-07,
    1.168427985476228e-07,
    8.829413644662054e-08,
    7.026923043440547e-08,
    5.5094282913614734e-08,
    4.389282892702795e-08,
    3.447657803690163e-08,
    2.7346569453357006e-08,
    2.2364805118968434e-08,
    1.8750327512861986e-08,
    1.5836835842719665e-08,
    1.2964234130663499e-08,
    1.043171682368893e-08,
    9.040170390051117e-09
  ],
  "test_loss": [
    1217.3228759765625,
    1128.4613037109375,
    1022.1541748046875,
    893.5582885742188,
    774.164306640625,
    613.1640014648438,
    491.421875,
    406.2693176269531,
    333.4757080078125,
    249.47128295898438,
    174.27676391601562,
    95.2459487915039,
    48.24800109863281,
    26.728078842163086,
    13.245003700256348,
    7.465661525726318,
    5.106733798980713,
    3.6069369316101074,
    2.767540693283081,
    2.148679733276367,
    1.7898573875427246,
    1.4295752048492432,
    1.1591869592666626,
    0.952440083026886,
    0.7471480965614319,
    0.6134366989135742,
    0.4888659417629242,
    0.3876493573188782,
    0.31277352571487427,
    0.2512325942516327,
    0.2051476538181305,
    0.16300925612449646,
    0.13218289613723755,
    0.10277813673019409,
    0.07923582941293716,
    0.06251921504735947,
    0.04788016155362129,
    0.03747905045747757,
    0.02959633804857731,
    0.0228339321911335,
    0.018151000142097473,
    0.014151941053569317,
    0.011017920449376106,
    0.00869427528232336,
    0.006574362050741911,
    0.005205851048231125,
    0.003986273892223835,
    0.0030864805448800325,
    0.0023366729728877544,
    0.0018875707173720002,
    0.0014670015079900622,
    0.0011210322845727205,
    0.0008667467627674341,
    0.0006749715539626777,
    0.0005146106705069542,
    0.0003953578125219792,
    0.000299708015518263,
    0.00024068048514891416,
    0.0001785882777767256,
    0.00013987027341499925,
    0.00011028120206901804,
    8.440182136837393e-05,
    6.847273471066728e-05,
    5.198716826271266e-05,
    3.741731052286923e-05,
    3.0277173209469765e-05,
    2.411362947896123e-05,
    1.8343385818297975e-05,
    1.3998419490235392e-05,
    1.0757402378658298e-05,
    8.363543201994617e-06,
    6.325820777419722e-06,
    5.033748493588064e-06,
    3.967426437156973e-06,
    3.0693054213770665e-06,
    2.305180260009365e-06,
    1.7086745174310636e-06,
    1.3039452824159525e-06,
    1.0135947832168313e-06,
    8.015672960937081e-07,
    6.331433723971713e-07,
    4.998204872208589e-07,
    3.919807340935222e-07,
    3.094608871379023e-07,
    2.336600601893224e-07,
    1.789193078138851e-07,
    1.426540592319725e-07,
    1.1075537287297266e-07,
    8.541994134247943e-08,
    6.693708343163962e-08,
    5.2223228408365685e-08,
    4.1544410578353563e-08,
    3.277104099197459e-08,
    2.5844665074714612e-08,
    2.1266522765017726e-08,
    1.788504810917857e-08,
    1.5258866170597685e-08,
    1.2460634302158269e-08,
    1.003592675630216e-08,
    8.739042378635986e-09
  ],