{
  "step": [
    0,
    20,
    40,
    60,
    80,
    100,
    120,
    140,
    160,
    180,
    200,
    220,
    240,
    260,
    280,
    300,
    320,
    340,
    360,
    380,
    400,
    420,
    440,
    460,
    480,
    500,
    520,
    540,
    560,
    580,
    600,
    620,
    640,
    660,
    680,
    700,
    720,
    740,
    760,
    780,
    800,
    820,
    840,
    860,
    880,
    900,
    920,
    940,
    960,
    980,
    1000,
    1020,
    1040,
    1060,
    1080,
    1100,
    1120,
    1140,
    1160,
    1180,
    1200,
    1220,
    1240,
    1260,
    1280,
    1300,
    1320,
    1340,
    1360,
    1380,
    1400,
    1420,
    1440,
    1460,
    1480,
    1500,
    1520,
    1540,
    1560,
    1580,
    1600,
    1620,
    1640,
    1660,
    1680,
    1700,
    1720,
    1740,
    1760,
    1780,
    1800,
    1820,
    1840,
    1860,
    1880,
    1900,
    1920,
    1940,
    1960,
    1980
  ],
  "train_loss": [
    1065.4442138671875,
    993.4328002929688,
    911.7349853515625,
    817.15478515625,
    693.4545288085938,
    551.4178466796875,
    441.0890808105469,
    371.00146484375,
    305.0021057128906,
    231.8055419921875,
    161.31201171875,
    95.6426010131836,
    48.6250114440918,
    25.111581802368164,
    12.123320579528809,
    7.384170055389404,
    4.905528545379639,
    3.6345877647399902,
    2.8379690647125244,
    2.240104913711548,
    1.7962149381637573,
    1.431311845779419,
    1.1655231714248657,
    0.9611878395080566,
    0.7894757986068726,
    0.6336211562156677,
    0.5128698348999023,
    0.4152292013168335,
    0.3281627297401428,
    0.27155017852783203,
    0.2111436426639557,
    0.16768023371696472,
    0.1353502720594406,
    0.10397673398256302,
    0.08077755570411682,
    0.06417036056518555,
    0.05021243914961815,
    0.039292942732572556,
    0.029893560335040092,
    0.023956218734383583,
    0.01893339864909649,
    0.014598086476325989,
    0.011101380921900272,
    0.008749490603804588,
    0.00688619539141655,
    0.005385536700487137,
    0.00419914023950696,
    0.003232134971767664,
    0.00245304056443274,
    0.0019399531884118915,
    0.0015104658668860793,
    0.001152699114754796,
    0.0009236349142156541,
    0.0007288591004908085,
    0.0005309435655362904,
    0.00041935269837267697,
    0.00031816738191992044,
    0.00025010231183841825,
    0.00019481475464999676,
    0.00015065220941323787,
    0.00011499987886054441,
    9.09803420654498e-05,
    7.064029341563582e-05,
    5.4159110732143745e-05,
    4.189503670204431e-05,
    3.1427603971678764e-05,
    2.3988091925275512e-05,
    1.8823728169081733e-05,
    1.4541509699483868e-05,
    1.1392045053071342e-05,
    8.689595233590808e-06,
    6.7718779064307455e-06,
    5.4678025662724394e-06,
    4.117083335586358e-06,
    3.140404032819788e-06,
    2.4165776721929433e-06,
    1.9578308183554327e-06,
    1.554198775011173e-06,
    1.217124463437358e-06,
    9.176383741760219e-07,
    6.604033160328981e-07,
    5.019548439122445e-07,
    3.9520503491985437e-07,
    3.102265679899574e-07,
    2.411111097444518e-07,
    1.8840275117781857e-07,
    1.504305942034989e-07,
    1.1866928417703093e-07,
    8.979037602330209e-08,
    6.998346435693747e-08,
    5.607525821460513e-08,
    4.345067949884651e-08,
    3.661163461288197e-08,
    2.9764509079655e-08,
    2.4318214997265386e-08,
    1.929079296303371e-08,
    1.6283841830500023e-08,
    1.3938045384520592e-08,
    1.1763954255172848e-08,
    9.580001680831174e-09
  ],
  "test_loss": [
    1220.56298828125,
    1136.9759521484375,
    1042.74462890625,
    931.74365234375,
    786.2882080078125,
    616.3810424804688,
    486.89471435546875,
    405.8346862792969,
    334.5722351074219,
    252.98374938964844,
    173.62094116210938,
    101.81633758544922,
    51.629798889160156,
    26.451465606689453,
    12.58720874786377,
    7.5617876052856445,
    4.933712005615234,
    3.61440110206604,
    2.803463935852051,
    2.2087290287017822,
    1.757358193397522,
    1.4050252437591553,
    1.1443307399749756,
    0.9398354887962341,
    0.7641286849975586,
    0.605836808681488,
    0.4945075809955597,
    0.3956753611564636,
    0.31364357471466064,
    0.2589646279811859,
    0.202179417014122,
    0.16260550916194916,
    0.13065104186534882,
    0.09909461438655853,
    0.07742181420326233,
    0.061309151351451874,
    0.04812249913811684,
    0.03757958859205246,
    0.02873523347079754,
    0.02310917153954506,
    0.018089700490236282,
    0.014146036468446255,
    0.01073120441287756,
    0.008326335810124874,
    0.006503299809992313,
    0.005150312092155218,
    0.0040404112078249454,
    0.00313782412558794,
    0.002371395006775856,
    0.0018265389371663332,
    0.0014397413469851017,
    0.0010911942226812243,
    0.0008787555852904916,
    0.0006851953803561628,
    0.000508943572640419,
    0.0004053390002809465,
    0.0003065182827413082,
    0.0002412520261714235,
    0.00018475715478416532,
    0.00014236968127079308,
    0.00011069671018049121,
    8.75958867254667e-05,
    6.873651000205427e-05,
    5.14785606355872e-05,
    4.029715637443587e-05,
    2.9800527045154013e-05,
    2.2430886019719765e-05,
    1.778636760718655e-05,
    1.3821481843478978e-05,
    1.0942179869743995e-05,
    8.364952918782365e-06,
    6.4593109527777415e-06,
    5.208290531300008e-06,
    3.988853222836042e-06,
    3.031957476196112e-06,
    2.3112559119908838e-06,
    1.8458183603797806e-06,
    1.4820474234511494e-06,
    1.16069918476569e-06,
    9.008360279949557e-07,
    6.349701493491011e-07,
    4.862402533944987e-07,
    3.8030660221011203e-07,
    2.97943444138582e-07,
    2.319246164006472e-07,
    1.7927298756603705e-07,
    1.4452744778736815e-07,
    1.1638694985549591e-07,
    8.730060585548927e-08,
    6.722358136812545e-08,
    5.3004143296675466e-08,
    4.119219454423728e-08,
    3.4500107659596324e-08,
    2.8501009552428513e-08,
    2.3447592312209053e-08,
    1.858353826378334e-08,
    1.5511952611291235e-08,
    1.33826176806906e-08,
    1.1179753123258251e-08,
    9.138961587495942e-09
  ],