{
  "step": [
    0,
    20,
    40,
    60,
    80,
    100,
    120,
    140,
    160,
    180,
    200,
    220,
    240,
    260,
    280,
    300,
    320,
    340,
    360,
    380,
    400,
    420,
    440,
    460,
    480,
    500,
    520,
    540,
    560,
    580,
    600,
    620,
    640,
    660,
    680,
    700,
    720,
    740,
    760,
    780,
    800,
    820,
    840,
    860
  ],
  "train_loss": [
    1116.5814208984375,
    725.6578979492188,
    402.169677734375,
    159.9365997314453,
    50.607662200927734,
    18.452606201171875,
    8.151571273803711,
    3.835406541824341,
    1.8548765182495117,
    0.9399948716163635,
    0.425650954246521,
    0.22627872228622437,
    0.1148427203297615,
    0.058131564408540726,
    0.033742714673280716,
    0.01890069618821144,
    0.010000782087445259,
    0.005607752129435539,
    0.0029886115808039904,
    0.0017425351543352008,
    0.0010209809988737106,
    0.0005688877427019179,
    0.00033403493580408394,
    0.0001961716334335506,
    0.00010589484736556187,
    5.930603583692573e-05,
    3.42617386195343e-05,
    1.8884868040913716e-05,
    1.0984588698192965e-05,
    6.151761681394419e-06,
    3.434985046624206e-06,
    2.1339519662433304e-06,
    1.1587881090235896e-06,
    6.419040232685802e-07,
    3.7251459161780076e-07,
    2.423158775854972e-07,
    1.4901331724104239e-07,
    8.565226750079091e-08,
    5.80971395436336e-08,
    3.7842976752244795e-08,
    2.6214209469799243e-08,
    1.6468781893763662e-08,
    1.1272427435926602e-08,
    8.2252418209805e-09
  ],
  "test_loss": [
    1277.6639404296875,
    843.08740234375,
    469.0546569824219,
    183.58802795410156,
    53.75093078613281,
    18.616220474243164,
    7.933096885681152,
    3.6637887954711914,
    1.764224886894226,
    0.8863154649734497,
    0.3976730406284332,
    0.20729190111160278,
    0.10503542423248291,
    0.05195540934801102,
    0.03036571852862835,
    0.01711207628250122,
    0.008882811293005943,
    0.005023331847041845,
    0.002717821393162012,
    0.001598405884578824,
    0.0009285645210184157,
    0.0005178542342036963,
    0.0003054233966395259,
    0.00017871252202894539,
    9.472926467424259e-05,
    5.432012039818801e-05,
    3.1547511753160506e-05,
    1.763374893926084e-05,
    1.0336225386708975e-05,
    5.610130301647587e-06,
    3.13055556944164e-06,
    1.9304313809698215e-06,
    1.067926746145531e-06,
    5.855948757016449e-07,
    3.391492100490723e-07,
    2.2077995254221605e-07,
    1.3658193154242326e-07,
    7.910950472478362e-08,
    5.2813728501632795e-08,
    3.488281308250407e-08,
    2.3872988919038107e-08,
    1.5078883919272812e-08,
    1.0242819037387108e-08,
    7.58068807726886e-09
  ],
  "grad_norm_squared": [
    216976.5625,
    170092.875,
    146473.75,
    81423.015625,
    26809.57421875,
    8699.2783203125,
    3371.382080078125,
    1423.869384765625,
    650.2155151367188,
    321.2898254394531,
    141.24822998046875,
    72.74031066894531,
    36.230628967285156,
    18.051729202270508,
    10.090035438537598,
    5.531992435455322,
    2.9100501537323,
    1.6109294891357422,
    0.8511134386062622,
    0.49532467126846313,
    0.2895042896270752,
    0.1615172028541565,
    0.09441232681274414,
    0.05543336272239685,
    0.030018439516425133,
    0.016774144023656845,
    0.009703520685434341,
    0.005368589889258146,
    0.003123969305306673,
    0.0017413406167179346,
    0.0009695653570815921,
    0.0006043169996701181,
    0.00032700266456231475,
    0.00018120635650120676,
    0.00010517762711970136,
    6.839712295914069e-05,
    4.213909778627567e-05,
    2.41734796873061e-05,
    1.642320421524346e-05,
    1.0688849215512164e-05,
    7.404763437079964e-06,
    4.652834832086228e-06,
    3.192667918483494e-06,
    2.3370930648525245e-06
  ],
  "trace_gradient_covariance": [
    1327394.5,
    1027838.375,
    862756.5625,
    492399.78125,
    175661.453125,
    63251.19140625,
    26662.95703125,
    12080.5244140625,
    5790.28125,
    2920.668701171875,
    1316.757080078125,
    694.3681030273438,
    350.0744323730469,
    174.98904418945312,
    100.91978454589844,
    56.267642974853516,
    29.637828826904297,
    16.561134338378906,
    8.805031776428223,
    5.146386623382568,
    3.01086688041687,
    1.6794400215148926,
    0.9851383566856384,
    0.5775655508041382,
    0.311809778213501,
    0.17447519302368164,
    0.10074619203805923,
    0.055508386343717575,
    0.03233792632818222,
    0.018168911337852478,
    0.010108895599842072,
    0.006274603772908449,
    0.0034083218779414892,
    0.0018925626063719392,
    0.001097330590710044,
    0.0007131287129595876,
    0.0004378333396743983,
    0.0002517746470402926,
    0.0001707820047158748,
    0.00011157202970935032,
    7.723133603576571e-05,
    4.8628378863213584e-05,
    3.320414180052467e-05,
    2.428363404760603e-05
  ],
  "trace_hessian_covariance": [
    151037120.0,
    47862384.0,
    84751128.0,
    106913240.0,
    52654040.0,
    20082874.0,
    8164804.0,
    3540050.5,
    1670425.875,
    835299.125,
    372558.875,
    194227.015625,
    97133.078125,
    48251.5859375,
    27518.51171875,
    15248.5166015625,
    7996.1484375,
    4455.5,
    2362.57421875,
    1379.9097900390625,
    806.8482666015625,
    450.5379638671875,
    263.8197021484375,
    154.56947326660156,
    83.510009765625,
    46.68903350830078,
    26.949548721313477,
    14.850011825561523,
    8.662712097167969,
    4.872033596038818,
    2.705252170562744,
    1.6779793500900269,
    0.9124031066894531,
    0.506976842880249,
    0.29371681809425354,
    0.19100861251354218,
    0.117184117436409,
    0.06744077801704407,
    0.045742761343717575,
    0.029904188588261604,
    0.020708652213215828,
    0.013041920959949493,
    0.008894226513803005,
    0.00651005282998085
  ]
}