{
  "step": [
    0,
    20,
    40,
    60,
    80,
    100,
    120,
    140,
    160,
    180,
    200,
    220,
    240,
    260,
    280,
    300,
    320,
    340,
    360,
    380,
    400,
    420,
    440,
    460,
    480,
    500,
    520,
    540,
    560,
    580,
    600,
    620,
    640,
    660,
    680,
    700,
    720,
    740,
    760,
    780,
    800,
    820,
    840,
    860
  ],
  "train_loss": [
    1113.364013671875,
    724.0449829101562,
    422.8751525878906,
    173.2390899658203,
    50.216590881347656,
    18.7867374420166,
    7.550960540771484,
    3.601717948913574,
    1.7540011405944824,
    0.8629992008209229,
    0.435563325881958,
    0.2209983766078949,
    0.12091989070177078,
    0.06660663336515427,
    0.03483077138662338,
    0.019699115306138992,
    0.010381034575402737,
    0.005510946735739708,
    0.003479484934359789,
    0.001930547528900206,
    0.0010779870208352804,
    0.0006010696524754167,
    0.00033469920163042843,
    0.00019653151684906334,
    0.00010864958312595263,
    6.036817285348661e-05,
    3.497436409816146e-05,
    1.8562672266853042e-05,
    1.0398179256299045e-05,
    5.893694378755754e-06,
    3.4643892377062002e-06,
    1.9050162336498033e-06,
    1.136302898885333e-06,
    7.166785280787735e-07,
    4.104132642623881e-07,
    2.3759123735089815e-07,
    1.457546119354447e-07,
    9.570254633217701e-08,
    6.094503390841055e-08,
    3.969528350467044e-08,
    2.6385240659010378e-08,
    1.7360344273242845e-08,
    1.2501990553914766e-08,
    8.230067294334731e-09
  ],
  "test_loss": [
    1273.9923095703125,
    839.5272827148438,
    492.5732727050781,
    200.92352294921875,
    53.649810791015625,
    19.16788101196289,
    7.353810787200928,
    3.4314236640930176,
    1.661415696144104,
    0.8083707690238953,
    0.40128424763679504,
    0.1999339461326599,
    0.10959244519472122,
    0.0606735534965992,
    0.031409747898578644,
    0.017992375418543816,
    0.009572388604283333,
    0.005051720887422562,
    0.003196505829691887,
    0.0017313247080892324,
    0.0009709309670142829,
    0.0005498636164702475,
    0.00030109420185908675,
    0.0001777292345650494,
    9.904390753945336e-05,
    5.4525473387911916e-05,
    3.15015458909329e-05,
    1.6978918210952543e-05,
    9.445951945963316e-06,
    5.351875643100357e-06,
    3.1433057756657945e-06,
    1.7623133317101747e-06,
    1.0496756885913783e-06,
    6.526778975057823e-07,
    3.679613200802123e-07,
    2.184725360621087e-07,
    1.3241334784197534e-07,
    8.678653529159419e-08,
    5.5043784641384264e-08,
    3.629398293014674e-08,
    2.4326975989197308e-08,
    1.5826143950903315e-08,
    1.1591910542563255e-08,
    7.613394359395897e-09
  ],
  "trace_gradient_covariance": [
    1318405.75,
    1035626.3125,
    888972.6875,
    533398.0,
    179409.765625,
    65242.5546875,
    24706.837890625,
    11436.50390625,
    5542.625,
    2686.628662109375,
    1343.5960693359375,
    679.674072265625,
    367.5533447265625,
    200.45738220214844,
    103.9058609008789,
    58.42363357543945,
    30.879283905029297,
    16.294706344604492,
    10.304614067077637,
    5.691127777099609,
    3.1716315746307373,
    1.769053339958191,
    0.9825995564460754,
    0.5791212916374207,
    0.3206666111946106,
    0.17752143740653992,
    0.10282249748706818,
    0.0547875314950943,
    0.03066171333193779,
    0.017364775761961937,
    0.010186157189309597,
    0.005603193771094084,
    0.0033418438397347927,
    0.0021106423810124397,
    0.001209322246722877,
    0.0007001740741543472,
    0.000429335719672963,
    0.0002815776679199189,
    0.00017902901163324714,
    0.0001166145084425807,
    7.786464993841946e-05,
    5.127564145368524e-05,
    3.685506817419082e-05,
    2.427880281175021e-05
  ],
  "trace_hessian_covariance": [
    147531072.0,
    49040580.0,
    78552808.0,
    110034968.0,
    55316028.0,
    20985340.0,
    7569369.5,
    3354140.0,
    1609871.0,
    769916.875,
    380144.46875,
    191102.171875,
    101913.640625,
    54987.0,
    28273.619140625,
    15786.1259765625,
    8323.794921875,
    4378.88427734375,
    2763.43701171875,
    1527.36181640625,
    849.59326171875,
    473.4075012207031,
    263.0949401855469,
    154.84437561035156,
    85.81231689453125,
    47.515106201171875,
    27.50643539428711,
    14.64747142791748,
    8.20251178741455,
    4.645390033721924,
    2.7271358966827393,
    1.4992109537124634,
    0.8944044709205627,
    0.56589275598526,
    0.32442155480384827,
    0.18743613362312317,
    0.11493494361639023,
    0.07536938786506653,
    0.04794052243232727,
    0.031218819320201874,
    0.020861569792032242,
    0.013750635087490082,
    0.009875427931547165,
    0.006513969507068396
  ],
  "grad_norm_squared": [
    215266.9375,
    170924.125,
    151747.234375,
    90878.265625,
    27693.1328125,
    8992.3408203125,
    3069.949462890625,
    1345.975830078125,
    631.8685302734375,
    297.5676574707031,
    144.0248260498047,
    71.58101654052734,
    37.85190200805664,
    20.202913284301758,
    10.301143646240234,
    5.7509026527404785,
    3.00547456741333,
    1.5900956392288208,
    0.9961817264556885,
    0.5497215986251831,
    0.3060320317745209,
    0.1709521859884262,
    0.0955580472946167,
    0.05561913922429085,
    0.03068920038640499,
    0.01704040728509426,
    0.009881999343633652,
    0.00526388781145215,
    0.0029638023115694523,
    0.0016617272049188614,
    0.0009777764789760113,
    0.0005378396599553525,
    0.000320950523018837,
    0.0002029559836955741,
    0.00011663495388347656,
    6.708826549584046e-05,
    4.1221555875381455e-05,
    2.7124540793010965e-05,
    1.7236188796232454e-05,
    1.1204600014025345e-05,
    7.44713406675146e-06,
    4.912002623314038e-06,
    3.543552793416893e-06,
    2.3222403342515463e-06
  ]
}