{
  "step": [
    0,
    20,
    40,
    60,
    80,
    100,
    120,
    140,
    160,
    180,
    200,
    220,
    240,
    260,
    280,
    300,
    320,
    340,
    360,
    380,
    400,
    420,
    440,
    460,
    480,
    500,
    520,
    540,
    560,
    580,
    600,
    620,
    640,
    660,
    680,
    700,
    720,
    740,
    760,
    780,
    800,
    820,
    840,
    860
  ],
  "train_loss": [
    1113.7545166015625,
    740.38134765625,
    410.6585998535156,
    163.27032470703125,
    54.08415985107422,
    18.917959213256836,
    8.247535705566406,
    3.6363158226013184,
    1.7234917879104614,
    0.8289171457290649,
    0.432745099067688,
    0.23019854724407196,
    0.11797449737787247,
    0.061766281723976135,
    0.03248508274555206,
    0.018978213891386986,
    0.010683511383831501,
    0.0060205175541341305,
    0.0032915680203586817,
    0.0017407577252015471,
    0.0010346755152568221,
    0.0006221840740181506,
    0.0003549263346940279,
    0.0001956357154995203,
    0.00011585795436985791,
    6.005582690704614e-05,
    3.5654058592626825e-05,
    1.8461147192283534e-05,
    1.0522610864427406e-05,
    5.880508979316801e-06,
    3.546945663401857e-06,
    2.0594479792634957e-06,
    1.2114820719943964e-06,
    6.450285923165211e-07,
    3.5755655858338287e-07,
    2.3691760020483343e-07,
    1.3800909925976157e-07,
    9.440197601406908e-08,
    5.938713343311974e-08,
    3.930311720523605e-08,
    2.5936797598546946e-08,
    1.9182818888907605e-08,
    1.2359590684241084e-08,
    9.087382402128696e-09
  ],
  "test_loss": [
    1273.43017578125,
    860.9365234375,
    480.9963073730469,
    188.85227966308594,
    58.254005432128906,
    19.110607147216797,
    8.004316329956055,
    3.475925922393799,
    1.629224181175232,
    0.7777860760688782,
    0.39904582500457764,
    0.2118537873029709,
    0.10676752030849457,
    0.05656548961997032,
    0.02976064570248127,
    0.017265556380152702,
    0.009867330081760883,
    0.005458272993564606,
    0.003048103069886565,
    0.001595840323716402,
    0.0009239043574780226,
    0.0005568133783526719,
    0.0003211383882444352,
    0.0001760180457495153,
    0.00010543895768932998,
    5.473009150591679e-05,
    3.307444785605185e-05,
    1.7257638319279067e-05,
    9.961373507394455e-06,
    5.40199152965215e-06,
    3.201251956852502e-06,
    1.8690897150008823e-06,
    1.1050260582123883e-06,
    5.890516945328272e-07,
    3.2294224183715414e-07,
    2.1556733997840638e-07,
    1.2985826458589145e-07,
    8.69452208007715e-08,
    5.479152775933471e-08,
    3.573198270601097e-08,
    2.362007300860114e-08,
    1.7733947643705505e-08,
    1.145618533371362e-08,
    8.350354185893138e-09
  ],
  "trace_gradient_covariance": [
    1319251.75,
    1036064.75,
    877264.4375,
    511459.90625,
    193619.96875,
    64949.78515625,
    27105.193359375,
    11535.7353515625,
    5416.619140625,
    2581.9765625,
    1339.030517578125,
    709.4873046875,
    358.2103271484375,
    184.95843505859375,
    97.59281921386719,
    56.481597900390625,
    31.736080169677734,
    17.79501724243164,
    9.734777450561523,
    5.136312961578369,
    3.053400993347168,
    1.8321017026901245,
    1.0434224605560303,
    0.5756548643112183,
    0.34235134720802307,
    0.17727234959602356,
    0.1055045947432518,
    0.05464646965265274,
    0.03114619292318821,
    0.017343303188681602,
    0.010396863333880901,
    0.006031650584191084,
    0.0035557840019464493,
    0.0018908991478383541,
    0.0010563801042735577,
    0.0006992635899223387,
    0.00040918076410889626,
    0.0002793000021483749,
    0.00017518243112135679,
    0.00011558882397366688,
    7.630193431396037e-05,
    5.6520126236137e-05,
    3.6493151128524914e-05,
    2.6747724405140616e-05
  ],
  "trace_hessian_covariance": [
    148045936.0,
    49646340.0,
    81668480.0,
    109637680.0,
    58808616.0,
    20696930.0,
    8327053.5,
    3380139.0,
    1569537.25,
    740433.25,
    380327.84375,
    200749.96875,
    99522.375,
    50713.953125,
    26671.716796875,
    15291.0986328125,
    8574.966796875,
    4789.9267578125,
    2616.988525390625,
    1378.696044921875,
    818.8383178710938,
    490.426513671875,
    279.04278564453125,
    154.01475524902344,
    91.65502166748047,
    47.435237884521484,
    28.247650146484375,
    14.65468978881836,
    8.340625762939453,
    4.641950607299805,
    2.7843198776245117,
    1.6130952835083008,
    0.9504891633987427,
    0.5055121183395386,
    0.28305119276046753,
    0.18736569583415985,
    0.10964148491621017,
    0.07478836923837662,
    0.04692760854959488,
    0.03099817968904972,
    0.020458970218896866,
    0.015144167467951775,
    0.009790638461709023,
    0.0071775601245462894
  ],
  "grad_norm_squared": [
    215802.578125,
    169777.328125,
    149185.171875,
    86440.1875,
    29856.44140625,
    8881.4599609375,
    3399.807373046875,
    1352.8853759765625,
    620.1923828125,
    285.52313232421875,
    143.95303344726562,
    75.39189147949219,
    36.8083381652832,
    18.621231079101562,
    9.7233304977417,
    5.544342041015625,
    3.1268868446350098,
    1.7270207405090332,
    0.9491118788719177,
    0.4954770803451538,
    0.29472100734710693,
    0.1768488734960556,
    0.10092879831790924,
    0.055378496646881104,
    0.032870274037122726,
    0.01703566685318947,
    0.010146242566406727,
    0.005258666351437569,
    0.0030268526170402765,
    0.0016632613260298967,
    0.0010104773100465536,
    0.000587578397244215,
    0.0003450688091106713,
    0.00018359205569140613,
    0.00010134605690836906,
    6.700088852085173e-05,
    3.979083339800127e-05,
    2.685892286535818e-05,
    1.678221087786369e-05,
    1.1133659427287057e-05,
    7.334358087973669e-06,
    5.4186648412724026e-06,
    3.497907300697989e-06,
    2.5677543362689903e-06
  ]
}