{
  "step": [
    0,
    20,
    40,
    60,
    80,
    100,
    120,
    140,
    160,
    180,
    200,
    220,
    240,
    260,
    280,
    300,
    320,
    340,
    360,
    380,
    400,
    420,
    440,
    460,
    480,
    500,
    520,
    540,
    560,
    580,
    600,
    620,
    640,
    660,
    680,
    700,
    720,
    740,
    760,
    780,
    800,
    820,
    840,
    860
  ],
  "train_loss": [
    1113.8095703125,
    741.4308471679688,
    424.4534912109375,
    166.49009704589844,
    53.34736633300781,
    18.311643600463867,
    7.6276044845581055,
    3.6000256538391113,
    1.825287103652954,
    0.8803108930587769,
    0.4385172128677368,
    0.2201593518257141,
    0.12198935449123383,
    0.07081390172243118,
    0.03802173212170601,
    0.019715581089258194,
    0.011042981408536434,
    0.0060219536535441875,
    0.0036960807628929615,
    0.0019815259147435427,
    0.0010930009884759784,
    0.0005988901248201728,
    0.00036609009839594364,
    0.00020590271742548794,
    0.00010691669012885541,
    6.218766793608665e-05,
    3.266855492256582e-05,
    1.9935157979489304e-05,
    1.0335587830923032e-05,
    6.15882117926958e-06,
    3.679926976474235e-06,
    2.264248223582399e-06,
    1.255922711607127e-06,
    7.116487950042938e-07,
    4.0324991346096795e-07,
    2.5133937242571847e-07,
    1.6804436597794847e-07,
    1.068819273086774e-07,
    6.466158453122262e-08,
    3.930954051156732e-08,
    2.706269164320929e-08,
    1.812018624036682e-08,
    1.3359112038813237e-08,
    9.099648146104755e-09
  ],
  "test_loss": [
    1274.6429443359375,
    856.3849487304688,
    495.0669250488281,
    192.72109985351562,
    57.61528396606445,
    18.51898765563965,
    7.453012943267822,
    3.4369025230407715,
    1.7435938119888306,
    0.8244505524635315,
    0.40362879633903503,
    0.20010237395763397,
    0.10924552381038666,
    0.06279763579368591,
    0.03392282873392105,
    0.018004344776272774,
    0.00992962159216404,
    0.005405970849096775,
    0.0033199649769812822,
    0.0018137376755475998,
    0.0009950572857633233,
    0.0005466339644044638,
    0.0003389808989595622,
    0.00019112785230390728,
    9.65614672168158e-05,
    5.633629552903585e-05,
    2.9830896892235614e-05,
    1.7763291907613166e-05,
    9.588165994500741e-06,
    5.627309292322025e-06,
    3.383339162610355e-06,
    2.0322875116107753e-06,
    1.12917462047335e-06,
    6.431679935303691e-07,
    3.7318568502087146e-07,
    2.329992554450655e-07,
    1.5749445481105795e-07,
    1.0146176521175221e-07,
    5.990882812056952e-08,
    3.6165157979439755e-08,
    2.488005890199929e-08,
    1.680426997552331e-08,
    1.2348837508113775e-08,
    8.399911877177146e-09
  ],
  "trace_gradient_covariance": [
    1318072.0,
    1038751.8125,
    894601.0,
    525040.9375,
    192078.0,
    63126.77734375,
    25114.734375,
    11380.9609375,
    5733.9912109375,
    2747.854248046875,
    1355.873291015625,
    676.9329223632812,
    370.24072265625,
    212.76397705078125,
    113.89877319335938,
    58.60513687133789,
    32.59154510498047,
    17.70088005065918,
    10.896378517150879,
    5.879034519195557,
    3.2243878841400146,
    1.7646008729934692,
    1.0788238048553467,
    0.6085695028305054,
    0.31516602635383606,
    0.18302451074123383,
    0.09580928832292557,
    0.058650970458984375,
    0.03054645098745823,
    0.01812952198088169,
    0.010848017409443855,
    0.006646452005952597,
    0.0036854655481874943,
    0.0020972280763089657,
    0.001187406713142991,
    0.0007418942986987531,
    0.0004967215354554355,
    0.0003167710965499282,
    0.00019071744463872164,
    0.0001157458609668538,
    7.963188545545563e-05,
    5.347733895177953e-05,
    3.928946898668073e-05,
    2.676861549844034e-05
  ],
  "trace_hessian_covariance": [
    147293136.0,
    48254876.0,
    76742712.0,
    111067056.0,
    58938320.0,
    20207560.0,
    7755625.0,
    3349663.5,
    1662763.875,
    788907.875,
    384150.03125,
    190276.015625,
    102762.4375,
    58452.72265625,
    31153.466796875,
    15844.669921875,
    8769.8779296875,
    4751.951171875,
    2915.625732421875,
    1575.3065185546875,
    864.1471557617188,
    472.5205078125,
    288.7908935546875,
    162.94349670410156,
    84.5251235961914,
    49.032508850097656,
    25.6346492767334,
    15.711183547973633,
    8.178152084350586,
    4.856320381164551,
    2.9057962894439697,
    1.7840745449066162,
    0.987330973148346,
    0.5621657967567444,
    0.31774815917015076,
    0.19865365326404572,
    0.13307003676891327,
    0.08487174659967422,
    0.05108385533094406,
    0.03100394830107689,
    0.021338801831007004,
    0.014341535046696663,
    0.010544135235249996,
    0.0071854861453175545
  ],
  "grad_norm_squared": [
    215224.578125,
    171799.171875,
    152676.796875,
    89798.0859375,
    30004.408203125,
    8638.390625,
    3142.352294921875,
    1348.172607421875,
    660.0419311523438,
    304.521484375,
    145.12496948242188,
    71.57345581054688,
    38.279476165771484,
    21.55724334716797,
    11.483471870422363,
    5.737183094024658,
    3.173002004623413,
    1.741559386253357,
    1.050255298614502,
    0.5669792294502258,
    0.30935928225517273,
    0.16913826763629913,
    0.1036575585603714,
    0.05854685977101326,
    0.030293220654129982,
    0.01757754571735859,
    0.009238642640411854,
    0.005671394988894463,
    0.0029270662926137447,
    0.0017358552431687713,
    0.001037847832776606,
    0.0006488433573395014,
    0.00035637064138427377,
    0.0002013183111557737,
    0.00011377527698641643,
    7.10126623744145e-05,
    4.7751182137290016e-05,
    3.091121106990613e-05,
    1.8243157683173195e-05,
    1.1075619113398716e-05,
    7.6246301432547625e-06,
    5.119870365888346e-06,
    3.7676359170291107e-06,
    2.5633967197791208e-06
  ]
}