{
  "step": [
    0,
    20,
    40,
    60,
    80,
    100,
    120,
    140,
    160,
    180,
    200,
    220,
    240,
    260,
    280,
    300,
    320,
    340,
    360,
    380,
    400,
    420,
    440,
    460,
    480,
    500,
    520,
    540,
    560,
    580,
    600,
    620,
    640,
    660,
    680,
    700,
    720,
    740,
    760,
    780,
    800,
    820,
    840,
    860,
    880,
    900,
    920,
    940,
    960,
    980,
    1000,
    1020,
    1040,
    1060,
    1080,
    1100,
    1120,
    1140
  ],
  "train_loss": [
    1060.4005126953125,
    809.4603881835938,
    558.2229614257812,
    305.71539306640625,
    132.7784423828125,
    60.0656852722168,
    26.286712646484375,
    12.8734712600708,
    6.185006618499756,
    3.3029561042785645,
    2.0710153579711914,
    1.2489614486694336,
    0.8145189881324768,
    0.5206722021102905,
    0.3173808157444,
    0.19697262346744537,
    0.1276015043258667,
    0.08360455930233002,
    0.05652361363172531,
    0.03784211352467537,
    0.023659637197852135,
    0.01452250313013792,
    0.009675747714936733,
    0.006316824350506067,
    0.004289979115128517,
    0.0027907434850931168,
    0.001841316232457757,
    0.0012121128384023905,
    0.0008375926990993321,
    0.0005112927756272256,
    0.00032329297391697764,
    0.00020847079576924443,
    0.00013763604511041194,
    8.540563430869952e-05,
    5.994763341732323e-05,
    3.843744343612343e-05,
    2.551098987169098e-05,
    1.687421536189504e-05,
    1.1046097824873868e-05,
    6.9375701059470885e-06,
    4.467915459827054e-06,
    2.966451575048268e-06,
    1.945638132383465e-06,
    1.2381766509861336e-06,
    7.965742270243936e-07,
    5.277902914713195e-07,
    3.572756668290822e-07,
    2.45944022481126e-07,
    1.6951878478721483e-07,
    1.118768935270964e-07,
    7.795051715220325e-08,
    5.463222052526362e-08,
    4.0121154398775616e-08,
    2.9722224681449916e-08,
    2.0362847408250673e-08,
    1.4795781488885495e-08,
    1.046077446886784e-08,
    8.287644348570211e-09
  ],
  "test_loss": [
    1215.909912109375,
    925.8040771484375,
    640.5067138671875,
    343.766357421875,
    141.83018493652344,
    62.67912673950195,
    26.80562400817871,
    13.124948501586914,
    6.29867696762085,
    3.3595504760742188,
    2.1073272228240967,
    1.2511602640151978,
    0.8158138990402222,
    0.5149327516555786,
    0.31431087851524353,
    0.1910744309425354,
    0.1248684972524643,
    0.0807170569896698,
    0.05307392776012421,
    0.035244014114141464,
    0.022709675133228302,
    0.013606462627649307,
    0.009037071838974953,
    0.00589886587113142,
    0.004047230817377567,
    0.0026693379040807486,
    0.001727589638903737,
    0.00114785588812083,
    0.0007759382133372128,
    0.00047055212780833244,
    0.0003057816647924483,
    0.0001920163631439209,
    0.00012693501776084304,
    7.923005614429712e-05,
    5.632231113850139e-05,
    3.62837417924311e-05,
    2.3809319827705622e-05,
    1.586838516232092e-05,
    1.0338887477701064e-05,
    6.546980785060441e-06,
    4.119448476558318e-06,
    2.695374405448092e-06,
    1.7985139493248425e-06,
    1.1648294275801163e-06,
    7.415502523144823e-07,
    4.943796625411778e-07,
    3.335910889745719e-07,
    2.297754093660842e-07,
    1.565544778259209e-07,
    1.044760651325305e-07,
    7.280758751448957e-08,
    5.117171042456903e-08,
    3.7699205535091096e-08,
    2.737507998062938e-08,
    1.8959017467068406e-08,
    1.3806423559969971e-08,
    9.653545518517603e-09,
    7.748420571829229e-09
  ],
  "trace_gradient_covariance": [
    771887.75,
    716918.5,
    747211.375,
    617488.5625,
    338929.40625,
    166128.3125,
    75686.546875,
    37425.45703125,
    17625.7890625,
    9167.716796875,
    5672.5244140625,
    3389.464599609375,
    2194.423583984375,
    1391.580322265625,
    849.98876953125,
    528.3550415039062,
    341.81475830078125,
    224.08053588867188,
    151.63742065429688,
    101.66203308105469,
    64.05072021484375,
    39.5810661315918,
    26.2663631439209,
    17.118074417114258,
    11.609756469726562,
    7.536385536193848,
    4.966266632080078,
    3.2863118648529053,
    2.2724404335021973,
    1.386643409729004,
    0.8782870173454285,
    0.5665467977523804,
    0.3743044435977936,
    0.2320835143327713,
    0.16291379928588867,
    0.10400828719139099,
    0.0689808800816536,
    0.04570291191339493,
    0.03000500239431858,
    0.01888103038072586,
    0.01213236153125763,
    0.008078145794570446,
    0.005280143115669489,
    0.0033684400841593742,
    0.0021590283140540123,
    0.0014342206995934248,
    0.0009679810027591884,
    0.0006658380734734237,
    0.0004595686332322657,
    0.0003036260313820094,
    0.00021251691214274615,
    0.00014973657380323857,
    0.00010939514322672039,
    8.092054486041889e-05,
    5.563457671087235e-05,
    4.013690704596229e-05,
    2.845450035238173e-05,
    2.253274215036072e-05
  ],
  "trace_hessian_covariance": [
    48433548.0,
    6205618.5,
    19356956.0,
    68520104.0,
    70345152.0,
    41335668.0,
    20490482.0,
    10414939.0,
    4894658.5,
    2498289.25,
    1524414.75,
    901963.4375,
    579453.625,
    365671.96875,
    222085.734375,
    137853.109375,
    88866.9140625,
    58198.05859375,
    39413.5234375,
    26452.193359375,
    16631.267578125,
    10304.22265625,
    6823.51904296875,
    4444.79541015625,
    3012.602294921875,
    1955.237060546875,
    1289.25439453125,
    852.492431640625,
    590.2957763671875,
    360.2587585449219,
    228.20156860351562,
    147.35292053222656,
    97.3499526977539,
    60.326683044433594,
    42.31760787963867,
    27.02302360534668,
    17.919082641601562,
    11.87543773651123,
    7.80133056640625,
    4.908909320831299,
    3.154916524887085,
    2.1061413288116455,
    1.3729908466339111,
    0.8747187852859497,
    0.5608601570129395,
    0.37260356545448303,
    0.25157350301742554,
    0.17305681109428406,
    0.11952919512987137,
    0.07893750071525574,
    0.055234216153621674,
    0.0389985665678978,
    0.02846367470920086,
    0.02107529528439045,
    0.014497707597911358,
    0.010444790124893188,
    0.007414123974740505,
    0.005871823523193598
  ],
  "grad_norm_squared": [
    128872.390625,
    122014.1171875,
    131032.0625,
    107407.671875,
    53922.8671875,
    24157.6796875,
    10155.466796875,
    4719.521484375,
    2019.302734375,
    949.3292846679688,
    548.540771484375,
    302.196044921875,
    188.77767944335938,
    118.41020965576172,
    70.19351196289062,
    42.219459533691406,
    27.283496856689453,
    17.682151794433594,
    11.959653854370117,
    8.093358993530273,
    5.0254340171813965,
    3.135793685913086,
    2.049515724182129,
    1.3345177173614502,
    0.9083210229873657,
    0.5977849960327148,
    0.3933342695236206,
    0.25977468490600586,
    0.17817848920822144,
    0.10880676656961441,
    0.06900021433830261,
    0.044502291828393936,
    0.029543738812208176,
    0.01826142519712448,
    0.012803382240235806,
    0.008285388350486755,
    0.005482349544763565,
    0.0036058705300092697,
    0.0023561734706163406,
    0.0014838501811027527,
    0.0009546504006721079,
    0.0006438627606257796,
    0.0004154539783485234,
    0.00026557251112535596,
    0.00017003188258968294,
    0.00011263677151873708,
    7.630590698681772e-05,
    5.264717765385285e-05,
    3.629473576438613e-05,
    2.3854532628320158e-05,
    1.6683370631653816e-05,
    1.18553043648717e-05,
    8.588362106820568e-06,
    6.354201104841195e-06,
    4.36944992543431e-06,
    3.160413143632468e-06,
    2.233605755463941e-06,
    1.7696314671411528e-06
  ]
}