{
  "step": [
    0,
    20,
    40,
    60,
    80,
    100,
    120,
    140,
    160,
    180,
    200,
    220,
    240,
    260,
    280,
    300,
    320,
    340,
    360,
    380,
    400,
    420,
    440,
    460,
    480,
    500,
    520,
    540,
    560,
    580,
    600,
    620,
    640,
    660,
    680,
    700,
    720,
    740,
    760,
    780,
    800,
    820,
    840,
    860
  ],
  "train_loss": [
    1120.2193603515625,
    719.8900756835938,
    396.10321044921875,
    170.25827026367188,
    56.306312561035156,
    18.94168472290039,
    7.33015775680542,
    3.2856390476226807,
    1.5647515058517456,
    0.7993344664573669,
    0.4418274164199829,
    0.22668349742889404,
    0.11708291620016098,
    0.061456259340047836,
    0.03217802196741104,
    0.019599102437496185,
    0.01068059355020523,
    0.005839570425450802,
    0.0031249355524778366,
    0.0018881530268117785,
    0.0010806125355884433,
    0.0006101406179368496,
    0.0003252650785725564,
    0.00017122137069236487,
    0.00010781748278532177,
    6.085567292757332e-05,
    3.681744055938907e-05,
    2.1653884687111713e-05,
    1.1940614967898e-05,
    6.6813618104788475e-06,
    3.644440539574134e-06,
    2.095425088555203e-06,
    1.2519274150690762e-06,
    7.077724717419187e-07,
    4.46025183009624e-07,
    2.471051061547769e-07,
    1.5140611253627867e-07,
    1.0542699158122559e-07,
    6.446563816098205e-08,
    4.3243915115454e-08,
    2.6767596139620764e-08,
    1.9039250176433598e-08,
    1.3176467916764523e-08,
    8.935677087151817e-09
  ],
  "test_loss": [
    1282.3970947265625,
    832.9027709960938,
    459.822265625,
    197.46861267089844,
    61.44947052001953,
    19.098196029663086,
    7.077915668487549,
    3.1451191902160645,
    1.4630199670791626,
    0.7408539056777954,
    0.4079647958278656,
    0.20960663259029388,
    0.10839514434337616,
    0.05698205903172493,
    0.029092932119965553,
    0.017594894394278526,
    0.009676153771579266,
    0.005276212003082037,
    0.0028571058064699173,
    0.001721491222269833,
    0.0009744837298057973,
    0.0005555779789574444,
    0.00029749167151749134,
    0.00015659687051083893,
    9.710810263641179e-05,
    5.5107993830461055e-05,
    3.354562431923114e-05,
    1.958255234058015e-05,
    1.091231115424307e-05,
    6.120022590039298e-06,
    3.3011158393492224e-06,
    1.8866676327888854e-06,
    1.134184230977553e-06,
    6.408830017790024e-07,
    4.094603411886055e-07,
    2.2732636750788515e-07,
    1.3756027783529134e-07,
    9.481399132482693e-08,
    5.805005898196214e-08,
    3.9525744455204403e-08,
    2.5123002345139867e-08,
    1.7936173435373348e-08,
    1.2125193293854863e-08,
    8.25657942016278e-09
  ],
  "trace_gradient_covariance": [
    1329538.375,
    1029362.875,
    871401.0,
    530605.0625,
    201257.53125,
    65007.82421875,
    23876.4453125,
    10365.1640625,
    4907.21728515625,
    2489.230712890625,
    1368.0557861328125,
    695.535888671875,
    356.15289306640625,
    184.83450317382812,
    95.82384490966797,
    58.33827590942383,
    31.870525360107422,
    17.26594352722168,
    9.238269805908203,
    5.579944133758545,
    3.1833643913269043,
    1.7921044826507568,
    0.9578776359558105,
    0.5039219856262207,
    0.3178780674934387,
    0.17939242720603943,
    0.1088753417134285,
    0.06363770365715027,
    0.03498462960124016,
    0.019658606499433517,
    0.010733473114669323,
    0.0061583444476127625,
    0.003696596249938011,
    0.0020858196076005697,
    0.0013186261057853699,
    0.0007272863294929266,
    0.00044425835949368775,
    0.00030880182748660445,
    0.00018929819634649903,
    0.00012755635543726385,
    7.90538324508816e-05,
    5.617677015834488e-05,
    3.8797836168669164e-05,
    2.6353200155426748e-05
  ],
  "trace_hessian_covariance": [
    152035632.0,
    48133844.0,
    85459392.0,
    112032216.0,
    61076468.0,
    20725864.0,
    7278175.5,
    3033815.25,
    1419444.5,
    712903.5,
    388022.0,
    195279.625,
    99200.4609375,
    50915.94921875,
    26054.529296875,
    15805.1796875,
    8608.5380859375,
    4644.87744140625,
    2480.41357421875,
    1497.22509765625,
    853.07373046875,
    479.50518798828125,
    256.31597900390625,
    134.84625244140625,
    85.09233856201172,
    48.058204650878906,
    29.200674057006836,
    17.039447784423828,
    9.370834350585938,
    5.262988567352295,
    2.8744282722473145,
    1.650107741355896,
    0.9894601106643677,
    0.5583097338676453,
    0.3529872000217438,
    0.1947345733642578,
    0.11916341632604599,
    0.08296643197536469,
    0.05081692337989807,
    0.0342017225921154,
    0.021182924509048462,
    0.0150535823777318,
    0.010399183258414268,
    0.00707244174554944
  ],
  "grad_norm_squared": [
    217330.9375,
    170868.859375,
    149790.03125,
    89916.8359375,
    31121.740234375,
    8856.9052734375,
    2960.013916015625,
    1206.0264892578125,
    553.4493408203125,
    271.6025085449219,
    146.4517364501953,
    73.03598022460938,
    36.921966552734375,
    18.741809844970703,
    9.507015228271484,
    5.705011367797852,
    3.1029510498046875,
    1.6707873344421387,
    0.8901106119155884,
    0.5360384583473206,
    0.30592432618141174,
    0.17352989315986633,
    0.09208330512046814,
    0.04839019849896431,
    0.030480418354272842,
    0.017192279919981956,
    0.010458311066031456,
    0.006128992419689894,
    0.003380525391548872,
    0.0018846456659957767,
    0.0010278437985107303,
    0.0005943480646237731,
    0.00035344777279533446,
    0.00019965156388934702,
    0.0001262235891772434,
    6.963442865526304e-05,
    4.298496060073376e-05,
    3.044361983484123e-05,
    1.8381511836196296e-05,
    1.2201709068904165e-05,
    7.619588359375484e-06,
    5.411460733739659e-06,
    3.7149204672459746e-06,
    2.5198528419423383e-06
  ]
}