{
  "step": [
    0,
    20,
    40,
    60,
    80,
    100,
    120,
    140,
    160,
    180,
    200,
    220,
    240,
    260,
    280,
    300,
    320,
    340,
    360,
    380,
    400,
    420,
    440,
    460,
    480,
    500,
    520,
    540,
    560,
    580,
    600,
    620,
    640,
    660,
    680,
    700,
    720,
    740,
    760,
    780,
    800,
    820,
    840,
    860,
    880,
    900,
    920,
    940,
    960,
    980,
    1000,
    1020,
    1040,
    1060,
    1080,
    1100,
    1120,
    1140,
    1160
  ],
  "train_loss": [
    1059.232421875,
    816.0297241210938,
    562.3255615234375,
    309.96600341796875,
    138.9929656982422,
    60.65529251098633,
    27.658674240112305,
    13.183677673339844,
    6.671354293823242,
    3.6124467849731445,
    2.074852228164673,
    1.2456068992614746,
    0.7714059948921204,
    0.4879620373249054,
    0.31303074955940247,
    0.2026267796754837,
    0.13188810646533966,
    0.0861189067363739,
    0.05632651224732399,
    0.03686631843447685,
    0.024132108315825462,
    0.015792984515428543,
    0.010331494733691216,
    0.006755463778972626,
    0.004415055736899376,
    0.0028841185849159956,
    0.001883240882307291,
    0.001229215762577951,
    0.0008020720561034977,
    0.0005232148105278611,
    0.000341222359566018,
    0.00022248562891036272,
    0.00014504358114209026,
    9.454975952394307e-05,
    6.162228237371892e-05,
    4.0165708924178034e-05,
    2.617533755255863e-05,
    1.7065292922779918e-05,
    1.112774134526262e-05,
    7.263137831614586e-06,
    4.746613740280736e-06,
    3.1074914659257047e-06,
    2.038370439549908e-06,
    1.3433377716864925e-06,
    8.918348726183467e-07,
    5.971349423816719e-07,
    4.044453874030296e-07,
    2.7623164555734547e-07,
    1.9066719403326715e-07,
    1.3397612974586082e-07,
    9.549640367367829e-08,
    6.851430356391575e-08,
    4.9575643146226867e-08,
    3.672247927966055e-08,
    2.7133880919905096e-08,
    2.0128348765524606e-08,
    1.5244999929109326e-08,
    1.1678692679595315e-08,
    9.109359488945756e-09
  ],
  "test_loss": [
    1214.6473388671875,
    937.6248168945312,
    644.3159790039062,
    349.03326416015625,
    150.46624755859375,
    63.2047233581543,
    28.298641204833984,
    13.395853996276855,
    6.751142501831055,
    3.6398844718933105,
    2.079746961593628,
    1.2410285472869873,
    0.7635305523872375,
    0.4797265827655792,
    0.30571889877319336,
    0.1966637670993805,
    0.127277210354805,
    0.0826815664768219,
    0.05383168160915375,
    0.03509190306067467,
    0.022889696061611176,
    0.014933806844055653,
    0.009743288159370422,
    0.0063560171984136105,
    0.004145595245063305,
    0.0027033225633203983,
    0.001762497122399509,
    0.0011488653253763914,
    0.0007487745606340468,
    0.000487971497932449,
    0.0003179555060341954,
    0.0002071604540105909,
    0.0001349657104583457,
    8.792962762527168e-05,
    5.728025280404836e-05,
    3.7317433452699333e-05,
    2.431032589811366e-05,
    1.5843001165194437e-05,
    1.0327451491320971e-05,
    6.738263437000569e-06,
    4.402380454848753e-06,
    2.881313321267953e-06,
    1.890078578981047e-06,
    1.2456044942155131e-06,
    8.269136060334858e-07,
    5.538439040719823e-07,
    3.7493813920264074e-07,
    2.559119707257196e-07,
    1.765664165986891e-07,
    1.2408010263698088e-07,
    8.854058108909157e-08,
    6.36120205399493e-08,
    4.602691561217398e-08,
    3.4047126007408224e-08,
    2.5099243572412888e-08,
    1.8611599372775345e-08,
    1.4055554053982178e-08,
    1.0727291943624095e-08,
    8.362069259248983e-09
  ],
  "trace_gradient_covariance": [
    771626.25,
    714634.9375,
    747593.8125,
    631633.3125,
    357529.09375,
    167940.9375,
    78848.8359375,
    37788.10546875,
    18893.40625,
    10060.2529296875,
    5697.5751953125,
    3386.74609375,
    2083.969482421875,
    1313.20556640625,
    840.8063354492188,
    543.9332885742188,
    354.1402282714844,
    231.4300994873047,
    151.53341674804688,
    99.29969024658203,
    65.0783920288086,
    42.63849639892578,
    27.922500610351562,
    18.27472686767578,
    11.95327377319336,
    7.813955307006836,
    5.105355739593506,
    3.3340487480163574,
    2.1764376163482666,
    1.4202747344970703,
    0.9265390038490295,
    0.6042826175689697,
    0.3940333425998688,
    0.25690460205078125,
    0.16746172308921814,
    0.1091669499874115,
    0.0711500272154808,
    0.046392541378736496,
    0.030255217105150223,
    0.01975092478096485,
    0.012909178622066975,
    0.008452064357697964,
    0.0055449353531003,
    0.0036545388866215944,
    0.00242676236666739,
    0.0016248556785285473,
    0.0011005945270881057,
    0.0007517626509070396,
    0.0005190298543311656,
    0.0003646599070634693,
    0.0002598919381853193,
    0.00018646866374183446,
    0.0001349250815110281,
    9.992977720685303e-05,
    7.386989454971626e-05,
    5.481272819451988e-05,
    4.151971006649546e-05,
    3.1842613680055365e-05,
    2.4865084924385883e-05
  ],
  "trace_hessian_covariance": [
    48031408.0,
    6229339.0,
    16825192.0,
    67109672.0,
    72462968.0,
    41954324.0,
    21193868.0,
    10434217.0,
    5217168.5,
    2746575.0,
    1536220.25,
    903766.4375,
    551663.375,
    345512.25,
    220226.953125,
    142014.46875,
    92261.75,
    60208.859375,
    39389.70703125,
    25800.037109375,
    16905.013671875,
    11075.27734375,
    7253.05810546875,
    4747.3720703125,
    3105.521728515625,
    2030.3282470703125,
    1326.683349609375,
    866.472412109375,
    565.6736450195312,
    369.16796875,
    240.8473358154297,
    157.08706665039062,
    102.43605041503906,
    66.78926849365234,
    43.53718185424805,
    28.38210678100586,
    18.49852752685547,
    12.061963081359863,
    7.866309642791748,
    5.13527250289917,
    3.3564791679382324,
    2.1975996494293213,
    1.4417461156845093,
    0.9502151608467102,
    0.6310253739356995,
    0.42252039909362793,
    0.2862102687358856,
    0.19553765654563904,
    0.13502009212970734,
    0.09486183524131775,
    0.06761214882135391,
    0.04851895198225975,
    0.03511722758412361,
    0.026020584627985954,
    0.019243966788053513,
    0.01428594347089529,
    0.010827976278960705,
    0.008313318714499474,
    0.006502787582576275
  ],
  "grad_norm_squared": [
    128612.640625,
    121209.3203125,
    131855.078125,
    111422.4375,
    57961.7421875,
    24215.029296875,
    10466.939453125,
    4659.5400390625,
    2137.85791015625,
    1041.626953125,
    545.5869140625,
    304.7974548339844,
    179.04217529296875,
    109.12528228759766,
    68.27757263183594,
    43.49524688720703,
    28.038877487182617,
    18.210838317871094,
    11.880491256713867,
    7.769585609436035,
    5.086944103240967,
    3.331695795059204,
    2.181828737258911,
    1.4282598495483398,
    0.9344911575317383,
    0.6110917925834656,
    0.3994002938270569,
    0.26091015338897705,
    0.17036797106266022,
    0.11120422184467316,
    0.07256115227937698,
    0.04733236879110336,
    0.030868403613567352,
    0.020128384232521057,
    0.013121837750077248,
    0.008554641157388687,
    0.005575895309448242,
    0.0036357934586703777,
    0.0023710608948022127,
    0.001547767547890544,
    0.0010115918703377247,
    0.0006623203516937792,
    0.0004344893095549196,
    0.0002863663248717785,
    0.00019013673590961844,
    0.00012731444439850748,
    8.623895701020956e-05,
    5.890792090212926e-05,
    4.0669459849596024e-05,
    2.857722938642837e-05,
    2.03705822059419e-05,
    1.4615317923016846e-05,
    1.0577841749181971e-05,
    7.838924830139149e-06,
    5.795740435132757e-06,
    4.30343834523228e-06,
    3.2642528822179884e-06,
    2.5063043267437024e-06,
    1.958280336111784e-06
  ]
}