{
  "step": [
    0,
    20,
    40,
    60,
    80,
    100,
    120,
    140,
    160,
    180,
    200,
    220,
    240,
    260,
    280,
    300,
    320,
    340,
    360,
    380,
    400,
    420,
    440,
    460,
    480,
    500,
    520,
    540,
    560,
    580,
    600,
    620,
    640,
    660,
    680,
    700,
    720,
    740,
    760,
    780,
    800,
    820,
    840,
    860,
    880,
    900,
    920,
    940,
    960,
    980,
    1000,
    1020,
    1040,
    1060,
    1080,
    1100,
    1120,
    1140
  ],
  "train_loss": [
    1057.2755126953125,
    823.3329467773438,
    539.735107421875,
    285.6319580078125,
    144.76820373535156,
    60.734710693359375,
    28.663814544677734,
    13.484977722167969,
    6.7476606369018555,
    3.4918570518493652,
    2.0595741271972656,
    1.2326740026474,
    0.8000711798667908,
    0.5022767186164856,
    0.3061680197715759,
    0.1979634016752243,
    0.12854929268360138,
    0.0806119292974472,
    0.05272451043128967,
    0.03418920934200287,
    0.023469239473342896,
    0.014924963004887104,
    0.00953930988907814,
    0.006296216975897551,
    0.004092509392648935,
    0.002780138049274683,
    0.0017922630067914724,
    0.0011264662025496364,
    0.0007392737315967679,
    0.0005012578330934048,
    0.00032687935163266957,
    0.00021400632977019995,
    0.00014330843987409025,
    9.179428889183328e-05,
    5.8505116612650454e-05,
    3.751100302906707e-05,
    2.323016815353185e-05,
    1.5091803106770385e-05,
    1.0200026736129075e-05,
    6.563271199411247e-06,
    4.37942753706011e-06,
    2.9089494546497008e-06,
    1.8421984577798867e-06,
    1.2759422816088772e-06,
    8.024877615753212e-07,
    5.315941962180659e-07,
    3.5498408124112757e-07,
    2.3472655641398887e-07,
    1.535171207933672e-07,
    1.1150954293270843e-07,
    7.577419580684364e-08,
    5.169280115069341e-08,
    3.7855475198966815e-08,
    2.7238723276923338e-08,
    1.9275612217484195e-08,
    1.4478884757807009e-08,
    1.0557700491631294e-08,
    8.215322644389289e-09
  ],
  "test_loss": [
    1211.5970458984375,
    944.9986572265625,
    614.5733032226562,
    315.5878601074219,
    158.11453247070312,
    63.150936126708984,
    29.086854934692383,
    13.569940567016602,
    6.796879291534424,
    3.474381923675537,
    2.0808639526367188,
    1.2324072122573853,
    0.7913218140602112,
    0.4937625229358673,
    0.29964393377304077,
    0.19028037786483765,
    0.1224675327539444,
    0.07717694342136383,
    0.049847427755594254,
    0.032103121280670166,
    0.022579707205295563,
    0.01415130402892828,
    0.009174470789730549,
    0.006082829087972641,
    0.003837645286694169,
    0.002580363303422928,
    0.0016515381867066026,
    0.0010455084266141057,
    0.0006905615446157753,
    0.0004585305287037045,
    0.0003065907512791455,
    0.00020046386634930968,
    0.0001349801168544218,
    8.546741446480155e-05,
    5.402949682320468e-05,
    3.508675945340656e-05,
    2.170428888348397e-05,
    1.411359971825732e-05,
    9.41577491175849e-06,
    6.0523025240399875e-06,
    4.061198978888569e-06,
    2.667887883944786e-06,
    1.7211682461493183e-06,
    1.1741919934138423e-06,
    7.37794096039579e-07,
    4.966018423147034e-07,
    3.289874825895822e-07,
    2.1800468630317482e-07,
    1.4165399875309959e-07,
    1.0361085145405013e-07,
    7.138469726442054e-08,
    4.887048632440383e-08,
    3.509275359192543e-08,
    2.535217724641825e-08,
    1.8025964720891352e-08,
    1.3450270230919159e-08,
    9.878096562943028e-09,
    7.810730728863291e-09
  ],
  "trace_gradient_covariance": [
    770872.9375,
    720367.25,
    749225.9375,
    596478.75,
    373151.75,
    167219.015625,
    81924.8359375,
    39017.65625,
    19289.98828125,
    9802.734375,
    5647.80029296875,
    3339.1943359375,
    2157.551025390625,
    1348.412353515625,
    825.1076049804688,
    533.3757934570312,
    347.6264343261719,
    218.07630920410156,
    142.04676818847656,
    92.134521484375,
    63.29508972167969,
    40.22762680053711,
    25.774534225463867,
    17.042306900024414,
    11.084586143493652,
    7.541594982147217,
    4.877567768096924,
    3.0702321529388428,
    2.0025103092193604,
    1.3589543104171753,
    0.8865727782249451,
    0.5800519585609436,
    0.3881397247314453,
    0.24945247173309326,
    0.15891727805137634,
    0.10211717337369919,
    0.06323552131652832,
    0.041067399084568024,
    0.027599696069955826,
    0.01787823997437954,
    0.011920060031116009,
    0.007909029722213745,
    0.005011206027120352,
    0.0034732366912066936,
    0.002185427350923419,
    0.0014444466214627028,
    0.0009632459259591997,
    0.0006378667894750834,
    0.0004165332647971809,
    0.00030252832220867276,
    0.00020637776469811797,
    0.00014086854935158044,
    0.00010337003914173692,
    7.406270742649212e-05,
    5.228188820183277e-05,
    3.9376638596877456e-05,
    2.8771104553015903e-05,
    2.245913856313564e-05
  ],
  "trace_hessian_covariance": [
    47467012.0,
    7748661.5,
    21542808.0,
    70460496.0,
    73883240.0,
    41533688.0,
    21844730.0,
    10800059.0,
    5360173.5,
    2695067.75,
    1520015.875,
    888799.0,
    570737.9375,
    354685.84375,
    216228.671875,
    139370.40625,
    90712.7109375,
    56744.6015625,
    36886.5,
    23923.513671875,
    16429.798828125,
    10448.5751953125,
    6692.32080078125,
    4425.9140625,
    2878.05322265625,
    1960.080078125,
    1270.427001953125,
    798.6776123046875,
    519.7252807617188,
    353.07879638671875,
    230.274169921875,
    150.62237548828125,
    100.7779769897461,
    64.81441497802734,
    41.29032897949219,
    26.540782928466797,
    16.444746017456055,
    10.664073944091797,
    7.176217079162598,
    4.647996425628662,
    3.0985002517700195,
    2.055011510848999,
    1.3011945486068726,
    0.9027556777000427,
    0.5677591562271118,
    0.3753410875797272,
    0.2503504157066345,
    0.166059672832489,
    0.10835293680429459,
    0.07866095751523972,
    0.05365663394331932,
    0.03664357587695122,
    0.026918236166238785,
    0.019281968474388123,
    0.01360415294766426,
    0.010256067849695683,
    0.007496724836528301,
    0.005853721871972084
  ],
  "grad_norm_squared": [
    128376.234375,
    122180.140625,
    132549.96875,
    104726.2421875,
    61397.26171875,
    24115.60546875,
    11055.46484375,
    4935.8994140625,
    2218.2353515625,
    1029.115234375,
    540.168701171875,
    301.07781982421875,
    185.21145629882812,
    114.56509399414062,
    68.33763122558594,
    42.42441940307617,
    27.803340911865234,
    17.121784210205078,
    11.07979679107666,
    7.188619613647461,
    4.981429576873779,
    3.1611247062683105,
    2.030829429626465,
    1.3475085496902466,
    0.8671492338180542,
    0.5901875495910645,
    0.3863567113876343,
    0.2410014569759369,
    0.15723493695259094,
    0.10700638592243195,
    0.06955923140048981,
    0.04560784250497818,
    0.03064284846186638,
    0.019540533423423767,
    0.01246383786201477,
    0.008002391085028648,
    0.004957495257258415,
    0.0032252641394734383,
    0.0021964602638036013,
    0.0014014345360919833,
    0.0009335940703749657,
    0.0006205390673130751,
    0.0003947445657104254,
    0.0002720911870710552,
    0.00017125527665484697,
    0.00011334950977470726,
    7.593202462885529e-05,
    5.039009192842059e-05,
    3.2833115255925804e-05,
    2.3799339032848366e-05,
    1.6229081666097045e-05,
    1.1105425073765218e-05,
    8.119855920085683e-06,
    5.829324436490424e-06,
    4.13212001149077e-06,
    3.0926717045076657e-06,
    2.2568608528672485e-06,
    1.7711699911160395e-06
  ]
}