{
  "step": [
    0,
    20,
    40,
    60,
    80,
    100,
    120,
    140,
    160,
    180,
    200,
    220,
    240,
    260,
    280,
    300,
    320,
    340,
    360,
    380,
    400,
    420,
    440,
    460,
    480,
    500,
    520,
    540,
    560,
    580,
    600,
    620,
    640,
    660,
    680,
    700,
    720,
    740,
    760,
    780,
    800,
    820,
    840,
    860
  ],
  "train_loss": [
    1113.59521484375,
    728.24267578125,
    435.67779541015625,
    191.23109436035156,
    52.32333755493164,
    18.005409240722656,
    7.31918478012085,
    3.390970230102539,
    1.6609864234924316,
    0.8736572265625,
    0.4390435814857483,
    0.23309579491615295,
    0.11493314802646637,
    0.06341881304979324,
    0.03538958728313446,
    0.01937556453049183,
    0.01028677448630333,
    0.005905684549361467,
    0.0033487032633274794,
    0.0018738514045253396,
    0.0011017348151654005,
    0.0006174033042043447,
    0.0003322052943985909,
    0.00019442556367721409,
    0.00010007574019255117,
    6.283362017711625e-05,
    3.5725384805118665e-05,
    2.0894576664431952e-05,
    1.1630801964201964e-05,
    6.6006582528643776e-06,
    3.597792783693876e-06,
    2.032103793681017e-06,
    1.2024673878840986e-06,
    6.013748929944995e-07,
    3.725128578935255e-07,
    2.492490978056594e-07,
    1.623455716526223e-07,
    1.0045171450201451e-07,
    6.419406162194718e-08,
    3.917656243856982e-08,
    2.6557779975178164e-08,
    1.851840281119621e-08,
    1.3034327395189393e-08,
    8.614541080476101e-09
  ],
  "test_loss": [
    1274.947021484375,
    844.7637939453125,
    510.13519287109375,
    221.51025390625,
    56.49235916137695,
    18.189105987548828,
    7.099631309509277,
    3.241081476211548,
    1.569518804550171,
    0.8131428360939026,
    0.4030398726463318,
    0.21236500144004822,
    0.10505077242851257,
    0.057889580726623535,
    0.03260672464966774,
    0.01763763092458248,
    0.00934693031013012,
    0.005217874888330698,
    0.002988374326378107,
    0.001705551752820611,
    0.001014408189803362,
    0.0005763001972809434,
    0.00031009031226858497,
    0.00017930488684214652,
    9.141898772213608e-05,
    5.6676886742934585e-05,
    3.299258969491348e-05,
    1.9539662389433943e-05,
    1.0679759725462645e-05,
    5.95909341427614e-06,
    3.2774973988125566e-06,
    1.8599105260364013e-06,
    1.118397790378367e-06,
    5.489932846103329e-07,
    3.4281967487004295e-07,
    2.254888613606454e-07,
    1.4831122996383783e-07,
    9.08778474695282e-08,
    5.816115589141191e-08,
    3.626602307349458e-08,
    2.430357604055189e-08,
    1.6853661577442836e-08,
    1.2011257766175731e-08,
    7.953915748259988e-09
  ],
  "trace_gradient_covariance": [
    1321718.75,
    1035781.4375,
    894229.875,
    566167.9375,
    186796.609375,
    61138.70703125,
    23600.884765625,
    10548.3642578125,
    5144.09228515625,
    2716.812744140625,
    1357.376220703125,
    710.5479125976562,
    346.1895751953125,
    189.23655700683594,
    105.21941375732422,
    57.633514404296875,
    30.377656936645508,
    17.421329498291016,
    9.860345840454102,
    5.526885509490967,
    3.2579214572906494,
    1.829467535018921,
    0.9860621690750122,
    0.5747787356376648,
    0.2943248450756073,
    0.18464526534080505,
    0.10525738447904587,
    0.06145690754055977,
    0.03436325863003731,
    0.01944635808467865,
    0.01056939922273159,
    0.005958511959761381,
    0.0035542743280529976,
    0.0017687376821413636,
    0.001097933971323073,
    0.0007331322995014489,
    0.0004777076537720859,
    0.00029516228823922575,
    0.00018873161752708256,
    0.0001154549972852692,
    7.816751895006746e-05,
    5.4416457714978606e-05,
    3.837317490251735e-05,
    2.5382698368048295e-05
  ],
  "trace_hessian_covariance": [
    148641472.0,
    49782092.0,
    78842256.0,
    110746992.0,
    57045908.0,
    19325754.0,
    7131189.5,
    3050046.25,
    1468866.625,
    776854.3125,
    385451.09375,
    198889.5625,
    95652.3828125,
    51719.828125,
    28547.162109375,
    15605.3642578125,
    8204.439453125,
    4698.55517578125,
    2653.3798828125,
    1483.0228271484375,
    872.7713012695312,
    490.7815246582031,
    264.4566955566406,
    153.92047119140625,
    78.73506927490234,
    49.43193817138672,
    28.17522430419922,
    16.44957160949707,
    9.21240520477295,
    5.2134552001953125,
    2.8288094997406006,
    1.5951231718063354,
    0.9516809582710266,
    0.47339820861816406,
    0.2939126789569855,
    0.19658835232257843,
    0.12802423536777496,
    0.07917051762342453,
    0.05058073252439499,
    0.03093581832945347,
    0.020952679216861725,
    0.014596180059015751,
    0.010289566591382027,
    0.006808511447161436
  ],
  "grad_norm_squared": [
    215884.03125,
    170782.0625,
    150800.515625,
    94907.8515625,
    28922.736328125,
    8323.958984375,
    2873.603759765625,
    1209.786376953125,
    567.8970947265625,
    297.46905517578125,
    145.14877319335938,
    74.16366577148438,
    35.296627044677734,
    18.808027267456055,
    10.312882423400879,
    5.672016620635986,
    2.989572286605835,
    1.7145652770996094,
    0.9615274667739868,
    0.5307542681694031,
    0.3137858510017395,
    0.1773056834936142,
    0.0951310247182846,
    0.05526137724518776,
    0.0283593088388443,
    0.017762472853064537,
    0.010092237964272499,
    0.0059304614551365376,
    0.003284459700807929,
    0.0018686441471800208,
    0.0010151681490242481,
    0.0005745051894336939,
    0.00034229332231916487,
    0.00016952736768871546,
    0.000105180217360612,
    7.04721751390025e-05,
    4.5730288547929376e-05,
    2.8487813324318267e-05,
    1.8115828424924985e-05,
    1.1059344615205191e-05,
    7.4817726272158325e-06,
    5.231688191997819e-06,
    3.675265588753973e-06,
    2.4306352770508965e-06
  ]
}