{
  "step": [
    0,
    20,
    40,
    60,
    80,
    100,
    120,
    140,
    160,
    180,
    200,
    220,
    240,
    260,
    280,
    300,
    320,
    340,
    360,
    380,
    400,
    420,
    440,
    460,
    480,
    500,
    520,
    540,
    560,
    580,
    600,
    620,
    640,
    660,
    680,
    700,
    720,
    740,
    760,
    780,
    800,
    820,
    840,
    860,
    880,
    900,
    920,
    940,
    960,
    980,
    1000,
    1020,
    1040,
    1060,
    1080,
    1100,
    1120,
    1140,
    1160,
    1180,
    1200,
    1220,
    1240,
    1260,
    1280,
    1300,
    1320,
    1340,
    1360,
    1380,
    1400,
    1420,
    1440,
    1460,
    1480,
    1500,
    1520,
    1540,
    1560,
    1580,
    1600,
    1620,
    1640,
    1660,
    1680,
    1700,
    1720,
    1740,
    1760,
    1780,
    1800,
    1820,
    1840,
    1860,
    1880,
    1900,
    1920,
    1940,
    1960,
    1980,
    2000
  ],
  "train_loss": [
    1064.325439453125,
    987.3125610351562,
    904.6410522460938,
    803.8709716796875,
    680.1695556640625,
    550.1643676757812,
    446.3720397949219,
    371.1875915527344,
    303.8431701660156,
    234.0139923095703,
    162.27932739257812,
    96.998291015625,
    49.765342712402344,
    23.913677215576172,
    12.355568885803223,
    7.3601202964782715,
    4.966344356536865,
    3.6395483016967773,
    2.8027420043945312,
    2.2206320762634277,
    1.7870179414749146,
    1.4492781162261963,
    1.1789525747299194,
    0.9592371582984924,
    0.7792900204658508,
    0.6315154433250427,
    0.510204017162323,
    0.41083475947380066,
    0.32970479130744934,
    0.26371702551841736,
    0.21026283502578735,
    0.16713742911815643,
    0.13248276710510254,
    0.10473988950252533,
    0.0826084166765213,
    0.06501100212335587,
    0.051061008125543594,
    0.04003266990184784,
    0.03133554011583328,
    0.024492457509040833,
    0.019118960946798325,
    0.0149071728810668,
    0.011611154302954674,
    0.009035591967403889,
    0.007025610189884901,
    0.005458840634673834,
    0.0042387135326862335,
    0.00328944087959826,
    0.002551478799432516,
    0.0019781761802732944,
    0.0015331110917031765,
    0.0011877461802214384,
    0.0009199067717418075,
    0.0007122828392311931,
    0.0005513864452950656,
    0.0004267417825758457,
    0.00033021983108483255,
    0.0002554839011281729,
    0.0001976352941710502,
    0.00015286277630366385,
    0.00011822290252894163,
    9.142336784861982e-05,
    7.069217099342495e-05,
    5.466120637720451e-05,
    4.2262094211764634e-05,
    3.2676252885721624e-05,
    2.526403659430798e-05,
    1.9531094949343242e-05,
    1.5099739357538056e-05,
    1.1676938811433502e-05,
    9.02839565242175e-06,
    6.979622412472963e-06,
    5.400074769568164e-06,
    4.175835783826187e-06,
    3.2308660138369305e-06,
    2.499128868294065e-06,
    1.9390049601497594e-06,
    1.4997006019257242e-06,
    1.1619612223512377e-06,
    9.006728305394063e-07,
    6.994374075475207e-07,
    5.4039151109464e-07,
    4.224608574077138e-07,
    3.303183575553703e-07,
    2.5962552285818674e-07,
    2.0299496839015774e-07,
    1.5965551369845343e-07,
    1.2654376746468188e-07,
    1.0009237882968591e-07,
    7.914803035191653e-08,
    6.25526155317857e-08,
    5.113894374630945e-08,
    4.228781236292889e-08,
    3.483347299493289e-08,
    2.865879977775876e-08,
    2.3471320886869762e-08,
    1.9445739241064075e-08,
    1.6335455654825637e-08,
    1.3790203645669408e-08,
    1.1704426761127706e-08,
    9.98196458823486e-09
  ],
  "test_loss": [
    1219.060302734375,
    1130.4193115234375,
    1034.707275390625,
    916.696044921875,
    770.1167602539062,
    614.9567260742188,
    491.9181213378906,
    405.6080627441406,
    330.7584533691406,
    254.06851196289062,
    175.5615234375,
    104.33192443847656,
    53.037078857421875,
    25.153337478637695,
    12.7999906539917,
    7.5178022384643555,
    5.013084411621094,
    3.637988328933716,
    2.7787716388702393,
    2.1867847442626953,
    1.7500088214874268,
    1.4128291606903076,
    1.1450698375701904,
    0.9288892149925232,
    0.7528136968612671,
    0.6088686585426331,
    0.4911307692527771,
    0.3949715495109558,
    0.3166469931602478,
    0.25306132435798645,
    0.20163120329380035,
    0.16018937528133392,
    0.12692011892795563,
    0.10030733793973923,
    0.07909060269594193,
    0.062228973954916,
    0.048867613077163696,
    0.03830792382359505,
    0.02998245693743229,
    0.023433029651641846,
    0.018290985375642776,
    0.014261025004088879,
    0.011107655242085457,
    0.00864364579319954,
    0.006720803212374449,
    0.00522200670093298,
    0.004054873250424862,
    0.003146790200844407,
    0.0024408644530922174,
    0.0018924492178484797,
    0.0014666970819234848,
    0.001136317034251988,
    0.0008800892974250019,
    0.0006814700900577009,
    0.0005275431904010475,
    0.00040829082718119025,
    0.000315950223011896,
    0.00024443675647489727,
    0.00018909819482360035,
    0.0001462644140701741,
    0.00011312096467008814,
    8.748737309360877e-05,
    6.76528288749978e-05,
    5.231382237980142e-05,
    4.044521119794808e-05,
    3.127282252535224e-05,
    2.418157964712009e-05,
    1.8693537640501745e-05,
    1.4451171409746166e-05,
    1.1175906365679111e-05,
    8.641066415293608e-06,
    6.68026541461586e-06,
    5.168852112547029e-06,
    3.996965915575856e-06,
    3.093075065407902e-06,
    2.3919465093058534e-06,
    1.8565383470559027e-06,
    1.4357647160068154e-06,
    1.112570203076757e-06,
    8.631419063931389e-07,
    6.713808602398785e-07,
    5.186781208976754e-07,
    4.0568860981693433e-07,
    3.170400759699987e-07,
    2.490669714916294e-07,
    1.9470036249913392e-07,
    1.5290629562514368e-07,
    1.213214204653923e-07,
    9.60651007630986e-08,
    7.609193630742084e-08,
    6.02550116468592e-08,
    4.926149799189261e-08,
    4.08428277864914e-08,
    3.368350576238299e-08,
    2.7762503407302574e-08,
    2.2676184485703743e-08,
    1.8757528863488915e-08,
    1.5747746218153225e-08,
    1.3212750893387692e-08,
    1.1232994978627175e-08,
    9.571225589866117e-09
  ],