{
  "step": [
    0,
    20,
    40,
    60,
    80,
    100,
    120,
    140,
    160,
    180,
    200,
    220,
    240,
    260,
    280,
    300,
    320,
    340,
    360,
    380,
    400,
    420,
    440,
    460,
    480,
    500,
    520,
    540,
    560,
    580,
    600,
    620,
    640,
    660,
    680,
    700,
    720,
    740,
    760,
    780,
    800,
    820,
    840,
    860,
    880,
    900,
    920,
    940,
    960,
    980,
    1000,
    1020,
    1040,
    1060,
    1080,
    1100,
    1120,
    1140,
    1160,
    1180,
    1200,
    1220,
    1240,
    1260,
    1280,
    1300,
    1320,
    1340,
    1360,
    1380,
    1400,
    1420,
    1440,
    1460,
    1480,
    1500,
    1520,
    1540,
    1560,
    1580,
    1600,
    1620,
    1640,
    1660,
    1680,
    1700,
    1720,
    1740,
    1760,
    1780,
    1800,
    1820,
    1840,
    1860,
    1880,
    1900,
    1920,
    1940,
    1960,
    1980
  ],
  "train_loss": [
    1064.8214111328125,
    989.9641723632812,
    907.756103515625,
    812.6526489257812,
    688.0488891601562,
    552.5957641601562,
    456.531982421875,
    376.46453857421875,
    305.8078918457031,
    245.2877960205078,
    167.1422576904297,
    96.3066635131836,
    47.56374740600586,
    22.325302124023438,
    11.51806640625,
    7.307517051696777,
    4.811347484588623,
    3.5553295612335205,
    2.7154502868652344,
    2.219052791595459,
    1.7797445058822632,
    1.440558910369873,
    1.1845217943191528,
    0.9532111883163452,
    0.7679741978645325,
    0.6321103572845459,
    0.5174317359924316,
    0.39638620615005493,
    0.32031822204589844,
    0.2582617700099945,
    0.20842421054840088,
    0.1670738011598587,
    0.13301804661750793,
    0.10790208727121353,
    0.0831511989235878,
    0.06479905545711517,
    0.04961928725242615,
    0.03965310752391815,
    0.03158114477992058,
    0.024222487583756447,
    0.018949223682284355,
    0.015222402289509773,
    0.012012690305709839,
    0.00922146625816822,
    0.00702270632609725,
    0.005351790692657232,
    0.004180293530225754,
    0.003230289090424776,
    0.002444095443934202,
    0.0019416427239775658,
    0.0015025868779048324,
    0.0011818152852356434,
    0.0009054908296093345,
    0.0006991740665398538,
    0.0005532028153538704,
    0.0004186933801975101,
    0.00033569789957255125,
    0.00024889587075449526,
    0.00019720870477613062,
    0.00014931487385183573,
    0.00011549819464562461,
    8.916444494388998e-05,
    7.070223364280537e-05,
    5.613633766188286e-05,
    4.373785850475542e-05,
    3.1818119168747216e-05,
    2.419589327473659e-05,
    1.8881208234233782e-05,
    1.426161816198146e-05,
    1.1138670743093826e-05,
    8.783039447735064e-06,
    6.992171620368026e-06,
    5.198042345000431e-06,
    3.982602720498107e-06,
    3.0906628580851248e-06,
    2.4096293600450736e-06,
    1.8511032067181077e-06,
    1.4077708101467579e-06,
    1.0944447694782866e-06,
    8.547875722797471e-07,
    6.687831728413585e-07,
    5.095010351396922e-07,
    4.0362942854699213e-07,
    3.104496784089861e-07,
    2.466553041813313e-07,
    1.8817816282989952e-07,
    1.4771266876323352e-07,
    1.1371642472113308e-07,
    8.798118500408236e-08,
    7.153730763320709e-08,
    5.678887049498371e-08,
    4.532611086460747e-08,
    3.572744233792946e-08,
    2.9034065818223098e-08,
    2.3631249845834645e-08,
    1.956170869732432e-08,
    1.631753043795925e-08,
    1.3438445911617691e-08,
    1.079412559334969e-08,
    9.43470812586611e-09
  ],
  "test_loss": [
    1219.8040771484375,
    1134.1942138671875,
    1039.599609375,
    928.1807250976562,
    781.4458618164062,
    617.8179931640625,
    503.61334228515625,
    407.18359375,
    334.4772644042969,
    268.2724609375,
    180.7826385498047,
    104.08927154541016,
    50.23763656616211,
    23.272581100463867,
    11.862739562988281,
    7.425076484680176,
    4.799111366271973,
    3.526550054550171,
    2.6968250274658203,
    2.1803369522094727,
    1.7423417568206787,
    1.405450701713562,
    1.154868245124817,
    0.9226879477500916,
    0.7338491678237915,
    0.6090158820152283,
    0.4996487498283386,
    0.3783375322818756,
    0.31014662981033325,
    0.2510864734649658,
    0.19954025745391846,
    0.15889526903629303,
    0.12465543299913406,
    0.10174823552370071,
    0.07873142510652542,
    0.06275131553411484,
    0.048043496906757355,
    0.03791813179850578,
    0.030095739290118217,
    0.023002587258815765,
    0.018170252442359924,
    0.014529530890285969,
    0.011525966227054596,
    0.008712831884622574,
    0.006714370101690292,
    0.005109650082886219,
    0.003999357111752033,
    0.003047266975045204,
    0.0023383924271911383,
    0.0018512795213609934,
    0.0014536555390805006,
    0.0011332706781104207,
    0.0008525435696355999,
    0.0006645896937698126,
    0.0005367937264963984,
    0.00040374722448177636,
    0.00031763335573486984,
    0.00023907041759230196,
    0.00018849568732548505,
    0.00014241746976040304,
    0.0001108568103518337,
    8.548150071874261e-05,
    6.839186244178563e-05,
    5.4016629292164e-05,
    4.192743654130027e-05,
    3.048887629120145e-05,
    2.284576476085931e-05,
    1.775685086613521e-05,
    1.3582109204435255e-05,
    1.07585319710779e-05,
    8.422085556958336e-06,
    6.6992697611567564e-06,
    4.976508080289932e-06,
    3.8174230212462135e-06,
    2.9868708679714473e-06,
    2.3159404918260407e-06,
    1.7883822920339298e-06,
    1.3673121657120646e-06,
    1.0529056453378871e-06,
    8.184067610272905e-07,
    6.351341994559334e-07,
    4.869931444773101e-07,
    3.873024354561494e-07,
    2.973797847971582e-07,
    2.3425791084719094e-07,
    1.7982974043206923e-07,
    1.40594792696902e-07,
    1.0864553701139812e-07,
    8.486233582516434e-08,
    6.895340476376077e-08,
    5.427268590096901e-08,
    4.315761614748226e-08,
    3.4218583522260815e-08,
    2.8161142751059742e-08,
    2.2715392233862985e-08,
    1.8703142146136997e-08,
    1.5619475490780133e-08,
    1.305649011129617e-08,
    1.0214692203192044e-08,
    8.959403885455686e-09
  ],