{
  "step": [
    0,
    20,
    40,
    60,
    80,
    100,
    120,
    140,
    160,
    180,
    200,
    220,
    240,
    260,
    280,
    300,
    320,
    340,
    360,
    380,
    400,
    420,
    440,
    460,
    480,
    500,
    520,
    540,
    560,
    580,
    600,
    620,
    640,
    660,
    680,
    700,
    720,
    740,
    760,
    780,
    800,
    820,
    840,
    860,
    880,
    900,
    920,
    940,
    960,
    980,
    1000,
    1020,
    1040,
    1060,
    1080,
    1100,
    1120,
    1140,
    1160,
    1180,
    1200,
    1220,
    1240,
    1260,
    1280,
    1300,
    1320,
    1340,
    1360,
    1380,
    1400,
    1420,
    1440,
    1460,
    1480,
    1500,
    1520,
    1540,
    1560,
    1580,
    1600,
    1620,
    1640,
    1660,
    1680,
    1700,
    1720,
    1740,
    1760,
    1780,
    1800,
    1820,
    1840,
    1860,
    1880,
    1900,
    1920,
    1940,
    1960,
    1980
  ],
  "train_loss": [
    1064.526123046875,
    989.1007690429688,
    901.699951171875,
    805.78759765625,
    691.712158203125,
    548.9747924804688,
    452.4371032714844,
    377.96923828125,
    307.134033203125,
    238.408447265625,
    165.28453063964844,
    98.88358306884766,
    48.96006774902344,
    25.397058486938477,
    12.319311141967773,
    7.431828022003174,
    5.119568824768066,
    3.691161632537842,
    2.792501211166382,
    2.2735390663146973,
    1.8167370557785034,
    1.5112484693527222,
    1.2497515678405762,
    1.0185861587524414,
    0.8111699223518372,
    0.6488332152366638,
    0.5292581915855408,
    0.4264015555381775,
    0.32867953181266785,
    0.2679738998413086,
    0.21499772369861603,
    0.16507317125797272,
    0.13278451561927795,
    0.10327529162168503,
    0.08172091841697693,
    0.06606975942850113,
    0.0515361987054348,
    0.039372894912958145,
    0.032009679824113846,
    0.024525362998247147,
    0.01936294697225094,
    0.01476484164595604,
    0.011906052008271217,
    0.009529869072139263,
    0.007298667915165424,
    0.005551920272409916,
    0.004341416526585817,
    0.0034588060807436705,
    0.0026682510506361723,
    0.0020505371503531933,
    0.0015553008997812867,
    0.001197327976115048,
    0.0009265660773962736,
    0.0007410453399643302,
    0.0005682205082848668,
    0.00042731399298645556,
    0.00031621387461200356,
    0.0002444856218062341,
    0.00019488143152557313,
    0.00015023292507976294,
    0.00011803018423961475,
    9.442315058549866e-05,
    7.233020005514845e-05,
    5.7702236517798156e-05,
    4.36628979514353e-05,
    3.2640276913298294e-05,
    2.554709317337256e-05,
    2.0251785826985724e-05,
    1.5974232155713253e-05,
    1.1846300367324147e-05,
    8.937736311054323e-06,
    6.92726507622865e-06,
    5.495161531143822e-06,
    4.267638814781094e-06,
    3.2389498301199637e-06,
    2.461055373714771e-06,
    1.9481412891764194e-06,
    1.4926090443623252e-06,
    1.1636808494586148e-06,
    8.83387372141442e-07,
    6.817907660661149e-07,
    5.444258590614481e-07,
    4.3890074152841407e-07,
    3.277382916166971e-07,
    2.482841807704972e-07,
    1.917579623977872e-07,
    1.5217196391859034e-07,
    1.202192834171001e-07,
    9.684058710490717e-08,
    7.307924931865273e-08,
    5.796373869770832e-08,
    4.6726547964226484e-08,
    3.725122255104907e-08,
    2.931572851139208e-08,
    2.4273948184827532e-08,
    1.9769785808421148e-08,
    1.6774489353110766e-08,
    1.3563185241594056e-08,
    1.0747830181401241e-08,
    8.958045860651964e-09
  ],
  "test_loss": [
    1219.0960693359375,
    1132.6824951171875,
    1030.0107421875,
    918.0698852539062,
    783.97705078125,
    613.9096069335938,
    497.7609558105469,
    413.8703308105469,
    336.10626220703125,
    258.86444091796875,
    178.3734893798828,
    105.80845642089844,
    52.23276138305664,
    26.710206985473633,
    12.736295700073242,
    7.572886943817139,
    5.1499104499816895,
    3.6838624477386475,
    2.7497963905334473,
    2.2126636505126953,
    1.7921867370605469,
    1.4636361598968506,
    1.19612455368042,
    0.9903640747070312,
    0.788453996181488,
    0.6339553594589233,
    0.5110015869140625,
    0.412393718957901,
    0.3230327367782593,
    0.2589055597782135,
    0.20593641698360443,
    0.15634624660015106,
    0.12564308941364288,
    0.0980100929737091,
    0.07767054438591003,
    0.06422238796949387,
    0.04976077377796173,
    0.03861750289797783,
    0.031025433912873268,
    0.023382140323519707,
    0.01843944564461708,
    0.01427951268851757,
    0.011357658542692661,
    0.008966919966042042,
    0.006979666650295258,
    0.005332511849701405,
    0.004141426645219326,
    0.0032888539135456085,
    0.0025338560808449984,
    0.0019442853517830372,
    0.0014989925548434258,
    0.0011503050336614251,
    0.0008939252584241331,
    0.0007008539978414774,
    0.0005452641053125262,
    0.00041185785084962845,
    0.0003043009783141315,
    0.00023790470731910318,
    0.000185695243999362,
    0.00014593295054510236,
    0.00011233339319005609,
    9.0729896328412e-05,
    6.978402234381065e-05,
    5.498206155607477e-05,
    4.147216895944439e-05,
    3.126922092633322e-05,
    2.4491762815159746e-05,
    1.9330567738506943e-05,
    1.5278377759386785e-05,
    1.1451665159256663e-05,
    8.533994332537986e-06,
    6.651196144957794e-06,
    5.303166290104855e-06,
    4.072749106853735e-06,
    3.0994440294307424e-06,
    2.359100562898675e-06,
    1.8523652443036553e-06,
    1.4227348401618656e-06,
    1.1103197721240576e-06,
    8.505186315233004e-07,
    6.506230079139641e-07,
    5.225215886639489e-07,
    4.239300892550091e-07,
    3.1448593063032604e-07,
    2.361194333388994e-07,
    1.84496613542251e-07,
    1.4638816026035784e-07,
    1.1571739833016181e-07,
    9.372102738325339e-08,
    7.013725422666539e-08,
    5.5065640935936244e-08,
    4.475299419937073e-08,
    3.577702045731712e-08,
    2.8463865930916654e-08,
    2.32680843481603e-08,
    1.8850093042033222e-08,
    1.603390664683957e-08,
    1.2982293462471262e-08,
    1.0228728974936985e-08,
    8.579103649708486e-09
  ],