{
  "step": [
    0,
    20,
    40,
    60,
    80,
    100,
    120,
    140,
    160,
    180,
    200,
    220,
    240,
    260,
    280,
    300,
    320,
    340,
    360,
    380,
    400,
    420,
    440,
    460,
    480,
    500,
    520,
    540,
    560,
    580,
    600,
    620,
    640,
    660,
    680,
    700,
    720,
    740,
    760,
    780,
    800,
    820,
    840,
    860,
    880,
    900,
    920,
    940,
    960,
    980,
    1000,
    1020,
    1040,
    1060,
    1080,
    1100,
    1120,
    1140,
    1160,
    1180,
    1200,
    1220,
    1240,
    1260,
    1280,
    1300,
    1320,
    1340,
    1360,
    1380,
    1400,
    1420,
    1440,
    1460,
    1480,
    1500,
    1520,
    1540,
    1560,
    1580,
    1600,
    1620,
    1640,
    1660,
    1680,
    1700,
    1720,
    1740,
    1760,
    1780,
    1800,
    1820,
    1840,
    1860,
    1880,
    1900,
    1920,
    1940,
    1960,
    1980
  ],
  "train_loss": [
    1065.0179443359375,
    988.0023803710938,
    910.4605712890625,
    811.8232421875,
    675.6298828125,
    554.81103515625,
    454.1278991699219,
    378.2335205078125,
    305.1875305175781,
    240.28250122070312,
    162.59458923339844,
    97.4767837524414,
    49.229427337646484,
    23.353527069091797,
    12.347899436950684,
    7.3867058753967285,
    4.828554630279541,
    3.5509164333343506,
    2.8865904808044434,
    2.2116236686706543,
    1.7859190702438354,
    1.4399362802505493,
    1.13132905960083,
    0.9202165603637695,
    0.754686176776886,
    0.6242055296897888,
    0.5060341954231262,
    0.41059038043022156,
    0.3265204131603241,
    0.25999677181243896,
    0.20876307785511017,
    0.1594482809305191,
    0.12915700674057007,
    0.1015126034617424,
    0.08163362741470337,
    0.0642298236489296,
    0.05162941291928291,
    0.04052187502384186,
    0.030597668141126633,
    0.024388408288359642,
    0.01895453780889511,
    0.01442024763673544,
    0.011461186222732067,
    0.008725414052605629,
    0.006841329857707024,
    0.0053410460241138935,
    0.004140425007790327,
    0.0033415763173252344,
    0.002628755522891879,
    0.0020146926399320364,
    0.0015016605611890554,
    0.0011813741875812411,
    0.0009067454957403243,
    0.0006715428899042308,
    0.0005349540733732283,
    0.00041611716733314097,
    0.00033520959550514817,
    0.0002550385834183544,
    0.00019798421999439597,
    0.00015076753334142268,
    0.00011460739187896252,
    9.289186709793285e-05,
    7.012804417172447e-05,
    5.260424950392917e-05,
    3.907502832589671e-05,
    3.154567093588412e-05,
    2.4428838514722884e-05,
    1.87422483577393e-05,
    1.4937604646547697e-05,
    1.1073059795307927e-05,
    8.726789928914513e-06,
    6.771561857021879e-06,
    5.2868940656480845e-06,
    4.06816070608329e-06,
    3.1359797958430136e-06,
    2.395429419266293e-06,
    1.9054881477131858e-06,
    1.4202793181539164e-06,
    1.0866202728720964e-06,
    8.354672900168225e-07,
    6.537703711728682e-07,
    5.012409474147717e-07,
    3.953204270601418e-07,
    3.1371510544886405e-07,
    2.4502375595147896e-07,
    1.8334520746066119e-07,
    1.398595657065016e-07,
    1.0775828229725448e-07,
    9.018182822728704e-08,
    7.164997128938921e-08,
    5.593587104613107e-08,
    4.472047621106867e-08,
    3.527738456909901e-08,
    2.9161997261439865e-08,
    2.316006764147005e-08,
    1.9017960539713386e-08,
    1.5452037871455104e-08,
    1.2587845432676659e-08,
    1.1062637916836593e-08,
    9.177599125109737e-09
  ],
  "test_loss": [
    1219.831787109375,
    1131.5572509765625,
    1040.1497802734375,
    926.85888671875,
    765.2382202148438,
    620.9660034179688,
    498.3548278808594,
    411.18450927734375,
    331.9848937988281,
    261.19140625,
    175.96495056152344,
    105.79126739501953,
    52.04178237915039,
    24.389495849609375,
    12.784748077392578,
    7.538015365600586,
    4.872237205505371,
    3.5433509349823,
    2.8515520095825195,
    2.1611039638519287,
    1.751120924949646,
    1.4026587009429932,
    1.1066228151321411,
    0.9019957780838013,
    0.731687605381012,
    0.6022478342056274,
    0.4856126308441162,
    0.39291176199913025,
    0.3140310049057007,
    0.24697987735271454,
    0.20071527361869812,
    0.1540212482213974,
    0.12434086948633194,
    0.09793449938297272,
    0.0800214409828186,
    0.060812246054410934,
    0.04852044954895973,
    0.03843148052692413,
    0.02867838926613331,
    0.023255163803696632,
    0.018428761512041092,
    0.01396017987281084,
    0.011180021800100803,
    0.008448813110589981,
    0.006546463817358017,
    0.005095438100397587,
    0.003986411262303591,
    0.00320609868504107,
    0.0025054302532225847,
    0.0019186576828360558,
    0.0014330403646454215,
    0.0011556020472198725,
    0.0008778275805525482,
    0.0006438930286094546,
    0.0005019559757784009,
    0.0003931981045752764,
    0.0003176920290570706,
    0.0002413472975604236,
    0.00018976522551383823,
    0.0001440602500224486,
    0.0001092539241653867,
    8.826705015962943e-05,
    6.680857768515125e-05,
    5.067817619419657e-05,
    3.8093501643743366e-05,
    3.0105973564786837e-05,
    2.3153375877882354e-05,
    1.815556788642425e-05,
    1.4255937458074186e-05,
    1.0431224836793263e-05,
    8.374223398277536e-06,
    6.47531032882398e-06,
    5.103727289679227e-06,
    3.8665280044369865e-06,
    3.0395233352464857e-06,
    2.3032064291328425e-06,
    1.8201727698397008e-06,
    1.364078457299911e-06,
    1.0368557923357002e-06,
    7.916600566204579e-07,
    6.284902838160633e-07,
    4.789299623553234e-07,
    3.7590575630019885e-07,
    2.977733117859316e-07,
    2.3501061718889105e-07,
    1.7640297755860956e-07,
    1.3716143598685449e-07,
    1.0372684045023561e-07,
    8.736214596183345e-08,
    6.848917166735191e-08,
    5.337757968959522e-08,
    4.276114395906916e-08,
    3.3806710320050115e-08,
    2.7798940038792352e-08,
    2.2053484372008825e-08,
    1.8167893856002593e-08,
    1.4887578281275182e-08,
    1.2196797349872668e-08,
    1.0431554287038125e-08,
    8.723090694218172e-09
  ],