{
  "step": [
    0,
    20,
    40,
    60,
    80,
    100,
    120,
    140,
    160,
    180,
    200,
    220,
    240,
    260,
    280,
    300,
    320,
    340,
    360,
    380,
    400,
    420,
    440,
    460,
    480,
    500,
    520,
    540,
    560,
    580,
    600,
    620,
    640,
    660,
    680,
    700,
    720,
    740,
    760,
    780,
    800,
    820,
    840,
    860,
    880,
    900,
    920,
    940,
    960,
    980,
    1000,
    1020,
    1040,
    1060,
    1080,
    1100,
    1120,
    1140,
    1160,
    1180,
    1200,
    1220,
    1240,
    1260,
    1280,
    1300,
    1320,
    1340,
    1360,
    1380,
    1400,
    1420,
    1440,
    1460,
    1480,
    1500,
    1520,
    1540,
    1560,
    1580,
    1600,
    1620,
    1640,
    1660,
    1680,
    1700,
    1720,
    1740,
    1760,
    1780,
    1800,
    1820,
    1840,
    1860,
    1880,
    1900,
    1920,
    1940,
    1960,
    1980
  ],
  "train_loss": [
    1065.2459716796875,
    984.9720458984375,
    905.18115234375,
    815.2453002929688,
    680.2301635742188,
    551.3060302734375,
    435.9371337890625,
    361.49920654296875,
    294.0049133300781,
    224.43919372558594,
    162.2366485595703,
    87.00248718261719,
    45.6720085144043,
    22.150468826293945,
    12.031323432922363,
    7.320414066314697,
    4.881917953491211,
    3.6376795768737793,
    2.80499529838562,
    2.2675416469573975,
    1.8142986297607422,
    1.5005871057510376,
    1.2268086671829224,
    0.9778087735176086,
    0.787828266620636,
    0.6397238373756409,
    0.5339466333389282,
    0.4297957420349121,
    0.33491235971450806,
    0.26603299379348755,
    0.21322612464427948,
    0.17165713012218475,
    0.14136552810668945,
    0.10596037656068802,
    0.08523709326982498,
    0.06564782559871674,
    0.05100708827376366,
    0.040073461830616,
    0.030902575701475143,
    0.02425575815141201,
    0.019302168861031532,
    0.014668984338641167,
    0.011219987645745277,
    0.008856179192662239,
    0.00692364014685154,
    0.005498677492141724,
    0.004251617472618818,
    0.0034151594154536724,
    0.0025917282328009605,
    0.0020141720306128263,
    0.0015332126058638096,
    0.0011395055335015059,
    0.0008849629084579647,
    0.0006990833207964897,
    0.0005525094456970692,
    0.0004222181160002947,
    0.0003328298043925315,
    0.00025096096214838326,
    0.00019285293819848448,
    0.0001495133910793811,
    0.00011767035175580531,
    9.168367250822484e-05,
    7.030715642031282e-05,
    5.523448271560483e-05,
    4.190938125248067e-05,
    3.231758455513045e-05,
    2.406299790891353e-05,
    1.841540142777376e-05,
    1.4874788575980347e-05,
    1.1328563232382294e-05,
    8.846582204569131e-06,
    6.728690550517058e-06,
    5.333895387593657e-06,
    4.119268851354718e-06,
    3.2469040434079943e-06,
    2.4475489226460923e-06,
    1.8196874407294672e-06,
    1.4318743524199817e-06,
    1.1154719459227636e-06,
    8.746125672587368e-07,
    6.740190769960464e-07,
    5.270527481116005e-07,
    4.0347239860238915e-07,
    3.20937147080258e-07,
    2.423441003429616e-07,
    1.901409376614538e-07,
    1.4181587459916045e-07,
    1.1581273184901875e-07,
    8.857882960455754e-08,
    7.140712199316113e-08,
    5.7316952961627976e-08,
    4.5156028249948577e-08,
    3.79219748936066e-08,
    2.9867035067354664e-08,
    2.3757950273761708e-08,
    1.943153904448991e-08,
    1.558716533622828e-08,
    1.3467214898810198e-08,
    1.1337374594688754e-08,
    9.325512806412917e-09
  ],
  "test_loss": [
    1220.044189453125,
    1126.789794921875,
    1033.6595458984375,
    929.0623168945312,
    769.2061157226562,
    616.57275390625,
    481.6448669433594,
    396.3177185058594,
    319.0656433105469,
    241.91738891601562,
    176.08807373046875,
    93.51011657714844,
    48.7459831237793,
    23.253355026245117,
    12.451702117919922,
    7.474191665649414,
    4.918436050415039,
    3.6339728832244873,
    2.7689337730407715,
    2.2227959632873535,
    1.7815728187561035,
    1.4712282419204712,
    1.2113066911697388,
    0.945459246635437,
    0.7551618814468384,
    0.617820680141449,
    0.5231873989105225,
    0.4130939245223999,
    0.3162292540073395,
    0.2530452013015747,
    0.2054831087589264,
    0.16278180480003357,
    0.13380075991153717,
    0.10074163973331451,
    0.08201141655445099,
    0.06345272064208984,
    0.049316249787807465,
    0.0388631746172905,
    0.02946610376238823,
    0.0230304766446352,
    0.018391748890280724,
    0.014112003147602081,
    0.0108312563970685,
    0.008522857911884785,
    0.006542421877384186,
    0.005262484773993492,
    0.004109008237719536,
    0.003252751659601927,
    0.0024664264637976885,
    0.0019159081857651472,
    0.0014792231377214193,
    0.001085268217138946,
    0.0008328116382472217,
    0.0006643771775998175,
    0.0005326291429810226,
    0.0004082656232640147,
    0.0003169223200529814,
    0.00024287383712362498,
    0.00018576381262391806,
    0.00014223904872778803,
    0.00011301035556243733,
    8.839053043629974e-05,
    6.68881693854928e-05,
    5.313517976901494e-05,
    4.066510882694274e-05,
    3.103587732766755e-05,
    2.3184236852102913e-05,
    1.7812908481573686e-05,
    1.4291968909674324e-05,
    1.0865629519685172e-05,
    8.425438863923773e-06,
    6.3206985032593366e-06,
    5.027208317187615e-06,
    3.9169431147456635e-06,
    3.125302555417875e-06,
    2.3798779693606775e-06,
    1.7387905018040328e-06,
    1.3563588936449378e-06,
    1.0577921329968376e-06,
    8.428007163274742e-07,
    6.525152116410027e-07,
    5.103502189740539e-07,
    3.8291966575343395e-07,
    3.0715654020241345e-07,
    2.3367977064481238e-07,
    1.8235090237794793e-07,
    1.367077970826358e-07,
    1.1228490848225192e-07,
    8.472342472032324e-08,
    6.838926225327668e-08,
    5.4683596317772754e-08,
    4.32375806269647e-08,
    3.6474755660265146e-08,
    2.8611333746653145e-08,
    2.3029549822695117e-08,
    1.8505557974890507e-08,
    1.4984808061058175e-08,
    1.3155323053126722e-08,
    1.102826008292368e-08,
    8.872246048952093e-09
  ],