{
  "step": [
    0,
    20,
    40,
    60,
    80,
    100,
    120,
    140,
    160,
    180,
    200,
    220,
    240,
    260,
    280,
    300,
    320,
    340,
    360,
    380,
    400,
    420,
    440,
    460,
    480,
    500,
    520,
    540,
    560,
    580,
    600,
    620,
    640,
    660,
    680,
    700,
    720,
    740,
    760,
    780,
    800,
    820,
    840,
    860,
    880,
    900,
    920,
    940,
    960,
    980,
    1000,
    1020,
    1040,
    1060,
    1080,
    1100,
    1120,
    1140
  ],
  "train_loss": [
    1062.1163330078125,
    838.718994140625,
    592.603759765625,
    347.0073547363281,
    163.12745666503906,
    61.56294250488281,
    26.480243682861328,
    13.997251510620117,
    7.291412353515625,
    3.5570335388183594,
    2.046891212463379,
    1.191650152206421,
    0.7873749732971191,
    0.4810636639595032,
    0.3027832806110382,
    0.19772638380527496,
    0.1285591572523117,
    0.08817771822214127,
    0.0553140714764595,
    0.03613400086760521,
    0.023666854947805405,
    0.014816157519817352,
    0.009763612411916256,
    0.0064921933226287365,
    0.00435689277946949,
    0.002807062352076173,
    0.0018360549584031105,
    0.0012039188295602798,
    0.0007623069104738533,
    0.0005354018067009747,
    0.00033093889942392707,
    0.0002152298402506858,
    0.00014487402222584933,
    9.009014320326969e-05,
    5.713652353733778e-05,
    3.769436807488091e-05,
    2.4506263798684813e-05,
    1.5652100046281703e-05,
    9.778381354408339e-06,
    6.663180556643056e-06,
    4.445545528142247e-06,
    2.817944050548249e-06,
    1.7479524103691801e-06,
    1.1805132089648396e-06,
    8.076238486864895e-07,
    5.421465516519675e-07,
    3.722888664015045e-07,
    2.444535880385956e-07,
    1.5770316963426012e-07,
    1.1231161778368914e-07,
    7.810039903688448e-08,
    5.348771736635172e-08,
    3.9675374097214444e-08,
    2.941998999972384e-08,
    1.9166547460258698e-08,
    1.4804736991891332e-08,
    1.0713458564737266e-08,
    8.385204530725332e-09
  ],
  "test_loss": [
    1218.465576171875,
    962.1658325195312,
    678.9126586914062,
    391.05908203125,
    179.03750610351562,
    64.00801849365234,
    26.98696517944336,
    14.24937629699707,
    7.394593238830566,
    3.5497705936431885,
    2.0498781204223633,
    1.1950056552886963,
    0.7820326685905457,
    0.47631195187568665,
    0.295430988073349,
    0.19295024871826172,
    0.1233290284872055,
    0.08375190943479538,
    0.05221978947520256,
    0.034405793994665146,
    0.02244456671178341,
    0.014201563782989979,
    0.009378918446600437,
    0.006178578361868858,
    0.004083975683897734,
    0.002591462340205908,
    0.0017200902802869678,
    0.0011097145034000278,
    0.0007068605627864599,
    0.0004957019700668752,
    0.00030836465884931386,
    0.00020390452118590474,
    0.00013657462841365486,
    8.289278048323467e-05,
    5.307968604029156e-05,
    3.5009717976208776e-05,
    2.2781990992370993e-05,
    1.4535592526954133e-05,
    9.139588655671105e-06,
    6.240569291549036e-06,
    4.118493507121457e-06,
    2.668554088813835e-06,
    1.6475803477078443e-06,
    1.0906841225732933e-06,
    7.35095909476513e-07,
    5.014724706597917e-07,
    3.459348647538718e-07,
    2.2926474230189342e-07,
    1.4727510233569774e-07,
    1.0221235413609975e-07,
    7.208880958842201e-08,
    4.908337203346491e-08,
    3.6705728234665e-08,
    2.680830313295246e-08,
    1.7798306828353816e-08,
    1.3910644192094423e-08,
    1.0053824439637538e-08,
    7.83739118048743e-09
  ],
  "trace_gradient_covariance": [
    774686.5,
    705134.75,
    743173.3125,
    664315.6875,
    405552.65625,
    171030.84375,
    75782.421875,
    40452.37890625,
    20959.921875,
    9976.2802734375,
    5619.06396484375,
    3229.5546875,
    2119.929443359375,
    1292.3828125,
    812.8416748046875,
    531.6612548828125,
    347.15582275390625,
    239.22720336914062,
    149.45606994628906,
    97.23609161376953,
    63.615177154541016,
    39.93534469604492,
    26.227052688598633,
    17.517908096313477,
    11.767582893371582,
    7.619172096252441,
    4.980613708496094,
    3.2641139030456543,
    2.066812753677368,
    1.452429175376892,
    0.8981921672821045,
    0.585712194442749,
    0.3931668996810913,
    0.24434247612953186,
    0.1555362045764923,
    0.10214774310588837,
    0.06666019558906555,
    0.04243109002709389,
    0.02648940682411194,
    0.01810109242796898,
    0.012083988636732101,
    0.007684352342039347,
    0.004736929200589657,
    0.0031937041785568,
    0.0021957000717520714,
    0.0014724713983014226,
    0.001017107511870563,
    0.0006670575239695609,
    0.0004291222430765629,
    0.0003043345350306481,
    0.00021231094433460385,
    0.00014495750656351447,
    0.00010766355990199372,
    7.965833356138319e-05,
    5.218705700826831e-05,
    4.0319631807506084e-05,
    2.9174863811931573e-05,
    2.2896922018844634e-05
  ],
  "trace_hessian_covariance": [
    49102528.0,
    6504908.0,
    11613902.0,
    58887716.0,
    75239944.0,
    42935208.0,
    20631394.0,
    11272841.0,
    5857422.5,
    2739320.0,
    1513726.375,
    859818.375,
    559925.125,
    339499.84375,
    212622.03125,
    138611.140625,
    90363.4921875,
    62291.5390625,
    38869.74609375,
    25232.421875,
    16506.078125,
    10358.16796875,
    6798.9677734375,
    4543.27734375,
    3054.852783203125,
    1982.37060546875,
    1294.0601806640625,
    849.7450561523438,
    537.3728637695312,
    377.35858154296875,
    233.37892150878906,
    152.13833618164062,
    102.06721496582031,
    63.46151351928711,
    40.43949890136719,
    26.540302276611328,
    17.316497802734375,
    11.035670280456543,
    6.876649856567383,
    4.698312759399414,
    3.141157627105713,
    1.999010443687439,
    1.2310634851455688,
    0.8304438591003418,
    0.570894718170166,
    0.3825065493583679,
    0.2640437185764313,
    0.17318591475486755,
    0.11150169372558594,
    0.07926196604967117,
    0.05521340295672417,
    0.037681035697460175,
    0.028002770617604256,
    0.0207241028547287,
    0.013595698401331902,
    0.010498559102416039,
    0.007603232748806477,
    0.005971644539386034
  ],
  "grad_norm_squared": [
    129103.625,
    119691.046875,
    131168.375,
    117895.75,
    66578.796875,
    24492.1875,
    9883.81640625,
    5003.13427734375,
    2454.126953125,
    1051.7177734375,
    539.5648193359375,
    295.88482666015625,
    183.3083038330078,
    109.3044204711914,
    66.00238800048828,
    42.45738220214844,
    27.323759078979492,
    18.882259368896484,
    11.749953269958496,
    7.607241630554199,
    4.9986371994018555,
    3.144777297973633,
    2.1297693252563477,
    1.37918221950531,
    0.9230218529701233,
    0.6003727912902832,
    0.39099422097206116,
    0.2590954899787903,
    0.1629360318183899,
    0.11405318975448608,
    0.07034758478403091,
    0.04612142592668533,
    0.03101220354437828,
    0.01919827051460743,
    0.01219300739467144,
    0.008040296845138073,
    0.005218975245952606,
    0.0033471006900072098,
    0.002091995906084776,
    0.0014279619790613651,
    0.0009471603552810848,
    0.000605669105425477,
    0.0003747520677279681,
    0.00025406217901036143,
    0.00017294028657488525,
    0.00011575673124752939,
    8.032858022488654e-05,
    5.2777839300688356e-05,
    3.369097976246849e-05,
    2.455377580190543e-05,
    1.665533272898756e-05,
    1.1465956959000323e-05,
    8.47379669721704e-06,
    6.3694433265482076e-06,
    4.0987201828102116e-06,
    3.1614088129572337e-06,
    2.286293010911322e-06,
    1.7944580577022862e-06
  ]
}