{
  "step": [
    0,
    20,
    40,
    60,
    80,
    100,
    120,
    140,
    160,
    180,
    200,
    220,
    240,
    260,
    280,
    300,
    320,
    340,
    360,
    380,
    400,
    420,
    440,
    460,
    480,
    500,
    520,
    540,
    560,
    580,
    600,
    620,
    640,
    660,
    680,
    700,
    720,
    740,
    760,
    780,
    800,
    820,
    840,
    860
  ],
  "train_loss": [
    1105.53076171875,
    738.3816528320312,
    418.9367980957031,
    171.46945190429688,
    53.35789108276367,
    18.47452163696289,
    7.767488956451416,
    3.5117616653442383,
    1.7051044702529907,
    0.8814148306846619,
    0.43393945693969727,
    0.22766244411468506,
    0.11791935563087463,
    0.06522563844919205,
    0.034071892499923706,
    0.019206048920750618,
    0.010731960646808147,
    0.006175936199724674,
    0.003333703614771366,
    0.0017396771581843495,
    0.001069957739673555,
    0.0006363415159285069,
    0.00034979794872924685,
    0.000187027791980654,
    0.00010871000995393842,
    6.172561552375555e-05,
    3.602053038775921e-05,
    2.177275382564403e-05,
    1.1811154763563536e-05,
    6.47979368295637e-06,
    3.5884859244106337e-06,
    2.1295650185493287e-06,
    1.206188017022214e-06,
    6.755712433914596e-07,
    4.0175126514441217e-07,
    2.45751067495803e-07,
    1.5043153211991012e-07,
    9.238483045237444e-08,
    6.437800692538076e-08,
    4.171229406324528e-08,
    2.6905880190497555e-08,
    1.8088947228989127e-08,
    1.2763516465952307e-08,
    8.762591541255915e-09
  ],
  "test_loss": [
    1264.9019775390625,
    850.835205078125,
    485.8572692871094,
    198.50662231445312,
    57.2657585144043,
    18.720497131347656,
    7.489292621612549,
    3.3120105266571045,
    1.6013695001602173,
    0.8288294672966003,
    0.398477166891098,
    0.20640137791633606,
    0.10616599023342133,
    0.05866305157542229,
    0.031069140881299973,
    0.01770400069653988,
    0.009905383922159672,
    0.005611411761492491,
    0.002991677727550268,
    0.0015768237644806504,
    0.0009648087434470654,
    0.000562534958589822,
    0.00031073554418981075,
    0.00016490972484461963,
    9.865963511401787e-05,
    5.7084944273810834e-05,
    3.350053520989604e-05,
    2.0455026970012113e-05,
    1.079488265531836e-05,
    5.92906326346565e-06,
    3.272904223194928e-06,
    1.95731649910158e-06,
    1.0980123761328286e-06,
    6.221698640729301e-07,
    3.7287458098944626e-07,
    2.2579992275950644e-07,
    1.3922021935286466e-07,
    8.45943901595092e-08,
    5.893735632866992e-08,
    3.810591309161282e-08,
    2.473845306383282e-08,
    1.662466964091891e-08,
    1.1716013048612695e-08,
    8.037732257548669e-09
  ],
  "trace_gradient_covariance": [
    1310598.25,
    1041898.375,
    894665.3125,
    531074.8125,
    184581.390625,
    63273.8828125,
    25051.447265625,
    11153.3603515625,
    5332.31494140625,
    2735.628662109375,
    1341.42529296875,
    692.9510498046875,
    353.2507019042969,
    194.46754455566406,
    101.37779998779297,
    57.42097473144531,
    31.863693237304688,
    18.243125915527344,
    9.861432075500488,
    5.136086940765381,
    3.158501386642456,
    1.8810153007507324,
    1.0381964445114136,
    0.5558150410652161,
    0.3211599588394165,
    0.18132546544075012,
    0.10652802139520645,
    0.06458605825901031,
    0.0348273403942585,
    0.01906844973564148,
    0.01051457691937685,
    0.006240713410079479,
    0.0035608606413006783,
    0.0019867608789354563,
    0.001183446729555726,
    0.000720272189937532,
    0.00044156561489216983,
    0.0002718997420743108,
    0.00018954253755509853,
    0.0001227606990141794,
    7.9219629697036e-05,
    5.334565503289923e-05,
    3.760649633477442e-05,
    2.584240610303823e-05
  ],
  "trace_hessian_covariance": [
    144313648.0,
    47377476.0,
    77736160.0,
    110959744.0,
    55416384.0,
    20188330.0,
    7546561.0,
    3275815.25,
    1535891.375,
    780134.8125,
    380290.375,
    193524.203125,
    96984.4140625,
    52882.5546875,
    27453.501953125,
    15557.58984375,
    8592.0224609375,
    4906.14990234375,
    2647.544189453125,
    1377.4947509765625,
    846.8917236328125,
    506.08984375,
    278.8436584472656,
    149.4324951171875,
    85.98356628417969,
    48.489234924316406,
    28.540115356445312,
    17.311880111694336,
    9.3209810256958,
    5.104047775268555,
    2.8143258094787598,
    1.6704660654067993,
    0.9559839367866516,
    0.5324344038963318,
    0.3168092966079712,
    0.19274738430976868,
    0.11810898035764694,
    0.07286269962787628,
    0.050769053399562836,
    0.03287684917449951,
    0.021222375333309174,
    0.014290768653154373,
    0.010077671147882938,
    0.006930103525519371
  ],
  "grad_norm_squared": [
    214272.78125,
    173680.984375,
    155311.046875,
    90392.484375,
    28014.365234375,
    8693.275390625,
    3078.515869140625,
    1310.3653564453125,
    601.2136840820312,
    302.00701904296875,
    144.6404266357422,
    72.63168334960938,
    35.800148010253906,
    19.358530044555664,
    10.025932312011719,
    5.648174285888672,
    3.1209957599639893,
    1.7726608514785767,
    0.9502048492431641,
    0.4940904676914215,
    0.3030005097389221,
    0.18402209877967834,
    0.10042008012533188,
    0.054288070648908615,
    0.03070848062634468,
    0.017502404749393463,
    0.010215388610959053,
    0.006234487984329462,
    0.0033295126631855965,
    0.00182914559263736,
    0.001017270260490477,
    0.0006020326400175691,
    0.0003426391340326518,
    0.00019032983982469887,
    0.00011338150943629444,
    6.954230775590986e-05,
    4.263853043084964e-05,
    2.6137739041587338e-05,
    1.8209555491921492e-05,
    1.1762784197344445e-05,
    7.582910257042386e-06,
    5.106042863189941e-06,
    3.6055760119779734e-06,
    2.4706459953449667e-06
  ]
}