{
  "step": [
    0,
    20,
    40,
    60,
    80,
    100,
    120,
    140,
    160,
    180,
    200,
    220,
    240,
    260,
    280,
    300,
    320,
    340,
    360,
    380,
    400,
    420,
    440,
    460,
    480,
    500,
    520,
    540,
    560,
    580,
    600,
    620,
    640,
    660,
    680,
    700,
    720,
    740,
    760,
    780,
    800,
    820,
    840,
    860
  ],
  "train_loss": [
    1119.9996337890625,
    730.7091674804688,
    416.1955261230469,
    173.16465759277344,
    51.42694854736328,
    18.192855834960938,
    6.919921875,
    3.42836594581604,
    1.649444341659546,
    0.802300751209259,
    0.42435604333877563,
    0.23036161065101624,
    0.12757660448551178,
    0.06649356335401535,
    0.035575781017541885,
    0.01901084929704666,
    0.010558637790381908,
    0.00640003802254796,
    0.003659286303445697,
    0.0019703146535903215,
    0.0010366567876189947,
    0.0005999945569783449,
    0.0003448254137765616,
    0.0001891536230687052,
    0.00010762903548311442,
    5.88578222959768e-05,
    3.5476066841511056e-05,
    2.0330766346887685e-05,
    1.0736238436948042e-05,
    5.943710675637703e-06,
    3.4474110179871786e-06,
    2.0867123566858936e-06,
    1.3159856280253734e-06,
    6.735203328389616e-07,
    4.162146467479033e-07,
    2.3149456751525577e-07,
    1.376419476173396e-07,
    8.88863880277313e-08,
    5.6875823162272354e-08,
    3.712723284365893e-08,
    2.5715262808034822e-08,
    1.6704008842793883e-08,
    1.1078941319908608e-08,
    7.937957846593235e-09
  ],
  "test_loss": [
    1280.3360595703125,
    842.0655517578125,
    479.7658386230469,
    197.99545288085938,
    55.346527099609375,
    18.349687576293945,
    6.635451793670654,
    3.2535202503204346,
    1.5306649208068848,
    0.760802149772644,
    0.3927895724773407,
    0.21076354384422302,
    0.11755749583244324,
    0.05980020388960838,
    0.0322522297501564,
    0.01725970394909382,
    0.00954845454543829,
    0.005800312384963036,
    0.0033011555206030607,
    0.001783244893886149,
    0.000937122676987201,
    0.0005453620688058436,
    0.00031906922231428325,
    0.00017015618504956365,
    9.631414286559448e-05,
    5.35847430001013e-05,
    3.320168616482988e-05,
    1.8588205421110615e-05,
    9.599680197425187e-06,
    5.3937760640110355e-06,
    3.1638198834116338e-06,
    1.8835418131857296e-06,
    1.1893574765053927e-06,
    6.090519377721648e-07,
    3.8179203443178267e-07,
    2.140312886922402e-07,
    1.27035207242443e-07,
    8.266975726201053e-08,
    5.1756973817873586e-08,
    3.3740779059598935e-08,
    2.3481170785544236e-08,
    1.5375226425362598e-08,
    1.0175486231389641e-08,
    7.307011440360611e-09
  ],
  "trace_gradient_covariance": [
    1327401.75,
    1034296.625,
    890480.1875,
    544601.1875,
    183878.859375,
    62331.68359375,
    22041.14453125,
    10756.7021484375,
    5139.99072265625,
    2493.23193359375,
    1316.7618408203125,
    705.2916870117188,
    386.48040771484375,
    199.93057250976562,
    106.60819244384766,
    56.558860778808594,
    31.33303451538086,
    18.984254837036133,
    10.814056396484375,
    5.807206153869629,
    3.0503313541412354,
    1.7635760307312012,
    1.014519453048706,
    0.5563368201255798,
    0.3176325857639313,
    0.17382700741291046,
    0.10516120493412018,
    0.059937525540590286,
    0.03156566619873047,
    0.017435932531952858,
    0.01014664489775896,
    0.006168522406369448,
    0.0038810856640338898,
    0.001985147362574935,
    0.001226811669766903,
    0.0006806221208535135,
    0.000403918675146997,
    0.0002618212893139571,
    0.00016771660011727363,
    0.00010938954801531509,
    7.560037192888558e-05,
    4.910393909085542e-05,
    3.2618947443552315e-05,
    2.344017593713943e-05
  ],
  "trace_hessian_covariance": [
    151399024.0,
    47358496.0,
    80009840.0,
    113186296.0,
    56562216.0,
    19907220.0,
    6566298.0,
    3130529.75,
    1478795.625,
    713056.0625,
    373895.8125,
    197783.78125,
    106984.734375,
    54936.70703125,
    29012.333984375,
    15311.390625,
    8449.3408203125,
    5091.50390625,
    2895.44775390625,
    1555.0736083984375,
    816.8806762695312,
    472.1602783203125,
    271.3454284667969,
    148.9015350341797,
    84.97982788085938,
    46.56264877319336,
    28.19659423828125,
    16.0684757232666,
    8.474770545959473,
    4.667850494384766,
    2.7140116691589355,
    1.6518397331237793,
    1.0394861698150635,
    0.5313768982887268,
    0.3280978500843048,
    0.18212692439556122,
    0.10817772150039673,
    0.0701102688908577,
    0.04493812099099159,
    0.029309723526239395,
    0.020251763984560966,
    0.013147306628525257,
    0.008739698678255081,
    0.006290113553404808
  ],
  "grad_norm_squared": [
    217196.28125,
    171687.5,
    153689.65625,
    94184.90625,
    28594.931640625,
    8479.0849609375,
    2637.630126953125,
    1238.8668212890625,
    579.1754760742188,
    275.3801574707031,
    141.8966064453125,
    73.96294403076172,
    39.40038299560547,
    20.105148315429688,
    10.575366973876953,
    5.566762924194336,
    3.0811057090759277,
    1.8473684787750244,
    1.045406460762024,
    0.5602359771728516,
    0.29436159133911133,
    0.17014244198799133,
    0.09834343194961548,
    0.05359390750527382,
    0.030492257326841354,
    0.016651030629873276,
    0.010136156342923641,
    0.005758101120591164,
    0.003084667958319187,
    0.00168540608137846,
    0.0009739327360875905,
    0.0005912098567932844,
    0.00037225295091047883,
    0.00019041800987906754,
    0.0001177205122075975,
    6.541353650391102e-05,
    3.897256465279497e-05,
    2.5151959562208503e-05,
    1.6108231648104265e-05,
    1.0495788046682719e-05,
    7.272262791957473e-06,
    4.734561571240192e-06,
    3.132291112706298e-06,
    2.246444864795194e-06
  ]
}