{
  "step": [
    0,
    20,
    40,
    60,
    80,
    100,
    120,
    140,
    160,
    180,
    200,
    220,
    240,
    260,
    280,
    300,
    320,
    340,
    360,
    380,
    400,
    420,
    440,
    460,
    480,
    500,
    520,
    540,
    560,
    580,
    600,
    620,
    640,
    660,
    680,
    700,
    720,
    740,
    760,
    780,
    800,
    820,
    840,
    860
  ],
  "train_loss": [
    1114.30517578125,
    733.9155883789062,
    406.7525329589844,
    164.5033416748047,
    50.51780319213867,
    18.675365447998047,
    7.508448123931885,
    3.306480884552002,
    1.5771933794021606,
    0.7742472290992737,
    0.4371384084224701,
    0.2222825586795807,
    0.12464545667171478,
    0.06745528429746628,
    0.03498019650578499,
    0.018634341657161713,
    0.010176539421081543,
    0.005708109121769667,
    0.003424950409680605,
    0.0019660850521177053,
    0.0010388426017016172,
    0.0005458499654196203,
    0.00031972950091585517,
    0.00017976449453271925,
    0.00010590167948976159,
    5.864263584953733e-05,
    3.380133421160281e-05,
    1.9545235772966407e-05,
    1.1923357305931859e-05,
    6.226428922673222e-06,
    3.350945462443633e-06,
    1.9007868559128838e-06,
    1.116361204367422e-06,
    6.084422921048827e-07,
    3.978792335601611e-07,
    2.3359483236617962e-07,
    1.4812248139151052e-07,
    9.497098574229312e-08,
    6.133555530141166e-08,
    3.8444994743258576e-08,
    2.540718391230712e-08,
    1.754067113779456e-08,
    1.217940592823652e-08,
    8.245488736235984e-09
  ],
  "test_loss": [
    1274.10986328125,
    842.8018798828125,
    476.0711975097656,
    189.19427490234375,
    53.83903884887695,
    18.953947067260742,
    7.238068580627441,
    3.1442930698394775,
    1.4739990234375,
    0.7245586514472961,
    0.4088864326477051,
    0.2052667886018753,
    0.11535227298736572,
    0.061801571398973465,
    0.03207714483141899,
    0.016882259398698807,
    0.00937928631901741,
    0.0051920185796916485,
    0.0030583301559090614,
    0.001747197937220335,
    0.0009517553262412548,
    0.0004907403490506113,
    0.00028686661971732974,
    0.00016149271687027067,
    9.652313747210428e-05,
    5.4283023928292096e-05,
    3.076891880482435e-05,
    1.7995831512962468e-05,
    1.0810863386723213e-05,
    5.605740170722129e-06,
    3.098402885370888e-06,
    1.7197020270032226e-06,
    1.0123870879397145e-06,
    5.5463340231654e-07,
    3.674550157484191e-07,
    2.1664010319000226e-07,
    1.3631914441702975e-07,
    8.816377317089064e-08,
    5.6762562650192194e-08,
    3.586389496490483e-08,
    2.3297161533264443e-08,
    1.593284082446189e-08,
    1.1139127842341168e-08,
    7.672639412703575e-09
  ],
  "trace_gradient_covariance": [
    1316446.375,
    1039918.3125,
    868141.5,
    501883.125,
    176652.640625,
    64231.78515625,
    24436.802734375,
    10582.9560546875,
    4941.32177734375,
    2405.1572265625,
    1354.13330078125,
    678.4508666992188,
    376.3699035644531,
    202.2295684814453,
    104.59385681152344,
    55.50481414794922,
    30.106657028198242,
    16.845447540283203,
    10.084442138671875,
    5.784675121307373,
    3.0770087242126465,
    1.6230286359786987,
    0.9472765326499939,
    0.531259298324585,
    0.31235209107398987,
    0.17238371074199677,
    0.09912043064832687,
    0.0575939305126667,
    0.03510019928216934,
    0.018322991207242012,
    0.009879929013550282,
    0.0056028407998383045,
    0.0032904427498579025,
    0.0017926400760188699,
    0.0011721723712980747,
    0.0006858518463559449,
    0.00043422344606369734,
    0.00027867217431776226,
    0.00018035556422546506,
    0.00011325461673550308,
    7.473913865396753e-05,
    5.167012204765342e-05,
    3.582650242606178e-05,
    2.4310173103003763e-05
  ],
  "trace_hessian_covariance": [
    147438480.0,
    47176100.0,
    83100768.0,
    106794664.0,
    53753696.0,
    20437000.0,
    7383512.0,
    3121447.0,
    1426924.5,
    687867.4375,
    384936.75,
    189390.09375,
    103944.359375,
    55678.21875,
    28540.59765625,
    15051.3203125,
    8109.52099609375,
    4527.1962890625,
    2706.938720703125,
    1553.4638671875,
    824.398193359375,
    435.42926025390625,
    253.65882873535156,
    142.17922973632812,
    83.53023529052734,
    46.090206146240234,
    26.517879486083984,
    15.393959999084473,
    9.390199661254883,
    4.903314590454102,
    2.644282341003418,
    1.5008058547973633,
    0.8814550042152405,
    0.479961633682251,
    0.31362995505332947,
    0.1835978776216507,
    0.11621781438589096,
    0.07460199296474457,
    0.048317115753889084,
    0.030344143509864807,
    0.02003227360546589,
    0.013878443278372288,
    0.009611844085156918,
    0.006517359986901283
  ],
  "grad_norm_squared": [
    215256.0625,
    173670.171875,
    147904.46875,
    83250.9296875,
    26957.421875,
    8876.0849609375,
    3025.39794921875,
    1246.1748046875,
    559.4056396484375,
    264.6939697265625,
    146.4015350341797,
    70.65399932861328,
    38.48976516723633,
    20.637516021728516,
    10.486664772033691,
    5.46301794052124,
    2.961085796356201,
    1.6374553442001343,
    0.982164740562439,
    0.5650014877319336,
    0.2963877320289612,
    0.15731209516525269,
    0.09102484583854675,
    0.05097823962569237,
    0.029987530782818794,
    0.016666170209646225,
    0.009591907262802124,
    0.005573910195380449,
    0.0033738547936081886,
    0.0017625518376007676,
    0.0009478016872890294,
    0.0005381989176385105,
    0.0003179809427820146,
    0.00017268826195504516,
    0.00011266488581895828,
    6.622551154578105e-05,
    4.2027299059554935e-05,
    2.6848229026654735e-05,
    1.732605232973583e-05,
    1.087476539396448e-05,
    7.182072749856161e-06,
    4.9870841394294985e-06,
    3.444820549702854e-06,
    2.3368222628050717e-06
  ]
}