{
  "step": [
    0,
    20,
    40,
    60,
    80,
    100,
    120,
    140,
    160,
    180,
    200,
    220,
    240,
    260,
    280,
    300,
    320,
    340,
    360,
    380,
    400,
    420,
    440,
    460,
    480,
    500,
    520,
    540,
    560,
    580,
    600,
    620,
    640,
    660,
    680,
    700,
    720,
    740,
    760,
    780,
    800,
    820,
    840,
    860,
    880,
    900,
    920,
    940,
    960,
    980,
    1000,
    1020,
    1040,
    1060,
    1080,
    1100,
    1120,
    1140,
    1160,
    1180,
    1200,
    1220,
    1240,
    1260,
    1280,
    1300,
    1320,
    1340,
    1360,
    1380,
    1400,
    1420,
    1440,
    1460,
    1480,
    1500,
    1520,
    1540,
    1560,
    1580,
    1600,
    1620,
    1640,
    1660,
    1680,
    1700,
    1720,
    1740,
    1760,
    1780,
    1800,
    1820,
    1840,
    1860,
    1880,
    1900,
    1920,
    1940,
    1960,
    1980
  ],
  "train_loss": [
    1064.6611328125,
    997.7213745117188,
    918.33349609375,
    820.0881958007812,
    686.7224731445312,
    548.6204833984375,
    452.5022888183594,
    378.1609802246094,
    309.84783935546875,
    239.11538696289062,
    164.9210662841797,
    96.06939697265625,
    44.70307159423828,
    22.441974639892578,
    11.541877746582031,
    7.456210136413574,
    4.991630554199219,
    3.6312255859375,
    2.725116491317749,
    2.198265314102173,
    1.7813234329223633,
    1.4199997186660767,
    1.2149701118469238,
    0.9567382335662842,
    0.7934512495994568,
    0.6279985904693604,
    0.4991777837276459,
    0.4028643071651459,
    0.3256290555000305,
    0.2610795795917511,
    0.20713940262794495,
    0.1645936220884323,
    0.13033683598041534,
    0.10450336337089539,
    0.08410784602165222,
    0.06386377662420273,
    0.05048814415931702,
    0.039351675659418106,
    0.03124331496655941,
    0.02409168891608715,
    0.01879553496837616,
    0.014877726323902607,
    0.011586295440793037,
    0.009029864333570004,
    0.0069226790219545364,
    0.005357721820473671,
    0.00429154047742486,
    0.0032328495290130377,
    0.0024895374663174152,
    0.0019855776336044073,
    0.0015039823483675718,
    0.001156794955022633,
    0.0008945230511017144,
    0.0006916177808307111,
    0.0005314706941135228,
    0.0004183911078143865,
    0.0003275768831372261,
    0.0002550946082919836,
    0.0001960908848559484,
    0.00015131005784496665,
    0.000113670714199543,
    8.845661795930937e-05,
    6.895994738442823e-05,
    5.399372457759455e-05,
    4.130498200538568e-05,
    3.1440085876965895e-05,
    2.5611279852455482e-05,
    1.925082142406609e-05,
    1.4322702554636635e-05,
    1.150640491687227e-05,
    8.732864444027655e-06,
    6.851831130916253e-06,
    5.453368885355303e-06,
    4.231073035043664e-06,
    3.225148475394235e-06,
    2.3962154500623e-06,
    1.8557117300588288e-06,
    1.4237244840842322e-06,
    1.118455429605092e-06,
    8.372705337933439e-07,
    6.618548695769277e-07,
    5.073540023659007e-07,
    3.8803105439910723e-07,
    3.006825011198089e-07,
    2.419704685507895e-07,
    1.8840674442799354e-07,
    1.5460715019344207e-07,
    1.1765104090954992e-07,
    9.403862577528344e-08,
    7.291479420246105e-08,
    5.587462581502223e-08,
    4.5775383483714904e-08,
    3.694093919648367e-08,
    2.834745060908972e-08,
    2.3322805020598025e-08,
    1.9297564435305503e-08,
    1.621693890285769e-08,
    1.4049400753890495e-08,
    1.1565940205571223e-08,
    9.552691970782234e-09
  ],
  "test_loss": [
    1219.5950927734375,
    1143.509521484375,
    1052.3558349609375,
    937.4771728515625,
    779.219970703125,
    612.7554931640625,
    502.3824462890625,
    412.3623352050781,
    338.5882568359375,
    260.9059753417969,
    177.22109985351562,
    102.66754913330078,
    47.619102478027344,
    23.681278228759766,
    11.911314964294434,
    7.624131679534912,
    5.019193649291992,
    3.5820577144622803,
    2.687729835510254,
    2.1483118534088135,
    1.7565308809280396,
    1.382120132446289,
    1.1886366605758667,
    0.928652286529541,
    0.7674028873443604,
    0.6054420471191406,
    0.47748002409935,
    0.3897928297519684,
    0.3125709295272827,
    0.24769853055477142,
    0.1986408233642578,
    0.15745756030082703,
    0.12370090186595917,
    0.09951312094926834,
    0.08059974014759064,
    0.06200523301959038,
    0.04846268147230148,
    0.03771385923027992,
    0.029831063002347946,
    0.02290499210357666,
    0.01798900216817856,
    0.014164639636874199,
    0.011097691021859646,
    0.008581706322729588,
    0.006656751502305269,
    0.005180941894650459,
    0.004103890620172024,
    0.0030807664152234793,
    0.002387979067862034,
    0.0019232402555644512,
    0.0014407953713089228,
    0.0010957159101963043,
    0.00085179548477754,
    0.0006602774956263602,
    0.000509444042108953,
    0.00040165180689655244,
    0.0003111851401627064,
    0.00024558918084949255,
    0.00018762816034723073,
    0.0001445317902835086,
    0.0001094492690754123,
    8.449448796454817e-05,
    6.500918243546039e-05,
    5.095517190056853e-05,
    3.945347998524085e-05,
    3.076705615967512e-05,
    2.4807055524433963e-05,
    1.826359766710084e-05,
    1.3801782188238576e-05,
    1.1148455087095499e-05,
    8.408674148085993e-06,
    6.608673629671102e-06,
    5.204370609135367e-06,
    4.005482878710609e-06,
    3.0664896257803775e-06,
    2.3074608179740608e-06,
    1.773783424141584e-06,
    1.3854104281563195e-06,
    1.076011926670617e-06,
    8.008006489035324e-07,
    6.354288757393078e-07,
    4.89524325075763e-07,
    3.8118204770398734e-07,
    2.9191579642429133e-07,
    2.2951013534111553e-07,
    1.7932711671164725e-07,
    1.470789499080638e-07,
    1.1364699759042196e-07,
    9.04784442923301e-08,
    6.99615227972572e-08,
    5.332554664505551e-08,
    4.3614580391704294e-08,
    3.473718734881004e-08,
    2.6754333859457802e-08,
    2.2262589993715665e-08,
    1.8760399456141386e-08,
    1.5711810519292158e-08,
    1.367308399835565e-08,
    1.1417419010228969e-08,
    9.213206197955515e-09
  ],