{
  "step": [
    0,
    20,
    40,
    60,
    80,
    100,
    120,
    140,
    160,
    180,
    200,
    220,
    240,
    260,
    280,
    300,
    320,
    340,
    360,
    380,
    400,
    420,
    440,
    460,
    480,
    500,
    520,
    540,
    560,
    580,
    600,
    620,
    640,
    660,
    680,
    700,
    720,
    740,
    760,
    780,
    800,
    820,
    840,
    860,
    880,
    900,
    920,
    940,
    960,
    980,
    1000,
    1020,
    1040,
    1060,
    1080,
    1100,
    1120,
    1140,
    1160,
    1180,
    1200,
    1220,
    1240,
    1260,
    1280,
    1300,
    1320,
    1340,
    1360,
    1380,
    1400,
    1420,
    1440,
    1460,
    1480,
    1500,
    1520,
    1540,
    1560,
    1580,
    1600,
    1620,
    1640,
    1660,
    1680,
    1700,
    1720,
    1740,
    1760,
    1780,
    1800,
    1820,
    1840,
    1860,
    1880,
    1900,
    1920,
    1940,
    1960,
    1980,
    1999
  ],
  "test_loss": [
    1226.5452880859375,
    1226.5361328125,
    1226.527099609375,
    1226.51806640625,
    1226.5089111328125,
    1226.499755859375,
    1226.490966796875,
    1226.48193359375,
    1226.472900390625,
    1226.4639892578125,
    1226.455078125,
    1226.446044921875,
    1226.43701171875,
    1226.4281005859375,
    1226.4190673828125,
    1226.4100341796875,
    1226.4010009765625,
    1226.391845703125,
    1226.3828125,
    1226.37353515625,
    1226.3642578125,
    1226.35498046875,
    1226.3455810546875,
    1226.336181640625,
    1226.3265380859375,
    1226.3170166015625,
    1226.307373046875,
    1226.2977294921875,
    1226.287841796875,
    1226.27783203125,
    1226.267822265625,
    1226.257568359375,
    1226.247314453125,
    1226.2366943359375,
    1226.22607421875,
    1226.21533203125,
    1226.2044677734375,
    1226.1934814453125,
    1226.1820068359375,
    1226.170654296875,
    1226.1590576171875,
    1226.147216796875,
    1226.1351318359375,
    1226.122802734375,
    1226.110595703125,
    1226.0977783203125,
    1226.084716796875,
    1226.0714111328125,
    1226.05810546875,
    1226.0440673828125,
    1226.030029296875,
    1226.015380859375,
    1226.0008544921875,
    1225.985595703125,
    1225.9700927734375,
    1225.9541015625,
    1225.9378662109375,
    1225.9210205078125,
    1225.90380859375,
    1225.8863525390625,
    1225.8680419921875,
    1225.849365234375,
    1225.8302001953125,
    1225.8104248046875,
    1225.7900390625,
    1225.76904296875,
    1225.747314453125,
    1225.7249755859375,
    1225.701904296875,
    1225.6781005859375,
    1225.6533203125,
    1225.6278076171875,
    1225.601318359375,
    1225.5738525390625,
    1225.5452880859375,
    1225.5159912109375,
    1225.4852294921875,
    1225.453369140625,
    1225.4202880859375,
    1225.3858642578125,
    1225.3499755859375,
    1225.3125,
    1225.2734375,
    1225.232666015625,
    1225.1900634765625,
    1225.1453857421875,
    1225.0987548828125,
    1225.0498046875,
    1224.9984130859375,
    1224.944580078125,
    1224.8878173828125,
    1224.828125,
    1224.7652587890625,
    1224.698974609375,
    1224.6287841796875,
    1224.5545654296875,
    1224.47607421875,
    1224.392822265625,
    1224.304443359375,
    1224.2103271484375,
    1224.1153564453125
  ],
  "grad_norm_squared": [
    4.250118255615234,
    4.229161739349365,
    4.210606575012207,
    4.194428443908691,
    4.18060302734375,
    4.169110298156738,
    4.159934997558594,
    4.153063774108887,
    4.148486614227295,
    4.146198272705078,
    4.146195411682129,
    4.1484785079956055,
    4.153050899505615,
    4.159919738769531,
    4.169095993041992,
    4.1805925369262695,
    4.194426536560059,
    4.21061897277832,
    4.229193687438965,
    4.250179290771484,
    4.2736053466796875,
    4.299509048461914,
    4.327928066253662,
    4.358905792236328,
    4.392490386962891,
    4.428731918334961,
    4.467686653137207,
    4.509416580200195,
    4.553985595703125,
    4.601465702056885,
    4.651930809020996,
    4.705463886260986,
    4.762150287628174,
    4.822085380554199,
    4.885367393493652,
    4.9521026611328125,
    5.02240514755249,
    5.096395969390869,
    5.174203872680664,
    5.2559661865234375,
    5.341830253601074,
    5.431951522827148,
    5.526496410369873,
    5.625641822814941,
    5.72957706451416,
    5.838501453399658,
    5.952629566192627,
    6.0721893310546875,
    6.19742488861084,
    6.3285932540893555,
    6.465972900390625,
    6.609856128692627,
    6.760560035705566,
    6.918418884277344,
    7.083792686462402,
    7.2570648193359375,
    7.4386467933654785,
    7.6289777755737305,
    7.82852840423584,
    8.037803649902344,
    8.257344245910645,
    8.48773193359375,
    8.729591369628906,
    8.983591079711914,
    9.250456809997559,
    9.530962944030762,
    9.825949668884277,
    10.136320114135742,
    10.463051795959473,
    10.807199478149414,
    11.169904708862305,
    11.55240535736084,
    11.95604419708252,
    12.38227653503418,
    12.832687377929688,
    13.308998107910156,
    13.813085556030273,
    14.347000122070312,
    14.912975311279297,
    15.51346206665039,
    16.151140213012695,
    16.828947067260742,
    17.55011749267578,
    18.31820297241211,
    19.137123107910156,
    20.011199951171875,
    20.945215225219727,
    21.944467544555664,
    23.014835357666016,
    24.162851333618164,
    25.395795822143555,
    26.721797943115234,
    28.149948120117188,
    29.690431594848633,
    31.354703903198242,
    33.15565490722656,
    35.107845306396484,
    37.227745056152344,
    39.53406524658203,
    42.048072814941406,
    44.65083694458008
  ],