{
  "step": [
    0,
    20,
    40,
    60,
    80,
    100,
    120,
    140,
    160,
    180,
    200,
    220,
    240,
    260,
    280,
    300,
    320,
    340,
    360,
    380,
    400,
    420,
    440,
    460,
    480,
    500,
    520,
    540,
    560,
    580,
    600,
    620,
    640,
    660,
    680,
    700,
    720,
    740,
    760,
    780,
    800,
    820,
    840,
    860,
    880,
    900,
    920,
    940,
    960,
    980,
    1000,
    1020,
    1040,
    1060,
    1080,
    1100,
    1120,
    1140
  ],
  "train_loss": [
    1059.3245849609375,
    819.018310546875,
    563.1322021484375,
    308.0766296386719,
    142.51040649414062,
    61.64516067504883,
    29.458120346069336,
    13.304718017578125,
    6.516817092895508,
    3.5151853561401367,
    2.0340840816497803,
    1.2913249731063843,
    0.7746335864067078,
    0.486011803150177,
    0.303667813539505,
    0.20210225880146027,
    0.13456951081752777,
    0.08816664665937424,
    0.05715278163552284,
    0.03587277606129646,
    0.02385091409087181,
    0.016253750771284103,
    0.010754036717116833,
    0.00689699174836278,
    0.004688567016273737,
    0.0028548422269523144,
    0.0019495385931804776,
    0.0012055820552632213,
    0.000787455472163856,
    0.0005027400911785662,
    0.0003421553992666304,
    0.00022498502221424133,
    0.00014849424769636244,
    9.092023537959903e-05,
    5.6331024097744375e-05,
    3.9220052713062614e-05,
    2.4562694306951016e-05,
    1.696116669336334e-05,
    1.0915538041444961e-05,
    7.1933573053684086e-06,
    4.646402430807939e-06,
    3.312954959255876e-06,
    2.034588760579936e-06,
    1.3948465493740514e-06,
    8.598109388913144e-07,
    5.519596015801653e-07,
    3.6504815170701477e-07,
    2.485172387878265e-07,
    1.699586817949239e-07,
    1.198891226295018e-07,
    7.828857917502319e-08,
    5.6710696583195386e-08,
    4.203339187824895e-08,
    3.003153636882416e-08,
    2.1465908162099367e-08,
    1.497552126750179e-08,
    1.1042882164247203e-08,
    8.356295211342513e-09
  ],
  "test_loss": [
    1214.318359375,
    944.4373168945312,
    646.9150390625,
    347.7559509277344,
    153.287841796875,
    64.3293228149414,
    30.19375228881836,
    13.502851486206055,
    6.6153364181518555,
    3.5425899028778076,
    2.030797243118286,
    1.2863826751708984,
    0.7541846632957458,
    0.4784165918827057,
    0.2999897003173828,
    0.19705213606357574,
    0.13243475556373596,
    0.08472727239131927,
    0.0558866523206234,
    0.03459276258945465,
    0.022200608626008034,
    0.015091839246451855,
    0.010065385140478611,
    0.0064140246249735355,
    0.004399029538035393,
    0.0026811568532139063,
    0.0018568788655102253,
    0.0011546254390850663,
    0.0007607329171150923,
    0.00047067576088011265,
    0.0003141266934107989,
    0.00020741685875691473,
    0.00013766971824225038,
    8.428288856521249e-05,
    5.165554830455221e-05,
    3.625149474828504e-05,
    2.3475637135561556e-05,
    1.5775223801028915e-05,
    1.0193484740739223e-05,
    6.598128493351396e-06,
    4.286168405087665e-06,
    3.109645149379503e-06,
    1.918677071444108e-06,
    1.2917525964439847e-06,
    7.932262064969109e-07,
    5.105030709273706e-07,
    3.3661288512121246e-07,
    2.2847922309665591e-07,
    1.5840086575735768e-07,
    1.1178619985230398e-07,
    7.289813908073484e-08,
    5.304511674353307e-08,
    3.978490781264554e-08,
    2.784618935436356e-08,
    2.0107947307224094e-08,
    1.3743248317155121e-08,
    9.973922132644475e-09,
    7.724593409363933e-09
  ],
  "trace_gradient_covariance": [
    771311.75,
    704476.9375,
    742116.875,
    630086.4375,
    361455.75,
    170052.578125,
    84470.265625,
    38190.3359375,
    18378.4921875,
    9705.234375,
    5575.951171875,
    3500.80712890625,
    2098.566162109375,
    1304.11376953125,
    818.5189208984375,
    542.7994384765625,
    360.6280212402344,
    236.44923400878906,
    153.46484375,
    96.4583969116211,
    64.40855407714844,
    43.858917236328125,
    29.024494171142578,
    18.63748550415039,
    12.727423667907715,
    7.741502285003662,
    5.302718162536621,
    3.2838830947875977,
    2.146132469177246,
    1.3652863502502441,
    0.9243482351303101,
    0.6077584028244019,
    0.4020621180534363,
    0.24595661461353302,
    0.15372182428836823,
    0.10680713504552841,
    0.06718327105045319,
    0.0462951622903347,
    0.029698053374886513,
    0.01950914040207863,
    0.012603758834302425,
    0.009006849490106106,
    0.005550433415919542,
    0.0037840374279767275,
    0.0023290168028324842,
    0.0014979885891079903,
    0.0009935032576322556,
    0.0006746645085513592,
    0.0004625222063623369,
    0.000325668603181839,
    0.0002130985085386783,
    0.00015463145973626524,
    0.00011500929394969717,
    8.160122524714097e-05,
    5.8334779168944806e-05,
    4.0652870666235685e-05,
    2.9976841688039713e-05,
    2.273330755997449e-05
  ],
  "trace_hessian_covariance": [
    48024996.0,
    5067702.5,
    15277291.0,
    66200160.0,
    71742536.0,
    42294764.0,
    22760584.0,
    10574316.0,
    5067023.5,
    2635317.25,
    1502023.75,
    933366.5625,
    556950.8125,
    342907.65625,
    214312.265625,
    141552.5,
    93794.734375,
    61467.49609375,
    39846.15234375,
    25034.68359375,
    16739.462890625,
    11381.970703125,
    7525.39013671875,
    4835.77001953125,
    3305.36474609375,
    2009.276123046875,
    1377.344970703125,
    854.4509887695312,
    557.631103515625,
    354.5506286621094,
    240.19366455078125,
    157.68421936035156,
    104.24756622314453,
    63.79528045654297,
    39.982398986816406,
    27.773414611816406,
    17.462390899658203,
    12.023659706115723,
    7.717462539672852,
    5.075562477111816,
    3.2761309146881104,
    2.3390674591064453,
    1.4434826374053955,
    0.9840432405471802,
    0.6054323315620422,
    0.38919323682785034,
    0.2580890953540802,
    0.17527347803115845,
    0.12006217241287231,
    0.08458707481622696,
    0.0553782694041729,
    0.04016927629709244,
    0.029900124296545982,
    0.02120671235024929,
    0.015169760212302208,
    0.010587414726614952,
    0.007821382954716682,
    0.005922981537878513
  ],
  "grad_norm_squared": [
    128564.21875,
    119447.484375,
    131037.75,
    111818.171875,
    58378.23828125,
    24419.78125,
    11242.14453125,
    4726.01611328125,
    2073.14111328125,
    982.5252685546875,
    527.2817993164062,
    317.5096435546875,
    180.34732055664062,
    107.51187133789062,
    66.8969497680664,
    43.24516677856445,
    29.012924194335938,
    18.63922691345215,
    12.260274887084961,
    7.603980541229248,
    5.051722049713135,
    3.4305851459503174,
    2.274590492248535,
    1.4569025039672852,
    0.9963193535804749,
    0.6065089702606201,
    0.4173716902732849,
    0.25994038581848145,
    0.17147335410118103,
    0.10697641968727112,
    0.07376332581043243,
    0.04839577525854111,
    0.031822700053453445,
    0.01951717957854271,
    0.012088021263480186,
    0.00837948452681303,
    0.005388960242271423,
    0.0036402964033186436,
    0.002327145077288151,
    0.0015471146907657385,
    0.0009925689082592726,
    0.0007075508474372327,
    0.00043680338421836495,
    0.0002985884784720838,
    0.00018446496687829494,
    0.0001176446457975544,
    7.782996544847265e-05,
    5.30495926795993e-05,
    3.637921327026561e-05,
    2.556766412453726e-05,
    1.669920311542228e-05,
    1.2162374332547188e-05,
    9.14664997253567e-06,
    6.400054189725779e-06,
    4.5826627683709376e-06,
    3.207138433936052e-06,
    2.411521563772112e-06,
    1.7825882423494477e-06
  ]
}