{
  "step": [
    0,
    20,
    40,
    60,
    80,
    100,
    120,
    140,
    160,
    180,
    200,
    220,
    240,
    260,
    280,
    300,
    320,
    340,
    360,
    380,
    400,
    420,
    440,
    460,
    480,
    500,
    520,
    540,
    560,
    580,
    600,
    620,
    640,
    660,
    680,
    700,
    720,
    740,
    760,
    780,
    800,
    820,
    840,
    860,
    880,
    900,
    920,
    940,
    960,
    980,
    1000,
    1020,
    1040,
    1060,
    1080,
    1100,
    1120,
    1140,
    1160,
    1180,
    1200,
    1220,
    1240,
    1260,
    1280,
    1300,
    1320,
    1340,
    1360,
    1380,
    1400,
    1420,
    1440,
    1460,
    1480,
    1500,
    1520,
    1540,
    1560,
    1580,
    1600,
    1620,
    1640,
    1660,
    1680,
    1700,
    1720,
    1740,
    1760,
    1780,
    1800,
    1820,
    1840,
    1860,
    1880,
    1900,
    1920,
    1940,
    1960,
    1980
  ],
  "train_loss": [
    1064.0382080078125,
    984.7809448242188,
    901.4779663085938,
    797.656982421875,
    675.3938598632812,
    552.3186645507812,
    452.96807861328125,
    383.083984375,
    314.0376281738281,
    240.65133666992188,
    165.21939086914062,
    96.03488159179688,
    46.60955047607422,
    23.54044532775879,
    12.876206398010254,
    7.41438102722168,
    4.960355758666992,
    3.7386202812194824,
    2.8808796405792236,
    2.2979624271392822,
    1.8369839191436768,
    1.4400516748428345,
    1.176708698272705,
    0.9613396525382996,
    0.7997822761535645,
    0.6496723890304565,
    0.5280810594558716,
    0.4255580008029938,
    0.35108768939971924,
    0.2717343270778656,
    0.21465511620044708,
    0.168944850564003,
    0.13400670886039734,
    0.1032242402434349,
    0.08480683714151382,
    0.06677006930112839,
    0.053055115044116974,
    0.04207528755068779,
    0.03290267661213875,
    0.025198321789503098,
    0.019556209444999695,
    0.015381893143057823,
    0.01204048004001379,
    0.009195147082209587,
    0.0070764427073299885,
    0.005498869810253382,
    0.004333626013249159,
    0.0034053740091621876,
    0.0026803710497915745,
    0.002021614694967866,
    0.0015584209468215704,
    0.0012046780902892351,
    0.0009497794671915472,
    0.0007520589279010892,
    0.0005574743845500052,
    0.00043175305472686887,
    0.0003191606083419174,
    0.0002547118056099862,
    0.00019113582675345242,
    0.00014944699069019407,
    0.00011893362534465268,
    9.430090722162277e-05,
    7.242385618155822e-05,
    5.868137304787524e-05,
    4.493344385991804e-05,
    3.281818862888031e-05,
    2.4390667022089474e-05,
    1.8786638975143433e-05,
    1.511610116722295e-05,
    1.155422069132328e-05,
    8.978896403277759e-06,
    7.012638434389373e-06,
    5.3288817980501335e-06,
    4.076968252775259e-06,
    3.129964625259163e-06,
    2.4769315132289194e-06,
    1.8520494222684647e-06,
    1.4029640169610502e-06,
    1.086642896552803e-06,
    8.610703048361756e-07,
    6.85522934418259e-07,
    5.368920028558932e-07,
    4.145232992414094e-07,
    3.1064379868439573e-07,
    2.459866266235622e-07,
    1.9194807521216717e-07,
    1.498119388543273e-07,
    1.1548767275826322e-07,
    8.932883588386176e-08,
    7.152994641046462e-08,
    5.720207596482396e-08,
    4.684512688868381e-08,
    3.7230968530366226e-08,
    3.041748186660698e-08,
    2.4618987737312636e-08,
    1.9576921417296944e-08,
    1.6336377584025286e-08,
    1.4001630077586924e-08,
    1.1863932947164813e-08,
    9.827387792427089e-09
  ],
  "test_loss": [
    1218.758056640625,
    1126.1195068359375,
    1031.4246826171875,
    909.2404174804688,
    762.7402954101562,
    617.7122802734375,
    500.78521728515625,
    421.7283935546875,
    346.1270446777344,
    260.037109375,
    177.56907653808594,
    102.49600219726562,
    49.611915588378906,
    24.69978904724121,
    13.366570472717285,
    7.572369575500488,
    5.036698341369629,
    3.7635374069213867,
    2.831930637359619,
    2.2351040840148926,
    1.8142634630203247,
    1.3970904350280762,
    1.1375293731689453,
    0.9286540746688843,
    0.7754852771759033,
    0.634604811668396,
    0.5095377564430237,
    0.41412389278411865,
    0.3356625735759735,
    0.2587023973464966,
    0.20818856358528137,
    0.16089215874671936,
    0.12766316533088684,
    0.09873376041650772,
    0.08166126161813736,
    0.06445064395666122,
    0.05094544589519501,
    0.04070062190294266,
    0.031587135046720505,
    0.024375326931476593,
    0.018636643886566162,
    0.014513866044580936,
    0.011503265239298344,
    0.008919142186641693,
    0.0067902919836342335,
    0.005289671942591667,
    0.004154722206294537,
    0.0032722370233386755,
    0.002558424137532711,
    0.0019403835758566856,
    0.0015037013217806816,
    0.0011655264534056187,
    0.0009142757044173777,
    0.0007129852892830968,
    0.0005337792681530118,
    0.00041211064672097564,
    0.00030283431988209486,
    0.00024635804584249854,
    0.00018354991334490478,
    0.00014417014608625323,
    0.00011378728959243745,
    8.874342165654525e-05,
    6.947840302018449e-05,
    5.613171379081905e-05,
    4.316800186643377e-05,
    3.156413367833011e-05,
    2.2885871658218093e-05,
    1.7836993720266037e-05,
    1.4485123756458052e-05,
    1.1255791832809336e-05,
    8.622669156466145e-06,
    6.6874777076009195e-06,
    5.094189418741735e-06,
    3.881850261677755e-06,
    3.001133336510975e-06,
    2.3955717551871203e-06,
    1.7932574110091082e-06,
    1.3450035112327896e-06,
    1.0484862968951347e-06,
    8.22939171030157e-07,
    6.554091669386253e-07,
    5.174392185836041e-07,
    3.9912129068397917e-07,
    2.9826975378455245e-07,
    2.3293172546345886e-07,
    1.8376930199792696e-07,
    1.4270963788476365e-07,
    1.103640556721075e-07,
    8.33672686439968e-08,
    6.774300942424816e-08,
    5.5269943288749346e-08,
    4.464077107968478e-08,
    3.5825195254801656e-08,
    2.9103420118303802e-08,
    2.3756129508001322e-08,
    1.8876976426440706e-08,
    1.571663332811113e-08,
    1.3485087713149824e-08,
    1.1404105215717664e-08,
    9.360883623799054e-09
  ],