{
  "step": [
    0,
    20,
    40,
    60,
    80,
    100,
    120,
    140,
    160,
    180,
    200,
    220,
    240,
    260,
    280,
    300,
    320,
    340,
    360,
    380,
    400,
    420,
    440,
    460,
    480,
    500,
    520,
    540,
    560,
    580,
    600,
    620,
    640,
    660,
    680,
    700,
    720,
    740,
    760,
    780,
    800,
    820,
    840,
    860,
    880,
    900,
    920,
    940,
    960,
    980,
    1000,
    1020,
    1040,
    1060,
    1080,
    1100,
    1120,
    1140
  ],
  "train_loss": [
    1061.9403076171875,
    812.5430297851562,
    574.2982177734375,
    318.40753173828125,
    129.5158233642578,
    61.439510345458984,
    29.472536087036133,
    13.41889476776123,
    6.452106952667236,
    3.661656141281128,
    2.0655882358551025,
    1.217005968093872,
    0.7546486258506775,
    0.4808694124221802,
    0.29345542192459106,
    0.1961325705051422,
    0.1285182535648346,
    0.08302295953035355,
    0.05897422507405281,
    0.03659979999065399,
    0.023519383743405342,
    0.015218960121273994,
    0.00924814585596323,
    0.005982070229947567,
    0.004014139529317617,
    0.002752071712166071,
    0.001812268397770822,
    0.0012013070518150926,
    0.0007698132540099323,
    0.0005025923019275069,
    0.0003287115541752428,
    0.0001983859547181055,
    0.00013471073179971427,
    8.617769344709814e-05,
    5.7776651374297217e-05,
    3.841745638055727e-05,
    2.6202291337540373e-05,
    1.7206137272296473e-05,
    1.0593837032502051e-05,
    7.145902145566652e-06,
    4.573557362164138e-06,
    2.8172116799396463e-06,
    1.932667828441481e-06,
    1.2016366781608667e-06,
    8.059984111241647e-07,
    5.446353270599502e-07,
    3.548949223386444e-07,
    2.5471840103818977e-07,
    1.7813546548950399e-07,
    1.2038086083521193e-07,
    7.887781094950697e-08,
    5.5959603173505457e-08,
    3.9410259944361314e-08,
    2.6818600673550463e-08,
    2.0366343278510612e-08,
    1.503493862742289e-08,
    1.2013583905456926e-08,
    8.93898377540836e-09
  ],
  "test_loss": [
    1217.7567138671875,
    933.688720703125,
    654.3712768554688,
    360.4679260253906,
    140.2669219970703,
    64.0633773803711,
    30.171955108642578,
    13.561396598815918,
    6.511832237243652,
    3.6959264278411865,
    2.0859880447387695,
    1.213718056678772,
    0.7506194710731506,
    0.47641271352767944,
    0.28764864802360535,
    0.1906977742910385,
    0.12407178431749344,
    0.07979194819927216,
    0.05629919096827507,
    0.034463558346033096,
    0.022345900535583496,
    0.014337324537336826,
    0.008814068511128426,
    0.00573322270065546,
    0.003783063031733036,
    0.0025816436391323805,
    0.00169494585134089,
    0.0011173824314028025,
    0.0007238984107971191,
    0.0004632952914107591,
    0.00030720909126102924,
    0.00018581414769869298,
    0.00012613546277862042,
    8.100904960883781e-05,
    5.546561078517698e-05,
    3.5113454941892996e-05,
    2.3804657757864334e-05,
    1.583806806593202e-05,
    9.597307325748261e-06,
    6.634030341956532e-06,
    4.3483237277541775e-06,
    2.6535669803706696e-06,
    1.835628268054279e-06,
    1.1304648523946526e-06,
    7.483654371753801e-07,
    5.026661824558687e-07,
    3.3249730790885224e-07,
    2.3721023012512887e-07,
    1.643158356046115e-07,
    1.1090804008517807e-07,
    7.272512903000461e-08,
    5.3372090746961476e-08,
    3.697772399391397e-08,
    2.4943755505546505e-08,
    1.852725617368378e-08,
    1.3725070857617538e-08,
    1.1077021966343636e-08,
    8.190363942617296e-09
  ],
  "trace_gradient_covariance": [
    773467.875,
    715825.3125,
    743979.1875,
    640817.75,
    337648.5,
    170185.703125,
    85514.515625,
    38841.9765625,
    18321.30078125,
    10171.8466796875,
    5653.37109375,
    3306.369140625,
    2040.6700439453125,
    1297.5218505859375,
    786.8543090820312,
    525.1784057617188,
    346.9818420410156,
    222.96788024902344,
    158.44747924804688,
    98.4998779296875,
    63.2955436706543,
    40.9287223815918,
    24.930505752563477,
    16.165773391723633,
    10.871438980102539,
    7.467718601226807,
    4.939640998840332,
    3.2611687183380127,
    2.0868136882781982,
    1.3614490032196045,
    0.8915947675704956,
    0.5409968495368958,
    0.3661127984523773,
    0.2335987687110901,
    0.1569339632987976,
    0.10452263802289963,
    0.07142793387174606,
    0.046836405992507935,
    0.02882019430398941,
    0.019419176504015923,
    0.01247074268758297,
    0.0076664588414132595,
    0.005277939140796661,
    0.003266282146796584,
    0.0021808757446706295,
    0.0014787472318857908,
    0.0009606257081031799,
    0.0006894409889355302,
    0.00048646898358128965,
    0.00032752074184827507,
    0.00021485362958628684,
    0.00015257790801115334,
    0.00010735139949247241,
    7.313949026865885e-05,
    5.546355532715097e-05,
    4.0877344872569665e-05,
    3.26271983794868e-05,
    2.425588718324434e-05
  ],
  "trace_hessian_covariance": [
    48787408.0,
    6063289.5,
    13566247.0,
    62815464.0,
    69946616.0,
    42453084.0,
    23239984.0,
    10823015.0,
    5064419.5,
    2769387.75,
    1520184.375,
    881044.625,
    539773.1875,
    341196.46875,
    205774.5625,
    136976.96875,
    90476.9140625,
    58021.3046875,
    41190.25,
    25577.837890625,
    16433.9375,
    10622.5986328125,
    6469.490234375,
    4198.81201171875,
    2826.01220703125,
    1941.2235107421875,
    1287.23291015625,
    848.8633422851562,
    542.3427734375,
    353.7427062988281,
    231.726806640625,
    140.93838500976562,
    95.19110107421875,
    60.69539260864258,
    40.78355407714844,
    27.1973876953125,
    18.62723159790039,
    12.201311111450195,
    7.506007194519043,
    5.044116497039795,
    3.240983247756958,
    1.9944629669189453,
    1.371873140335083,
    0.8496937155723572,
    0.5667750239372253,
    0.3842751681804657,
    0.24957945942878723,
    0.17916668951511383,
    0.12668243050575256,
    0.08515593409538269,
    0.05591314285993576,
    0.03969012573361397,
    0.027930978685617447,
    0.019027836620807648,
    0.014456793665885925,
    0.01065506599843502,
    0.008499298244714737,
    0.006325192749500275
  ],
  "grad_norm_squared": [
    128910.8828125,
    121552.5546875,
    132163.75,
    114795.25,
    55192.81640625,
    24643.599609375,
    11564.849609375,
    4875.12890625,
    2073.646240234375,
    1059.2681884765625,
    542.5601806640625,
    299.7344970703125,
    177.7718505859375,
    109.43098449707031,
    64.66094207763672,
    42.23455047607422,
    27.44236183166504,
    17.595884323120117,
    12.462905883789062,
    7.683066368103027,
    4.96589469909668,
    3.224850654602051,
    1.9637186527252197,
    1.272484302520752,
    0.851622462272644,
    0.5841166377067566,
    0.3910127580165863,
    0.2572452425956726,
    0.16355179250240326,
    0.10714329034090042,
    0.0699172168970108,
    0.042579300701618195,
    0.028667990118265152,
    0.01845058798789978,
    0.012643618509173393,
    0.008218984119594097,
    0.005682884715497494,
    0.003717035287991166,
    0.0022941369097679853,
    0.001523812534287572,
    0.0009946314385160804,
    0.0006040692096576095,
    0.0004210593178868294,
    0.0002570860378909856,
    0.00017339873011223972,
    0.0001160779211204499,
    7.674339576624334e-05,
    5.473210330819711e-05,
    3.818709956249222e-05,
    2.564324313425459e-05,
    1.6861766198417172e-05,
    1.2070553566445597e-05,
    8.424342013313435e-06,
    5.737674200645415e-06,
    4.3731729419960175e-06,
    3.222540499336901e-06,
    2.570881861174712e-06,
    1.931306769620278e-06
  ]
}