{
  "step": [
    0,
    20,
    40,
    60,
    80,
    100,
    120,
    140,
    160,
    180,
    200,
    220,
    240,
    260,
    280,
    300,
    320,
    340,
    360,
    380,
    400,
    420,
    440,
    460,
    480,
    500,
    520,
    540,
    560,
    580,
    600,
    620,
    640,
    660,
    680,
    700,
    720,
    740,
    760,
    780,
    800,
    820,
    840,
    860,
    880,
    900,
    920,
    940,
    960,
    980,
    1000,
    1020,
    1040,
    1060,
    1080,
    1100,
    1120,
    1140,
    1160,
    1180,
    1200,
    1220,
    1240,
    1260,
    1280,
    1300,
    1320,
    1340,
    1360,
    1380,
    1400,
    1420,
    1440,
    1460,
    1480,
    1500,
    1520,
    1540,
    1560,
    1580,
    1600,
    1620,
    1640,
    1660,
    1680,
    1700,
    1720,
    1740,
    1760,
    1780,
    1800,
    1820,
    1840,
    1860,
    1880,
    1900,
    1920,
    1940,
    1960,
    1980
  ],
  "train_loss": [
    1063.5709228515625,
    987.880859375,
    909.1917724609375,
    812.4321899414062,
    675.0453491210938,
    551.8980712890625,
    450.97918701171875,
    372.6432800292969,
    305.1551818847656,
    233.904541015625,
    162.46835327148438,
    91.48819732666016,
    51.387550354003906,
    24.048358917236328,
    11.54959774017334,
    7.341760635375977,
    5.096399784088135,
    3.719758987426758,
    2.778066635131836,
    2.1856846809387207,
    1.8100526332855225,
    1.4954423904418945,
    1.187443733215332,
    0.9430808424949646,
    0.7835186123847961,
    0.640408456325531,
    0.5240632891654968,
    0.43256327509880066,
    0.3396015167236328,
    0.26916801929473877,
    0.21278806030750275,
    0.17214179039001465,
    0.13491691648960114,
    0.10569068044424057,
    0.08305297791957855,
    0.06576184183359146,
    0.05111720412969589,
    0.03941035270690918,
    0.03188527002930641,
    0.02494814433157444,
    0.01931280456483364,
    0.014947115443646908,
    0.011840835213661194,
    0.009093359112739563,
    0.007192264311015606,
    0.0054712616838514805,
    0.004170040600001812,
    0.003363773925229907,
    0.0026183088775724173,
    0.002025306224822998,
    0.001529346569441259,
    0.0011775383027270436,
    0.0008544670999981463,
    0.0006859986460767686,
    0.0005468809977173805,
    0.000424407102400437,
    0.0003400319837965071,
    0.0002538645057938993,
    0.00019516558677423745,
    0.00015302498650271446,
    0.00011552734940778464,
    9.154620784102008e-05,
    7.02651814208366e-05,
    5.315784801496193e-05,
    4.290119977667928e-05,
    3.218840720364824e-05,
    2.4965072952909395e-05,
    1.943382630997803e-05,
    1.4100163753028028e-05,
    1.115528903028462e-05,
    8.891777724784333e-06,
    6.7964983827550896e-06,
    5.216265435592504e-06,
    4.015738795715151e-06,
    3.122344651274034e-06,
    2.4380935883527854e-06,
    1.8826931409421377e-06,
    1.4242535826269886e-06,
    1.0974516726491856e-06,
    8.592424478592875e-07,
    6.743239282513969e-07,
    5.418845034910191e-07,
    4.1080627966039174e-07,
    3.1706795766694995e-07,
    2.3726182973859977e-07,
    1.9028645681373746e-07,
    1.4252492519517546e-07,
    1.1331946581094599e-07,
    8.693581321495003e-08,
    7.018206815700978e-08,
    5.617910048272279e-08,
    4.592872926423297e-08,
    3.630579570312875e-08,
    2.932263143406999e-08,
    2.3816273397869736e-08,
    1.9469201362198874e-08,
    1.655183368143298e-08,
    1.300084040423144e-08,
    1.0425445395867428e-08,
    9.038748416401177e-09
  ],
  "test_loss": [
    1218.1304931640625,
    1130.3258056640625,
    1039.4669189453125,
    927.1768188476562,
    763.7122802734375,
    617.8605346679688,
    497.45745849609375,
    405.17608642578125,
    333.1768798828125,
    253.45494079589844,
    175.81214904785156,
    98.26222229003906,
    55.15867614746094,
    25.31269073486328,
    11.907748222351074,
    7.528314590454102,
    5.182077407836914,
    3.732969045639038,
    2.7463741302490234,
    2.1635963916778564,
    1.7720056772232056,
    1.4309831857681274,
    1.1399590969085693,
    0.9001718163490295,
    0.7584476470947266,
    0.6235283613204956,
    0.5112114548683167,
    0.4244130551815033,
    0.32723987102508545,
    0.25971096754074097,
    0.20395004749298096,
    0.16535916924476624,
    0.128594771027565,
    0.1016162857413292,
    0.08013305813074112,
    0.06289547681808472,
    0.04928953945636749,
    0.0375850647687912,
    0.030422279611229897,
    0.023862404748797417,
    0.01850036345422268,
    0.014325556345283985,
    0.011285608634352684,
    0.008695127442479134,
    0.0068381293676793575,
    0.005270134657621384,
    0.004025300499051809,
    0.0032351131085306406,
    0.0025047333911061287,
    0.0019309405470266938,
    0.0014554105000570416,
    0.0011295235017314553,
    0.0008130380883812904,
    0.0006476134294643998,
    0.0005208972725085914,
    0.00040664078551344573,
    0.00032655594986863434,
    0.00024224679509643465,
    0.00018678026390261948,
    0.00014638234279118478,
    0.00010991261660819873,
    8.749285188969225e-05,
    6.730695167789236e-05,
    5.1042305130977184e-05,
    4.0854993130778894e-05,
    3.081900649704039e-05,
    2.3764085199218243e-05,
    1.8591284970170818e-05,
    1.3580583981820382e-05,
    1.0736922376963776e-05,
    8.497896487824619e-06,
    6.527752702822909e-06,
    4.974551757186418e-06,
    3.805664618994342e-06,
    3.004886821145192e-06,
    2.3431518911820604e-06,
    1.7929504565472598e-06,
    1.3640693623528932e-06,
    1.0513102779441397e-06,
    8.223325380640745e-07,
    6.456320988945663e-07,
    5.187453098187689e-07,
    3.962889820741111e-07,
    3.045191192541097e-07,
    2.2487044759600394e-07,
    1.8252136158025678e-07,
    1.3607150606276264e-07,
    1.0743180212102743e-07,
    8.386952998762354e-08,
    6.730335400106924e-08,
    5.442489126039618e-08,
    4.46722907554431e-08,
    3.495167177902658e-08,
    2.8168177124143767e-08,
    2.279759492296307e-08,
    1.8554169756157535e-08,
    1.5874281444894223e-08,
    1.2276400340738292e-08,
    1.0045601683827954e-08,
    8.62884963481747e-09
  ],