{
  "step": [
    0,
    20,
    40,
    60,
    80,
    100,
    120,
    140,
    160,
    180,
    200,
    220,
    240,
    260,
    280,
    300,
    320,
    340,
    360,
    380,
    400,
    420,
    440,
    460,
    480,
    500,
    520,
    540,
    560,
    580,
    600,
    620,
    640,
    660,
    680,
    700,
    720,
    740,
    760,
    780,
    800,
    820,
    840,
    860
  ],
  "train_loss": [
    1108.316162109375,
    715.7575073242188,
    409.9144287109375,
    159.5122528076172,
    48.78522491455078,
    18.778972625732422,
    7.855798244476318,
    3.631164789199829,
    1.7693933248519897,
    0.95758056640625,
    0.4452493488788605,
    0.2411961853504181,
    0.13223040103912354,
    0.06792724132537842,
    0.037188977003097534,
    0.018908299505710602,
    0.010263597592711449,
    0.006145547144114971,
    0.003568947548046708,
    0.0020562042482197285,
    0.0010726813925430179,
    0.0005620673764497042,
    0.0003328623133711517,
    0.0002041375555563718,
    0.00010890282283071429,
    6.296811625361443e-05,
    3.477348946034908e-05,
    1.9305100067867897e-05,
    1.1219148291274905e-05,
    6.459209998865845e-06,
    3.628171953096171e-06,
    2.157861672458239e-06,
    1.2732353980027256e-06,
    7.977293421390641e-07,
    3.9641585658500844e-07,
    2.5050468366316636e-07,
    1.6734352925595886e-07,
    9.905779307928242e-08,
    6.126721530108625e-08,
    3.913653756626445e-08,
    2.714447511209528e-08,
    1.8497804177286525e-08,
    1.2312590946805813e-08,
    8.552958341567773e-09
  ],
  "test_loss": [
    1264.91552734375,
    825.8025512695312,
    476.5043029785156,
    184.3729705810547,
    52.05472183227539,
    18.968555450439453,
    7.497100830078125,
    3.431480884552002,
    1.6472162008285522,
    0.8982946276664734,
    0.41395801305770874,
    0.22171634435653687,
    0.12288513034582138,
    0.06253179162740707,
    0.033830322325229645,
    0.01696438528597355,
    0.009228541515767574,
    0.005579033866524696,
    0.0031711531337350607,
    0.0018753382610157132,
    0.0009665853576734662,
    0.0005201156600378454,
    0.00031023434712551534,
    0.00018660009664017707,
    9.826167661231011e-05,
    5.6673357903491706e-05,
    3.1635212508263066e-05,
    1.7291786207351834e-05,
    1.0379189916420728e-05,
    5.858494205313036e-06,
    3.2945677048701327e-06,
    1.975340865101316e-06,
    1.1518394558152067e-06,
    7.28188581433642e-07,
    3.6300409078648954e-07,
    2.2970176871695003e-07,
    1.505146087765752e-07,
    9.047142413010079e-08,
    5.649877010682758e-08,
    3.574361073788168e-08,
    2.480826744033493e-08,
    1.6884078135603886e-08,
    1.1156099155584798e-08,
    7.920623268375948e-09
  ],
  "trace_gradient_covariance": [
    1312671.5,
    1034781.375,
    884035.75,
    504088.15625,
    172589.0,
    64309.1328125,
    25029.9140625,
    11359.90625,
    5487.953125,
    2971.670166015625,
    1378.3892822265625,
    737.4599609375,
    400.0521240234375,
    204.24349975585938,
    110.8067398071289,
    56.27872848510742,
    30.554800033569336,
    18.20547866821289,
    10.513568878173828,
    6.053741455078125,
    3.160336494445801,
    1.6609925031661987,
    0.9836759567260742,
    0.6032004952430725,
    0.3207152783870697,
    0.18496179580688477,
    0.10225758701562881,
    0.056813716888427734,
    0.03300219029188156,
    0.01901203580200672,
    0.010670616291463375,
    0.006350655108690262,
    0.003737740684300661,
    0.002349787624552846,
    0.0011636584531515837,
    0.0007380061433650553,
    0.000494091771543026,
    0.0002927585446741432,
    0.00018058867135550827,
    0.00011516197264427319,
    7.99178087618202e-05,
    5.4648236982757226e-05,
    3.618785194703378e-05,
    2.5194578483933583e-05
  ],
  "trace_hessian_covariance": [
    145303280.0,
    47150836.0,
    81704168.0,
    109472464.0,
    53002608.0,
    20472496.0,
    7470577.5,
    3307494.0,
    1573395.25,
    849087.8125,
    391052.0,
    207110.953125,
    110769.6953125,
    56168.44140625,
    30199.28515625,
    15254.8837890625,
    8263.0810546875,
    4888.4111328125,
    2819.5224609375,
    1622.561279296875,
    846.805908203125,
    444.916259765625,
    263.7438659667969,
    161.63694763183594,
    85.95303344726562,
    49.52500915527344,
    27.401195526123047,
    15.234354019165039,
    8.841313362121582,
    5.094223976135254,
    2.8579039573669434,
    1.6991751194000244,
    1.0015424489974976,
    0.6299201846122742,
    0.31133833527565,
    0.19755905866622925,
    0.13241104781627655,
    0.07839351147413254,
    0.048338744789361954,
    0.030821092426776886,
    0.021412193775177002,
    0.01465149037539959,
    0.009706527926027775,
    0.00675535760819912
  ],
  "grad_norm_squared": [
    214637.9375,
    172825.546875,
    152399.484375,
    85644.640625,
    26762.650390625,
    8766.9033203125,
    3031.11181640625,
    1298.1492919921875,
    610.8082275390625,
    325.7448425292969,
    147.63243103027344,
    77.08183288574219,
    40.9270133972168,
    20.62761688232422,
    10.980982780456543,
    5.511457443237305,
    2.9683632850646973,
    1.7554985284805298,
    1.0139765739440918,
    0.58041912317276,
    0.30321183800697327,
    0.16027048230171204,
    0.09430617839097977,
    0.05764247849583626,
    0.030738238245248795,
    0.01781735010445118,
    0.0099298981949687,
    0.005478716921061277,
    0.003164003137499094,
    0.001819234574213624,
    0.0010253004729747772,
    0.0006099718739278615,
    0.00036240805638954043,
    0.00022522166545968503,
    0.00011196440027561039,
    7.054352317936718e-05,
    4.728339263238013e-05,
    2.7980833692708984e-05,
    1.7366266547469422e-05,
    1.1042101505154278e-05,
    7.642134733032435e-06,
    5.2146583584544715e-06,
    3.476103756838711e-06,
    2.4180653781513683e-06
  ]
}