{
  "step": [
    0,
    20,
    40,
    60,
    80,
    100,
    120,
    140,
    160,
    180,
    200,
    220,
    240,
    260,
    280,
    300,
    320,
    340,
    360,
    380,
    400,
    420,
    440,
    460,
    480,
    500,
    520,
    540,
    560,
    580,
    600,
    620,
    640,
    660,
    680,
    700,
    720,
    740,
    760,
    780,
    800,
    820,
    840,
    860
  ],
  "train_loss": [
    1117.461181640625,
    733.4441528320312,
    423.5990295410156,
    172.25119018554688,
    52.38841247558594,
    18.992454528808594,
    8.431235313415527,
    3.670609951019287,
    1.7653316259384155,
    0.9042666554450989,
    0.4396912455558777,
    0.2258872538805008,
    0.11798092722892761,
    0.06467940658330917,
    0.03447021543979645,
    0.01880762353539467,
    0.010670861229300499,
    0.005761414300650358,
    0.003639505011960864,
    0.001970465760678053,
    0.001059798989444971,
    0.0005968973855488002,
    0.0003034259716514498,
    0.00016595849592704326,
    9.838261030381545e-05,
    5.9791080275317654e-05,
    3.39963189617265e-05,
    1.9770553990383632e-05,
    1.0943570487143006e-05,
    6.281698460952612e-06,
    3.578613586796564e-06,
    1.8400534145257552e-06,
    1.1265892680967227e-06,
    6.409673574125918e-07,
    3.9369652427012625e-07,
    2.463776525019057e-07,
    1.6044691619754303e-07,
    1.0192823651777871e-07,
    6.09992056865849e-08,
    4.112804319333918e-08,
    2.670659426939892e-08,
    1.706230712272827e-08,
    1.2384799852327433e-08,
    8.242514226708408e-09
  ],
  "test_loss": [
    1278.193359375,
    849.1075439453125,
    489.1543273925781,
    199.49221801757812,
    56.19487380981445,
    19.186262130737305,
    8.13788890838623,
    3.4641053676605225,
    1.6515506505966187,
    0.8436002731323242,
    0.4068305790424347,
    0.2073075771331787,
    0.10769428312778473,
    0.05897587910294533,
    0.031173929572105408,
    0.016964826732873917,
    0.009637600742280483,
    0.005217342637479305,
    0.0032990588806569576,
    0.0017674220725893974,
    0.0009581305203028023,
    0.0005366998957470059,
    0.00027700874488800764,
    0.00015295622870326042,
    8.95620250958018e-05,
    5.4493339121108875e-05,
    3.104382994933985e-05,
    1.7946989828487858e-05,
    1.0080306310555898e-05,
    5.684027655661339e-06,
    3.2743728297646157e-06,
    1.6887099718587706e-06,
    1.0375406418461353e-06,
    5.93330412357318e-07,
    3.7192575064182165e-07,
    2.2342247518736258e-07,
    1.4443828888488497e-07,
    9.255397515062214e-08,
    5.460796614897845e-08,
    3.7638368866055316e-08,
    2.4935578935014746e-08,
    1.582645481335021e-08,
    1.1587240500432472e-08,
    7.674187507689112e-09
  ],
  "trace_gradient_covariance": [
    1324238.0,
    1044543.0,
    894448.5625,
    532624.1875,
    184295.515625,
    65482.1484375,
    28061.83203125,
    11712.041015625,
    5576.80126953125,
    2823.949951171875,
    1357.8658447265625,
    694.3123779296875,
    360.4571228027344,
    195.6248779296875,
    103.06356811523438,
    55.84642028808594,
    31.759313583374023,
    17.042436599731445,
    10.746760368347168,
    5.808750629425049,
    3.1198854446411133,
    1.7541645765304565,
    0.893485963344574,
    0.4887459874153137,
    0.28979161381721497,
    0.176327645778656,
    0.10057179629802704,
    0.05825246125459671,
    0.03219948336482048,
    0.018454210832715034,
    0.010530778206884861,
    0.00544025469571352,
    0.003319384763017297,
    0.0018839511321857572,
    0.001158903120085597,
    0.0007254863157868385,
    0.0004732983943540603,
    0.00030030935886316,
    0.00017964403377845883,
    0.00012101933680241928,
    7.882412319304422e-05,
    5.032298940932378e-05,
    3.661781738628633e-05,
    2.4306764316861518e-05
  ],
  "trace_hessian_covariance": [
    149702640.0,
    49947128.0,
    78883656.0,
    111068800.0,
    56405644.0,
    20992044.0,
    8732437.0,
    3463714.0,
    1613943.875,
    810661.9375,
    385285.0625,
    195252.84375,
    100670.3359375,
    53919.80078125,
    28115.484375,
    15142.916015625,
    8568.318359375,
    4588.078125,
    2886.841552734375,
    1556.672607421875,
    836.294921875,
    469.8797302246094,
    239.20806884765625,
    130.92288208007812,
    77.65217590332031,
    47.232120513916016,
    27.00008773803711,
    15.625900268554688,
    8.623119354248047,
    4.940200328826904,
    2.820605516433716,
    1.4606844186782837,
    0.8893784880638123,
    0.5045453906059265,
    0.3104601800441742,
    0.19447173178195953,
    0.12713921070098877,
    0.08063556253910065,
    0.04822631925344467,
    0.032412439584732056,
    0.021122140809893608,
    0.013497717678546906,
    0.00982081238180399,
    0.006525520700961351
  ],
  "grad_norm_squared": [
    216275.484375,
    172463.796875,
    153865.0625,
    90319.625,
    28009.86328125,
    8934.66015625,
    3522.794677734375,
    1379.1512451171875,
    631.1595458984375,
    312.0182189941406,
    146.19680786132812,
    73.22712707519531,
    37.32665252685547,
    19.869056701660156,
    10.373141288757324,
    5.506195545196533,
    3.0803914070129395,
    1.6448969841003418,
    1.0349830389022827,
    0.5588875412940979,
    0.3002506494522095,
    0.16948381066322327,
    0.0859147235751152,
    0.046807579696178436,
    0.027742819860577583,
    0.016863102093338966,
    0.009679069742560387,
    0.0056101372465491295,
    0.0030808409210294485,
    0.0017745239892974496,
    0.001007879269309342,
    0.0005217206780798733,
    0.00031722235144115984,
    0.00018127889779862016,
    0.00011288307723589242,
    6.948816007934511e-05,
    4.565855851978995e-05,
    2.9032726160949096e-05,
    1.737585262162611e-05,
    1.1590553185669705e-05,
    7.5906450547336135e-06,
    4.817808985535521e-06,
    3.531330321493442e-06,
    2.326959702259046e-06
  ]
}