{
  "step": [
    0,
    20,
    40,
    60,
    80,
    100,
    120,
    140,
    160,
    180,
    200,
    220,
    240,
    260,
    280,
    300,
    320,
    340,
    360,
    380,
    400,
    420,
    440,
    460,
    480,
    500,
    520,
    540,
    560,
    580,
    600,
    620,
    640,
    660,
    680,
    700,
    720,
    740,
    760,
    780,
    800,
    820,
    840,
    860
  ],
  "train_loss": [
    1115.001953125,
    772.4405517578125,
    460.63653564453125,
    194.18199157714844,
    56.9698600769043,
    18.972333908081055,
    8.315326690673828,
    3.797858953475952,
    1.8298300504684448,
    1.0087790489196777,
    0.43586698174476624,
    0.22905321419239044,
    0.11454503983259201,
    0.06530289351940155,
    0.03479405492544174,
    0.019489003345370293,
    0.01193918939679861,
    0.006450855638831854,
    0.0033859836403280497,
    0.00187605619430542,
    0.0010759299620985985,
    0.0005793918389827013,
    0.0003660988586489111,
    0.00019005901413038373,
    0.00011395327601348981,
    6.0275804571574554e-05,
    3.372973878867924e-05,
    1.8800377802108414e-05,
    1.0933890735032037e-05,
    6.234429292817367e-06,
    3.4673992104217177e-06,
    2.004051793846884e-06,
    1.1699256674546632e-06,
    7.127268872864079e-07,
    4.335673509103799e-07,
    2.320202412420258e-07,
    1.4588144381377788e-07,
    9.185090021901487e-08,
    6.170843391828384e-08,
    3.9050338074275714e-08,
    2.5654056656776447e-08,
    1.782101044511819e-08,
    1.2194932175191298e-08,
    8.521480410195181e-09
  ],
  "test_loss": [
    1276.2310791015625,
    896.5740356445312,
    542.540771484375,
    227.5940704345703,
    62.21572494506836,
    19.126047134399414,
    8.141693115234375,
    3.634394407272339,
    1.7381223440170288,
    0.9371724724769592,
    0.401029497385025,
    0.21063615381717682,
    0.10248422622680664,
    0.05885699763894081,
    0.031458765268325806,
    0.017507052049040794,
    0.010662434622645378,
    0.005660523660480976,
    0.0030077840201556683,
    0.001670836005359888,
    0.0009829784976318479,
    0.0005217157886363566,
    0.0003361243288964033,
    0.0001739837316563353,
    0.00010399692109785974,
    5.487176895258017e-05,
    3.0236256861826405e-05,
    1.7250429664272815e-05,
    9.959450835594907e-06,
    5.605283604381839e-06,
    3.171495791320922e-06,
    1.8325988548895111e-06,
    1.0609593346089241e-06,
    6.501051643681421e-07,
    3.975657989485626e-07,
    2.1571143804521853e-07,
    1.341680189170802e-07,
    8.406831142337978e-08,
    5.6439482420955756e-08,
    3.546944782328865e-08,
    2.355230321882118e-08,
    1.6215473408465186e-08,
    1.1243248998482613e-08,
    7.791515876931498e-09
  ],
  "trace_gradient_covariance": [
    1321945.625,
    1046436.0,
    906721.4375,
    576034.5,
    202775.71875,
    66170.6171875,
    27744.845703125,
    12092.10546875,
    5740.14404296875,
    3135.34814453125,
    1346.603515625,
    702.9540405273438,
    346.5290222167969,
    195.9833984375,
    103.78450775146484,
    57.80400085449219,
    35.44643020629883,
    19.176301956176758,
    10.054916381835938,
    5.5201239585876465,
    3.1683223247528076,
    1.7053866386413574,
    1.0770249366760254,
    0.559268593788147,
    0.3354470431804657,
    0.17741093039512634,
    0.09976260364055634,
    0.055591654032468796,
    0.03221699595451355,
    0.018329301849007607,
    0.010188506916165352,
    0.005878449883311987,
    0.0034416948910802603,
    0.0020991126075387,
    0.001272833556868136,
    0.0006834500818513334,
    0.00042910853517241776,
    0.0002704343060031533,
    0.00018198892939835787,
    0.00011515287042129785,
    7.54479187889956e-05,
    5.23188900842797e-05,
    3.579238909878768e-05,
    2.506526834622491e-05
  ],
  "trace_hessian_covariance": [
    148896080.0,
    51117016.0,
    73191408.0,
    112449360.0,
    61886904.0,
    21452456.0,
    8686900.0,
    3578417.5,
    1661431.875,
    897689.6875,
    381923.84375,
    197143.171875,
    95730.0234375,
    53589.0,
    28197.66015625,
    15648.966796875,
    9551.9384765625,
    5165.09130859375,
    2699.238525390625,
    1480.99560546875,
    848.6978149414062,
    456.8135070800781,
    288.2688903808594,
    149.92311096191406,
    89.8738021850586,
    47.496726989746094,
    26.741371154785156,
    14.892441749572754,
    8.625197410583496,
    4.914034366607666,
    2.727680206298828,
    1.5722616910934448,
    0.9210485816001892,
    0.5614817142486572,
    0.34047597646713257,
    0.1830664426088333,
    0.11498364806175232,
    0.0725337415933609,
    0.04875096678733826,
    0.03086424246430397,
    0.020230332389473915,
    0.014027993194758892,
    0.009599007666110992,
    0.0067291357554495335
  ],
  "grad_norm_squared": [
    216030.015625,
    171485.15625,
    151982.96875,
    96420.28125,
    31258.298828125,
    9056.083984375,
    3514.77001953125,
    1421.1942138671875,
    652.4014282226562,
    350.63201904296875,
    144.31234741210938,
    73.80595397949219,
    35.421424865722656,
    19.6528377532959,
    10.242274284362793,
    5.669811725616455,
    3.4529500007629395,
    1.8876601457595825,
    0.9773401021957397,
    0.5379763841629028,
    0.30613088607788086,
    0.16395540535449982,
    0.10338539630174637,
    0.05374027043581009,
    0.03216611221432686,
    0.01700865849852562,
    0.009566832333803177,
    0.005328939761966467,
    0.0030875285156071186,
    0.0017709946259856224,
    0.000978277064859867,
    0.0005684189964085817,
    0.0003304925630800426,
    0.00020132384088356048,
    0.0001228663168149069,
    6.552071863552555e-05,
    4.116619311389513e-05,
    2.5961831852328032e-05,
    1.742143831506837e-05,
    1.1046193321817555e-05,
    7.236608780658571e-06,
    5.046017577114981e-06,
    3.444233243499184e-06,
    2.4099970232782653e-06
  ]
}