{
  "step": [
    0,
    20,
    40,
    60,
    80,
    100,
    120,
    140,
    160,
    180,
    200,
    220,
    240,
    260,
    280,
    300,
    320,
    340,
    360,
    380,
    400,
    420,
    440,
    460,
    480,
    500,
    520,
    540,
    560,
    580,
    600,
    620,
    640,
    660,
    680,
    700,
    720,
    740,
    760,
    780,
    800,
    820,
    840,
    860,
    880
  ],
  "train_loss": [
    1113.593017578125,
    738.914306640625,
    410.5396423339844,
    165.92147827148438,
    53.97495651245117,
    18.814544677734375,
    7.828781604766846,
    3.62237811088562,
    1.7501897811889648,
    0.8659397959709167,
    0.4379864037036896,
    0.22662900388240814,
    0.11981779336929321,
    0.06452605873346329,
    0.03526037931442261,
    0.01947942189872265,
    0.01084587350487709,
    0.006071880925446749,
    0.003411979880183935,
    0.001922132447361946,
    0.001084661576896906,
    0.0006127618835307658,
    0.00034643433173187077,
    0.0001959576620720327,
    0.00011088063183706254,
    6.276478234212846e-05,
    3.554101931513287e-05,
    2.013387347687967e-05,
    1.1420028386055492e-05,
    6.4937926254060585e-06,
    3.708858685058658e-06,
    2.1337796169973444e-06,
    1.2431920595190604e-06,
    7.378122859336145e-07,
    4.4725683778779057e-07,
    2.778186853902298e-07,
    1.7599042223537253e-07,
    1.1385183995571424e-07,
    7.470957541499956e-08,
    4.9983523098262594e-08,
    3.389623515204221e-08,
    2.3430727580375788e-08,
    1.6332288410580986e-08,
    1.1478838324308072e-08,
    8.163856257681346e-09
  ],
  "test_loss": [
    1273.8753662109375,
    854.6682739257812,
    478.96661376953125,
    191.16111755371094,
    58.697776794433594,
    19.039676666259766,
    7.589931964874268,
    3.4431350231170654,
    1.6445276737213135,
    0.8062728643417358,
    0.4045536518096924,
    0.20789802074432373,
    0.10931235551834106,
    0.05862974748015404,
    0.0319504477083683,
    0.017621710896492004,
    0.009803524240851402,
    0.005487299989908934,
    0.0030842239502817392,
    0.0017384079983457923,
    0.0009816777892410755,
    0.0005550407222472131,
    0.00031407494680024683,
    0.00017781594942789525,
    0.00010070711141452193,
    5.7057834055740386e-05,
    3.233788811485283e-05,
    1.8333937987335958e-05,
    1.0408958587504458e-05,
    5.924625384068349e-06,
    3.3867513593577314e-06,
    1.9493354557198472e-06,
    1.1361286169631057e-06,
    6.744137976966158e-07,
    4.0886911278903426e-07,
    2.5393819669261575e-07,
    1.6063873431448883e-07,
    1.039201507069265e-07,
    6.824167542163195e-08,
    4.555729660182806e-08,
    3.087136946078317e-08,
    2.136484589243537e-08,
    1.4886820665083178e-08,
    1.044996356114325e-08,
    7.444771910058989e-09
  ],
  "trace_gradient_covariance": [
    1320016.25,
    1039439.5625,
    880481.75,
    515734.78125,
    193459.984375,
    64841.4375,
    25364.96484375,
    11455.25390625,
    5495.7763671875,
    2702.6162109375,
    1355.2130126953125,
    694.2575073242188,
    363.54071044921875,
    194.1929168701172,
    105.44866180419922,
    57.985984802246094,
    32.18122482299805,
    17.976272583007812,
    10.08646297454834,
    5.676609039306641,
    3.2012341022491455,
    1.807708740234375,
    1.0217242240905762,
    0.5778141021728516,
    0.3269021809101105,
    0.18502669036388397,
    0.10476349294185638,
    0.059343744069337845,
    0.03365766257047653,
    0.019137635827064514,
    0.010929730720818043,
    0.006288052070885897,
    0.003663655836135149,
    0.0021744274999946356,
    0.0013182059628888965,
    0.0008187879575416446,
    0.0005188129143789411,
    0.00033569056540727615,
    0.00022029559477232397,
    0.000147429876960814,
    0.00010003335046349093,
    6.919517909409478e-05,
    4.826401709578931e-05,
    3.3950032957363874e-05,
    2.4180684704333544e-05
  ],
  "trace_hessian_covariance": [
    148157312.0,
    48221144.0,
    82147008.0,
    109947872.0,
    59006164.0,
    20738528.0,
    7680725.0,
    3350694.5,
    1588007.0,
    774729.75,
    384687.4375,
    194834.453125,
    100877.140625,
    53356.65234375,
    28746.013671875,
    15714.6298828125,
    8684.8466796875,
    4837.337890625,
    2708.995361328125,
    1522.69580078125,
    858.0167846679688,
    484.27825927734375,
    273.6379089355469,
    154.7259979248047,
    87.53111267089844,
    49.54179382324219,
    28.05118179321289,
    15.889984130859375,
    9.012459754943848,
    5.124616622924805,
    2.926868200302124,
    1.6839617490768433,
    0.9812114834785461,
    0.5823926329612732,
    0.35309240221977234,
    0.21933121979236603,
    0.13898320496082306,
    0.08993921428918839,
    0.059031520038843155,
    0.03952042758464813,
    0.026820344850420952,
    0.018560098484158516,
    0.012946592643857002,
    0.009111542254686356,
    0.006497949827462435
  ],
  "grad_norm_squared": [
    215692.234375,
    172228.078125,
    150628.09375,
    86921.40625,
    30050.431640625,
    8907.2744140625,
    3129.677001953125,
    1332.404541015625,
    619.5001220703125,
    297.27716064453125,
    145.49476623535156,
    72.7742691040039,
    37.28632736206055,
    19.555744171142578,
    10.46699333190918,
    5.6940507888793945,
    3.1356422901153564,
    1.7420320510864258,
    0.9737900495529175,
    0.5466501712799072,
    0.3077489137649536,
    0.1735856980085373,
    0.09803774952888489,
    0.05541625991463661,
    0.0313427671790123,
    0.017736639827489853,
    0.01004154421389103,
    0.005687700118869543,
    0.003225788241252303,
    0.001834150985814631,
    0.0010475075105205178,
    0.0006026381743140519,
    0.00035111684701405466,
    0.00020839548960793763,
    0.00012634096492547542,
    7.848781388020143e-05,
    4.9728143494576216e-05,
    3.217536868760362e-05,
    2.1120145902386867e-05,
    1.4137281141302083e-05,
    9.591805792297237e-06,
    6.634805686189793e-06,
    4.62706839243765e-06,
    3.2556131372984964e-06,
    2.3184038582257926e-06
  ]
}