{
  "step": [
    0,
    20,
    40,
    60,
    80,
    100,
    120,
    140,
    160,
    180,
    200,
    220,
    240,
    260,
    280,
    300,
    320,
    340,
    360,
    380,
    400,
    420,
    440,
    460,
    480,
    500,
    520,
    540,
    560,
    580,
    600,
    620,
    640,
    660,
    680,
    700,
    720,
    740,
    760,
    780,
    800,
    820,
    840,
    860,
    880,
    900,
    920,
    940,
    960,
    980,
    1000,
    1020,
    1040,
    1060,
    1080,
    1100,
    1120,
    1140
  ],
  "train_loss": [
    1059.801513671875,
    808.3089599609375,
    553.5044555664062,
    298.4061279296875,
    133.53045654296875,
    60.44802474975586,
    29.868942260742188,
    13.905887603759766,
    6.928059101104736,
    3.879570960998535,
    2.0222761631011963,
    1.1797254085540771,
    0.7113601565361023,
    0.4301057457923889,
    0.29630422592163086,
    0.20036202669143677,
    0.12344955652952194,
    0.08185342699289322,
    0.05201373249292374,
    0.03499627485871315,
    0.023318588733673096,
    0.01529662124812603,
    0.010197846218943596,
    0.0068269711919128895,
    0.004270111210644245,
    0.0027923504821956158,
    0.0018534789560362697,
    0.001195057644508779,
    0.0007983212126418948,
    0.0005103560397401452,
    0.000327136687701568,
    0.0002262327616335824,
    0.0001417769817635417,
    8.846635319059715e-05,
    5.669865640811622e-05,
    3.9079124690033495e-05,
    2.541718458815012e-05,
    1.5347894077422097e-05,
    1.0388633199909236e-05,
    6.760994892829331e-06,
    4.540337613434531e-06,
    2.7621601930150064e-06,
    1.7911627310240874e-06,
    1.227143684445764e-06,
    8.507750521857815e-07,
    5.430147780316474e-07,
    3.6213060639056494e-07,
    2.5963132088691054e-07,
    1.6491483734171197e-07,
    1.1049527159912031e-07,
    7.821942915597901e-08,
    5.4297281337767345e-08,
    3.5910289852836286e-08,
    2.7713252137573363e-08,
    2.0442692871824875e-08,
    1.493734202995256e-08,
    1.0764077629232816e-08,
    8.242146520842653e-09
  ],
  "test_loss": [
    1215.5333251953125,
    931.2176513671875,
    634.2122192382812,
    335.24871826171875,
    142.02700805664062,
    62.777313232421875,
    30.585750579833984,
    14.100166320800781,
    7.043127059936523,
    3.9173378944396973,
    2.0424787998199463,
    1.1676076650619507,
    0.7032272815704346,
    0.41671234369277954,
    0.28810402750968933,
    0.19486387073993683,
    0.11695431917905807,
    0.07792221754789352,
    0.050015322864055634,
    0.03373116999864578,
    0.022230416536331177,
    0.014494284056127071,
    0.009665003977715969,
    0.006439023185521364,
    0.00394331244751811,
    0.002635232638567686,
    0.001752254436723888,
    0.0011412370949983597,
    0.0007669698679819703,
    0.00047337153227999806,
    0.00030313970637507737,
    0.00020756690355483443,
    0.00013293926895130426,
    8.185600017895922e-05,
    5.229053203947842e-05,
    3.6180961615173146e-05,
    2.364773172303103e-05,
    1.4397277482203208e-05,
    9.537474397802725e-06,
    6.322298759187106e-06,
    4.174699370196322e-06,
    2.572101266196114e-06,
    1.6432354641437996e-06,
    1.1538120361365145e-06,
    7.944739763843245e-07,
    4.966105393577891e-07,
    3.311116927307012e-07,
    2.391646489741106e-07,
    1.5213909421163407e-07,
    1.0393066673941576e-07,
    7.262655543627261e-08,
    5.095635557950118e-08,
    3.391910396999265e-08,
    2.5730665598189262e-08,
    1.8959527281481314e-08,
    1.4049133412186166e-08,
    1.0048268883622313e-08,
    7.658031542234767e-09
  ],
  "trace_gradient_covariance": [
    771731.25,
    714683.4375,
    745415.1875,
    613405.0625,
    336411.65625,
    166201.125,
    84991.6484375,
    39649.296875,
    19393.775390625,
    10663.3046875,
    5552.89208984375,
    3202.0517578125,
    1925.2828369140625,
    1154.1920166015625,
    793.6734008789062,
    538.1192626953125,
    331.79638671875,
    220.17857360839844,
    139.74237060546875,
    94.32811737060547,
    62.8076286315918,
    41.31645202636719,
    27.557275772094727,
    18.440481185913086,
    11.555471420288086,
    7.551233768463135,
    5.014101982116699,
    3.2337806224823,
    2.1650772094726562,
    1.3901325464248657,
    0.8880141973495483,
    0.6139414310455322,
    0.3846715986728668,
    0.24074381589889526,
    0.1541501134634018,
    0.10615792125463486,
    0.06891336292028427,
    0.0416419543325901,
    0.028202321380376816,
    0.018440768122673035,
    0.012353400699794292,
    0.007534330245107412,
    0.004866050090640783,
    0.0033459318801760674,
    0.0023137039970606565,
    0.0014745984226465225,
    0.000987531035207212,
    0.0007084858953021467,
    0.000449110462795943,
    0.00030020365375094116,
    0.00021202150674071163,
    0.00014733505668118596,
    9.736731590237468e-05,
    7.512995944125578e-05,
    5.553245864575729e-05,
    4.059464845340699e-05,
    2.9335529688978568e-05,
    2.2482689018943347e-05
  ],
  "trace_hessian_covariance": [
    48161728.0,
    5875618.5,
    19091858.0,
    70042208.0,
    68145336.0,
    41274672.0,
    22694110.0,
    10935506.0,
    5325495.5,
    2887045.5,
    1493194.875,
    851437.25,
    508694.71875,
    303334.40625,
    207357.09375,
    140318.390625,
    86463.546875,
    57286.375,
    36284.12890625,
    24493.42578125,
    16305.345703125,
    10741.6640625,
    7156.1513671875,
    4786.236328125,
    3003.4404296875,
    1960.591064453125,
    1301.5015869140625,
    839.5057373046875,
    562.7996215820312,
    361.8985900878906,
    230.6679229736328,
    159.37318420410156,
    99.94930267333984,
    62.60148620605469,
    40.05671310424805,
    27.603981018066406,
    17.90148162841797,
    10.824834823608398,
    7.329930782318115,
    4.797500133514404,
    3.2144148349761963,
    1.959692120552063,
    1.2623144388198853,
    0.8688865900039673,
    0.600996732711792,
    0.38418903946876526,
    0.2574455440044403,
    0.18446168303489685,
    0.11686967313289642,
    0.07805339246988297,
    0.05516808480024338,
    0.038360606878995895,
    0.025336140766739845,
    0.01956830732524395,
    0.01446329802274704,
    0.010574650950729847,
    0.007652404252439737,
    0.0058710938319563866
  ],
  "grad_norm_squared": [
    128479.9921875,
    121174.25,
    131384.171875,
    106846.78125,
    53587.046875,
    23921.224609375,
    11429.337890625,
    4881.5361328125,
    2133.451416015625,
    1077.69873046875,
    529.48046875,
    280.21832275390625,
    164.7346954345703,
    97.9190444946289,
    64.76233673095703,
    43.172401428222656,
    26.481590270996094,
    17.349227905273438,
    11.001964569091797,
    7.416576385498047,
    4.923608779907227,
    3.250319242477417,
    2.154808521270752,
    1.4427317380905151,
    0.9065239429473877,
    0.5931136608123779,
    0.39460670948028564,
    0.25640755891799927,
    0.17210158705711365,
    0.10914309322834015,
    0.06950798630714417,
    0.04828500375151634,
    0.0301933865994215,
    0.01884358376264572,
    0.012072749435901642,
    0.008322393521666527,
    0.005427249241620302,
    0.0032746675424277782,
    0.0022163521498441696,
    0.0014485367573797703,
    0.0009697506320662796,
    0.0005904954159632325,
    0.00038389547262340784,
    0.00026554445503279567,
    0.0001817349693737924,
    0.00011712581908795983,
    7.809595263097435e-05,
    5.5616223107790574e-05,
    3.525950887706131e-05,
    2.3609536583535373e-05,
    1.673463157203514e-05,
    1.1632932910288218e-05,
    7.692600775044411e-06,
    5.94171842749347e-06,
    4.365087988844607e-06,
    3.1889367164694704e-06,
    2.301043423358351e-06,
    1.7651979078436852e-06
  ]
}