{
  "step": [
    0,
    20,
    40,
    60,
    80,
    100,
    120,
    140,
    160,
    180,
    200,
    220,
    240,
    260,
    280,
    300,
    320,
    340,
    360,
    380,
    400,
    420,
    440,
    460,
    480,
    500,
    520,
    540,
    560,
    580,
    600,
    620,
    640,
    660,
    680,
    700,
    720,
    740,
    760,
    780,
    800,
    820,
    840,
    860,
    880,
    900,
    920,
    940,
    960,
    980,
    1000,
    1020,
    1040,
    1060,
    1080,
    1100,
    1120,
    1140,
    1160,
    1180,
    1200,
    1220,
    1240,
    1260,
    1280,
    1300,
    1320,
    1340,
    1360,
    1380,
    1400,
    1420,
    1440,
    1460,
    1480,
    1500,
    1520,
    1540,
    1560,
    1580,
    1600,
    1620,
    1640,
    1660,
    1680,
    1700,
    1720,
    1740,
    1760,
    1780,
    1800,
    1820,
    1840,
    1860,
    1880,
    1900,
    1920,
    1940,
    1960,
    1980
  ],
  "train_loss": [
    1064.069580078125,
    989.5025634765625,
    904.3722534179688,
    805.0411987304688,
    675.9262084960938,
    551.9718017578125,
    449.5824279785156,
    374.8672790527344,
    306.8603820800781,
    231.13330078125,
    158.13107299804688,
    99.56167602539062,
    50.07774353027344,
    23.653139114379883,
    12.039883613586426,
    7.362095832824707,
    5.197194576263428,
    3.714085817337036,
    2.852914571762085,
    2.246652841567993,
    1.7964953184127808,
    1.4794191122055054,
    1.213300108909607,
    0.9772603511810303,
    0.8107384443283081,
    0.6318017244338989,
    0.5248021483421326,
    0.4138164818286896,
    0.3314823508262634,
    0.2613988220691681,
    0.2130764126777649,
    0.16983871161937714,
    0.13551601767539978,
    0.10371466726064682,
    0.07927729189395905,
    0.06516345590353012,
    0.050115153193473816,
    0.0403989814221859,
    0.03152971714735031,
    0.024758489802479744,
    0.019262466579675674,
    0.015820736065506935,
    0.01192289125174284,
    0.009499029256403446,
    0.007113905157893896,
    0.005439079832285643,
    0.004183409735560417,
    0.003294070716947317,
    0.002561344299465418,
    0.0020318219903856516,
    0.0015123224584385753,
    0.0011901957914233208,
    0.0009376653470098972,
    0.0007332415552809834,
    0.0005628183134831488,
    0.0004205272125545889,
    0.0003225731779821217,
    0.00024686282267794013,
    0.00019748917839024216,
    0.0001568855223013088,
    0.0001172295815194957,
    9.132488048635423e-05,
    7.10585227352567e-05,
    5.261074329609983e-05,
    4.1850445995805785e-05,
    3.2296291465172544e-05,
    2.4948840291472152e-05,
    1.8597807866171934e-05,
    1.4398507119040005e-05,
    1.1418866961321328e-05,
    8.824956239550374e-06,
    6.995575859036762e-06,
    5.439214419311611e-06,
    4.251550763001433e-06,
    3.196797479176894e-06,
    2.4439905246254057e-06,
    1.935582531586988e-06,
    1.5238761079672258e-06,
    1.1292853514532908e-06,
    8.852471182763111e-07,
    6.689745077892439e-07,
    5.168253096599074e-07,
    3.837383246718673e-07,
    2.9738345119767473e-07,
    2.374299299390259e-07,
    1.9073334556196642e-07,
    1.5425922583744978e-07,
    1.2054029241426178e-07,
    9.580341497894551e-08,
    7.437235893803518e-08,
    5.719742901533209e-08,
    4.6062648806355355e-08,
    3.81535443239045e-08,
    3.113313695735087e-08,
    2.4146837418470568e-08,
    1.9307387688627387e-08,
    1.6228039356747104e-08,
    1.3054851422111824e-08,
    1.099733992759866e-08,
    9.400810796478254e-09
  ],
  "test_loss": [
    1218.634033203125,
    1134.1090087890625,
    1035.014892578125,
    918.50390625,
    763.5215454101562,
    616.822021484375,
    496.73193359375,
    410.5635070800781,
    336.6203918457031,
    251.5067138671875,
    170.3863983154297,
    107.46636199951172,
    53.54363250732422,
    24.958213806152344,
    12.459716796875,
    7.528099060058594,
    5.28512716293335,
    3.7168521881103516,
    2.8649473190307617,
    2.236804246902466,
    1.7472420930862427,
    1.4305554628372192,
    1.1742569208145142,
    0.9398025274276733,
    0.7825034260749817,
    0.6095946431159973,
    0.5107730627059937,
    0.4044884145259857,
    0.32667312026023865,
    0.2517741322517395,
    0.20213964581489563,
    0.1616022139787674,
    0.12943409383296967,
    0.09913085401058197,
    0.07545526325702667,
    0.062132131308317184,
    0.048938553780317307,
    0.038828425109386444,
    0.030287286266684532,
    0.023438991978764534,
    0.01832730881869793,
    0.015263772569596767,
    0.011563888750970364,
    0.009061443619430065,
    0.006755921524018049,
    0.0051809088326990604,
    0.0039862897247076035,
    0.003123801900073886,
    0.0024564494378864765,
    0.0019441861659288406,
    0.0014514783397316933,
    0.001151948468759656,
    0.0009130437974818051,
    0.0007012957939878106,
    0.0005424692644737661,
    0.0003970136458519846,
    0.0003002513258252293,
    0.0002357339981244877,
    0.0001899293129099533,
    0.00015117498696781695,
    0.00011247929069213569,
    8.67068738443777e-05,
    6.789161852793768e-05,
    5.020018215873279e-05,
    4.013167563243769e-05,
    3.096147702308372e-05,
    2.37673975789221e-05,
    1.7930864487425424e-05,
    1.3608227163786069e-05,
    1.087712007574737e-05,
    8.51480490382528e-06,
    6.7217074501968455e-06,
    5.277021500660339e-06,
    4.156277555011911e-06,
    3.0827084174234187e-06,
    2.3109325866244035e-06,
    1.8123696463590022e-06,
    1.4527377061313018e-06,
    1.066506456481875e-06,
    8.445146590929653e-07,
    6.477085889855516e-07,
    4.94883920509892e-07,
    3.7177542822064424e-07,
    2.838131081261963e-07,
    2.2676015021261264e-07,
    1.8271261126301397e-07,
    1.486535268213629e-07,
    1.152675181970153e-07,
    9.291122893273496e-08,
    7.104843291472207e-08,
    5.488352883276093e-08,
    4.417502452724875e-08,
    3.6473725373298294e-08,
    2.9880016683137e-08,
    2.3294276729757257e-08,
    1.8427609660420785e-08,
    1.5533933250821974e-08,
    1.2633933010874898e-08,
    1.0570336606008368e-08,
    8.957913522067429e-09
  ],