{
  "step": [
    0,
    20,
    40,
    60,
    80,
    100,
    120,
    140,
    160,
    180,
    200,
    220,
    240,
    260,
    280,
    300,
    320,
    340,
    360,
    380,
    400,
    420,
    440,
    460,
    480,
    500,
    520,
    540,
    560,
    580,
    600,
    620,
    640,
    660,
    680,
    700,
    720,
    740,
    760,
    780,
    800,
    820,
    840,
    860,
    880,
    900,
    920,
    940,
    960,
    980,
    1000,
    1020,
    1040,
    1060,
    1080,
    1100,
    1120,
    1140
  ],
  "train_loss": [
    1060.0123291015625,
    818.1550903320312,
    557.4854736328125,
    316.3459777832031,
    145.080078125,
    60.954254150390625,
    27.825340270996094,
    13.053715705871582,
    6.242712497711182,
    3.6258444786071777,
    2.0698084831237793,
    1.2112854719161987,
    0.7483142614364624,
    0.4822489023208618,
    0.30555158853530884,
    0.19861957430839539,
    0.13036420941352844,
    0.08402872085571289,
    0.053244687616825104,
    0.03599007427692413,
    0.023699557408690453,
    0.016443755477666855,
    0.011078312061727047,
    0.007123740389943123,
    0.004484881646931171,
    0.0028494177386164665,
    0.0018931144149973989,
    0.0012309766607359052,
    0.0007387215737253428,
    0.000499750196468085,
    0.00033106908085756004,
    0.00020502557163126767,
    0.00013703489094041288,
    8.635618723928928e-05,
    5.620178490062244e-05,
    3.829531851806678e-05,
    2.4641329218866304e-05,
    1.5227034054987598e-05,
    1.053978758136509e-05,
    6.709934041282395e-06,
    4.472079126571771e-06,
    2.8747979285981273e-06,
    1.983418314921437e-06,
    1.3674750789505197e-06,
    8.676418588038359e-07,
    5.470455448630673e-07,
    3.7018617149442434e-07,
    2.5861118047032505e-07,
    1.729307825826254e-07,
    1.167053795825268e-07,
    7.747057395590673e-08,
    5.365238564536412e-08,
    3.788552049854843e-08,
    2.9027859227426234e-08,
    2.0806252720717566e-08,
    1.4664522041130112e-08,
    1.0283681461942251e-08,
    7.682729119551368e-09
  ],
  "test_loss": [
    1214.7255859375,
    939.9716796875,
    635.9563598632812,
    354.7044372558594,
    157.62428283691406,
    63.567291259765625,
    28.37952995300293,
    13.137109756469727,
    6.344894886016846,
    3.680014133453369,
    2.082766056060791,
    1.2312644720077515,
    0.7544416189193726,
    0.4833764135837555,
    0.2991459369659424,
    0.19092491269111633,
    0.12423568218946457,
    0.08036165684461594,
    0.05035145953297615,
    0.033692725002765656,
    0.02273416519165039,
    0.015330208465456963,
    0.010194622911512852,
    0.00676533579826355,
    0.0042595998384058475,
    0.002725899452343583,
    0.001777150435373187,
    0.001157174352556467,
    0.0007127395365387201,
    0.0004710316425189376,
    0.0003073805710300803,
    0.00018750241724774241,
    0.00012507026258390397,
    7.925486715976149e-05,
    5.1894916396122426e-05,
    3.646858749561943e-05,
    2.3144229999161325e-05,
    1.4574345186701976e-05,
    9.937748473021202e-06,
    6.190768544911407e-06,
    4.122253812965937e-06,
    2.7020651032216847e-06,
    1.8382438611297403e-06,
    1.2481821158871753e-06,
    8.067138423939468e-07,
    5.110575784783578e-07,
    3.4305395502087777e-07,
    2.3897356982161e-07,
    1.597494190264115e-07,
    1.0760216184735327e-07,
    7.229625964555453e-08,
    4.996561031589408e-08,
    3.5467056846982814e-08,
    2.6659364493752946e-08,
    1.9415832497315932e-08,
    1.3720984348708498e-08,
    9.602783457296482e-09,
    7.309370442243335e-09
  ],
  "trace_gradient_covariance": [
    773288.875,
    720585.0,
    754355.375,
    636092.1875,
    374357.0,
    167797.09375,
    79952.234375,
    37552.5703125,
    17838.916015625,
    10142.0966796875,
    5659.65869140625,
    3275.011962890625,
    2012.6873779296875,
    1296.4398193359375,
    822.36865234375,
    531.2489013671875,
    348.6545715332031,
    224.8791046142578,
    143.2394561767578,
    97.01087188720703,
    63.96879196166992,
    44.53541946411133,
    29.98988151550293,
    19.206945419311523,
    12.083827018737793,
    7.751656532287598,
    5.144165515899658,
    3.3413546085357666,
    2.0100932121276855,
    1.3541617393493652,
    0.8974006772041321,
    0.5567687749862671,
    0.37370187044143677,
    0.23472556471824646,
    0.1526661217212677,
    0.10385940223932266,
    0.06681188941001892,
    0.04155724495649338,
    0.028586143627762794,
    0.01819639280438423,
    0.012162169441580772,
    0.007866193540394306,
    0.005404727067798376,
    0.0037158257327973843,
    0.002362762112170458,
    0.0014826629776507616,
    0.0010062583023682237,
    0.0007010981207713485,
    0.0004698835255112499,
    0.0003158848558086902,
    0.00021049413771834224,
    0.0001455113961128518,
    0.00010302455484634265,
    7.893585279816762e-05,
    5.6624136050231755e-05,
    3.992662823293358e-05,
    2.8036447474732995e-05,
    2.089678673655726e-05
  ],
  "trace_hessian_covariance": [
    48487056.0,
    7489067.0,
    20975440.0,
    66398384.0,
    74774056.0,
    41767160.0,
    21476616.0,
    10369019.0,
    4948589.0,
    2776308.25,
    1522418.125,
    869594.3125,
    531038.5,
    340699.53125,
    215530.359375,
    138692.53125,
    90857.3515625,
    58398.921875,
    37268.24609375,
    25257.60546875,
    16603.837890625,
    11565.1103515625,
    7796.5693359375,
    4983.88232421875,
    3135.709228515625,
    2015.376220703125,
    1338.330322265625,
    868.6343383789062,
    522.41357421875,
    351.906005859375,
    233.19021606445312,
    144.64035034179688,
    97.19454193115234,
    61.03876495361328,
    39.71478271484375,
    26.981002807617188,
    17.349210739135742,
    10.810867309570312,
    7.432644367218018,
    4.732801914215088,
    3.1641428470611572,
    2.0459964275360107,
    1.4052965641021729,
    0.9670781493186951,
    0.6146813631057739,
    0.38535556197166443,
    0.2616564929485321,
    0.18224570155143738,
    0.12228471785783768,
    0.08210726827383041,
    0.05474013090133667,
    0.03785043954849243,
    0.026810579001903534,
    0.0205541979521513,
    0.01473579928278923,
    0.010398427955806255,
    0.007308087777346373,
    0.00544720096513629
  ],
  "grad_norm_squared": [
    128971.5625,
    121712.0,
    132073.484375,
    112059.375,
    61724.4609375,
    24193.408203125,
    10922.19921875,
    4680.3193359375,
    2064.299560546875,
    1073.61962890625,
    547.1078491210938,
    295.8243103027344,
    175.66653442382812,
    111.59378814697266,
    66.9937973022461,
    42.73064422607422,
    28.21004295349121,
    17.81926727294922,
    11.260127067565918,
    7.676698684692383,
    5.021064758300781,
    3.4615907669067383,
    2.3502352237701416,
    1.5119421482086182,
    0.9621520042419434,
    0.6121218204498291,
    0.403087854385376,
    0.26183968782424927,
    0.16028231382369995,
    0.10643334686756134,
    0.07038995623588562,
    0.04364793002605438,
    0.02935933880507946,
    0.018400171771645546,
    0.011977339163422585,
    0.008254221640527248,
    0.005284112878143787,
    0.003298791591078043,
    0.002250632969662547,
    0.0014345995150506496,
    0.0009535140125080943,
    0.0006240543443709612,
    0.0004233596846461296,
    0.00029337569139897823,
    0.00018500977603252977,
    0.00011708026431733742,
    7.883267244324088e-05,
    5.5295917263720185e-05,
    3.689559889608063e-05,
    2.5083983928197995e-05,
    1.6506672182003967e-05,
    1.14486065285746e-05,
    8.081917258095928e-06,
    6.198034498083871e-06,
    4.4355074351187795e-06,
    3.12678776026587e-06,
    2.1945756998320576e-06,
    1.6469853107992094e-06
  ]
}