{
  "step": [
    0,
    20,
    40,
    60,
    80,
    100,
    120,
    140,
    160,
    180,
    200,
    220,
    240,
    260,
    280,
    300,
    320,
    340,
    360,
    380,
    400,
    420,
    440,
    460,
    480,
    500,
    520,
    540,
    560,
    580,
    600,
    620,
    640,
    660,
    680,
    700,
    720,
    740,
    760,
    780,
    800,
    820,
    840,
    860
  ],
  "train_loss": [
    1115.4404296875,
    757.9345703125,
    422.0372009277344,
    185.27525329589844,
    60.917724609375,
    18.97526741027832,
    8.895057678222656,
    3.9692225456237793,
    1.8144468069076538,
    0.8569408059120178,
    0.4489494562149048,
    0.24009494483470917,
    0.129059836268425,
    0.07183510065078735,
    0.035663846880197525,
    0.019636547192931175,
    0.011169413104653358,
    0.006145433057099581,
    0.0033594623673707247,
    0.002034930046647787,
    0.001100849942304194,
    0.0006171661661937833,
    0.0003590592532418668,
    0.00020208816567901522,
    0.00010998284415109083,
    6.484511686721817e-05,
    3.687607022584416e-05,
    1.8330223610973917e-05,
    1.058391990227392e-05,
    6.209286311786855e-06,
    3.7127997529751156e-06,
    2.238461092929356e-06,
    1.328502662545361e-06,
    8.093758196991985e-07,
    4.4620807670980867e-07,
    2.5790933477765066e-07,
    1.491622469984577e-07,
    9.749362561706221e-08,
    6.544200914504472e-08,
    4.14233412016074e-08,
    2.7449049255778846e-08,
    1.996099108225735e-08,
    1.383145509237238e-08,
    9.485207286275e-09
  ],
  "test_loss": [
    1276.569091796875,
    878.2500610351562,
    495.78057861328125,
    216.03173828125,
    67.52034759521484,
    19.130151748657227,
    8.676687240600586,
    3.806104898452759,
    1.71401846408844,
    0.8000292181968689,
    0.4115896224975586,
    0.2199762910604477,
    0.11919540911912918,
    0.06532450020313263,
    0.032440852373838425,
    0.01754784770309925,
    0.00999689381569624,
    0.005544553976505995,
    0.0030456979293376207,
    0.0018373328493908048,
    0.0010010760743170977,
    0.0005628620274364948,
    0.00032944869599305093,
    0.0001838120660977438,
    9.843205771176144e-05,
    5.922202763031237e-05,
    3.4038934245472774e-05,
    1.6640749890939333e-05,
    9.789512660063338e-06,
    5.788432645204011e-06,
    3.397896307433257e-06,
    2.021153932219022e-06,
    1.1757433640013915e-06,
    7.265589943017403e-07,
    4.022292330319033e-07,
    2.3966939011188515e-07,
    1.3873231807792763e-07,
    8.944575569103108e-08,
    5.977909722787444e-08,
    3.759627631438889e-08,
    2.5202645304034377e-08,
    1.8239116883478346e-08,
    1.2747733535434236e-08,
    8.637102588693324e-09
  ],
  "trace_gradient_covariance": [
    1324537.375,
    1047532.0625,
    885535.0625,
    553881.75,
    217411.96875,
    65362.71484375,
    29067.376953125,
    12549.5537109375,
    5716.3544921875,
    2665.911865234375,
    1388.9046630859375,
    735.5280151367188,
    391.2358093261719,
    215.7493133544922,
    106.3894271850586,
    58.259925842285156,
    32.946502685546875,
    18.09788703918457,
    9.892005920410156,
    5.993884086608887,
    3.24660062789917,
    1.8182055950164795,
    1.0569003820419312,
    0.5980499386787415,
    0.3248790502548218,
    0.19077390432357788,
    0.10849187523126602,
    0.05390436574816704,
    0.031190942972898483,
    0.01827291212975979,
    0.010916084982454777,
    0.0066100722178816795,
    0.0039165206253528595,
    0.002381390193477273,
    0.0013111283769831061,
    0.0007595657370984554,
    0.00043941070907749236,
    0.00028643180849030614,
    0.0001924477837746963,
    0.00012204993254272267,
    8.088133472483605e-05,
    5.884550046175718e-05,
    4.073555828654207e-05,
    2.7933689125347883e-05
  ],
  "trace_hessian_covariance": [
    150067600.0,
    50208732.0,
    81000504.0,
    110490144.0,
    65173096.0,
    20912670.0,
    8920130.0,
    3670611.25,
    1656363.625,
    763886.375,
    394220.375,
    205813.96875,
    108119.046875,
    59102.70703125,
    28976.44921875,
    15804.296875,
    8904.517578125,
    4875.31640625,
    2654.462158203125,
    1605.8072509765625,
    869.72802734375,
    487.1229553222656,
    283.1761169433594,
    160.2128448486328,
    87.2142105102539,
    51.036048889160156,
    29.067230224609375,
    14.470155715942383,
    8.359707832336426,
    4.888704299926758,
    2.9210448265075684,
    1.7683310508728027,
    1.0492630004882812,
    0.6375389695167542,
    0.35098305344581604,
    0.20332349836826324,
    0.11765346676111221,
    0.07669124007225037,
    0.051540400832891464,
    0.032713618129491806,
    0.021674297749996185,
    0.015764566138386726,
    0.010918987914919853,
    0.007492988836020231
  ],
  "grad_norm_squared": [
    216238.96875,
    172581.21875,
    149785.3125,
    92377.203125,
    33355.69140625,
    8916.5712890625,
    3620.095947265625,
    1478.88623046875,
    648.6810913085938,
    291.3902893066406,
    148.3711395263672,
    76.94287872314453,
    39.98413848876953,
    21.619741439819336,
    10.492814064025879,
    5.75152587890625,
    3.248589277267456,
    1.7631525993347168,
    0.9571428894996643,
    0.5791890621185303,
    0.3114352226257324,
    0.1742255985736847,
    0.10123857855796814,
    0.05718051642179489,
    0.03135523945093155,
    0.0182819664478302,
    0.010376633144915104,
    0.005216224119067192,
    0.0029835598543286324,
    0.0017596246907487512,
    0.0010480463970452547,
    0.0006326567963697016,
    0.00037766166497021914,
    0.00022853806149214506,
    0.00012599688488990068,
    7.297517004190013e-05,
    4.234404696035199e-05,
    2.747302278294228e-05,
    1.8429313058732077e-05,
    1.1671241736621596e-05,
    7.728139280516189e-06,
    5.6229964684462175e-06,
    3.8952662180236075e-06,
    2.6716240881796693e-06
  ]
}