{
  "step": [
    0,
    20,
    40,
    60,
    80,
    100,
    120,
    140,
    160,
    180,
    200,
    220,
    240,
    260,
    280,
    300,
    320,
    340,
    360,
    380,
    400,
    420,
    440,
    460,
    480,
    500,
    520,
    540,
    560,
    580,
    600,
    620,
    640,
    660,
    680,
    700,
    720,
    740,
    760,
    780,
    800,
    820,
    840,
    860,
    880,
    900,
    920,
    940,
    960,
    980,
    1000,
    1020,
    1040,
    1060,
    1080,
    1100,
    1120,
    1140
  ],
  "train_loss": [
    1060.609619140625,
    841.6057739257812,
    605.73828125,
    337.0227966308594,
    139.7823028564453,
    61.044734954833984,
    29.571136474609375,
    14.932574272155762,
    7.2979655265808105,
    4.080013751983643,
    2.054659605026245,
    1.2451728582382202,
    0.7185692191123962,
    0.47318485379219055,
    0.30481112003326416,
    0.20238657295703888,
    0.13498961925506592,
    0.08442835509777069,
    0.052452120929956436,
    0.03514064848423004,
    0.02369660697877407,
    0.014847079291939735,
    0.010678116232156754,
    0.006587027572095394,
    0.004457475617527962,
    0.0027554926928132772,
    0.001766347442753613,
    0.0011506311129778624,
    0.0007605112623423338,
    0.0004983945982530713,
    0.00032016783370636404,
    0.0002104144950862974,
    0.00013788454816676676,
    9.262927051167935e-05,
    6.184213270898908e-05,
    3.717790241353214e-05,
    2.450770807627123e-05,
    1.590478132129647e-05,
    1.0709810339903925e-05,
    6.777281669201329e-06,
    4.382105998956831e-06,
    2.9247714792290935e-06,
    1.9020359331989312e-06,
    1.2457356888262439e-06,
    8.058099751906411e-07,
    5.32761305294116e-07,
    3.762165476928203e-07,
    2.4496674200236157e-07,
    1.6528991864106501e-07,
    1.1790866949468182e-07,
    7.654105615984008e-08,
    5.269180292089004e-08,
    3.784538549211902e-08,
    2.7172141869868938e-08,
    1.9736837941763952e-08,
    1.5018638777064552e-08,
    1.150244788306054e-08,
    8.811888996262951e-09
  ],
  "test_loss": [
    1216.5767822265625,
    969.8746948242188,
    699.4174194335938,
    385.0389709472656,
    152.56085205078125,
    63.35908889770508,
    30.34684181213379,
    15.184488296508789,
    7.4399895668029785,
    4.116140842437744,
    2.0548219680786133,
    1.245498538017273,
    0.7000709772109985,
    0.46375522017478943,
    0.2983355224132538,
    0.19528670608997345,
    0.12920087575912476,
    0.07894011586904526,
    0.049693766981363297,
    0.03313057869672775,
    0.022806813940405846,
    0.014016350731253624,
    0.010205501690506935,
    0.006248422432690859,
    0.004204870201647282,
    0.002582116285338998,
    0.001630448387004435,
    0.0010852566920220852,
    0.0007101717055775225,
    0.0004580658278428018,
    0.00029897000058554113,
    0.0001960187655640766,
    0.00012700987281277776,
    8.572836668463424e-05,
    5.762133150710724e-05,
    3.517220466164872e-05,
    2.2865810024086386e-05,
    1.4776202988286968e-05,
    9.903673344524577e-06,
    6.224674962140853e-06,
    4.066532255819766e-06,
    2.69570682576159e-06,
    1.7744741853675805e-06,
    1.1471053085188032e-06,
    7.506188239858602e-07,
    5.020979187975172e-07,
    3.471410252586793e-07,
    2.2561948753718752e-07,
    1.535407676556133e-07,
    1.1084628681601316e-07,
    7.112410571608052e-08,
    4.82606665741514e-08,
    3.4962361894486094e-08,
    2.5137898873595077e-08,
    1.8325046369227493e-08,
    1.3988241676088364e-08,
    1.0636028946464648e-08,
    8.227533321303326e-09
  ],
  "trace_gradient_covariance": [
    773688.375,
    710110.0,
    745388.0625,
    665665.8125,
    366295.3125,
    169586.828125,
    84995.8125,
    42964.43359375,
    20736.642578125,
    11376.1083984375,
    5627.91552734375,
    3390.037841796875,
    1947.3555908203125,
    1274.8592529296875,
    817.7742309570312,
    542.1717529296875,
    363.47332763671875,
    228.4353485107422,
    141.81394958496094,
    94.31024169921875,
    63.70881652832031,
    40.02682876586914,
    28.809934616088867,
    17.797391891479492,
    12.05960464477539,
    7.460583209991455,
    4.811787128448486,
    3.135010004043579,
    2.0631165504455566,
    1.3508137464523315,
    0.8670243620872498,
    0.5693905353546143,
    0.3744022250175476,
    0.25180062651634216,
    0.16751939058303833,
    0.10104066878557205,
    0.06653998047113419,
    0.04326646029949188,
    0.029177816584706306,
    0.01844704896211624,
    0.011896371841430664,
    0.00791736226528883,
    0.005151629913598299,
    0.003379880217835307,
    0.0021954926196485758,
    0.0014513275818899274,
    0.0010267534526064992,
    0.0006692122551612556,
    0.0004501825897023082,
    0.000322063104249537,
    0.0002077696699416265,
    0.00014301514602266252,
    0.00010272397776134312,
    7.36964720999822e-05,
    5.361363582778722e-05,
    4.088713467353955e-05,
    3.135765655315481e-05,
    2.3995635274332017e-05
  ],
  "trace_hessian_covariance": [
    48636884.0,
    8187947.5,
    11020881.0,
    60175748.0,
    75028680.0,
    42736504.0,
    23067724.0,
    11891916.0,
    5739599.5,
    3112176.25,
    1514902.125,
    904236.4375,
    516260.21875,
    335307.625,
    214078.96875,
    141641.25,
    94748.640625,
    59590.39453125,
    36875.3125,
    24516.947265625,
    16542.349609375,
    10399.978515625,
    7481.23583984375,
    4629.40234375,
    3135.724609375,
    1938.873046875,
    1252.4527587890625,
    815.481689453125,
    536.169189453125,
    351.6382141113281,
    225.33547973632812,
    147.83770751953125,
    97.29396057128906,
    65.3963394165039,
    43.49663543701172,
    26.276145935058594,
    17.30837059020996,
    11.265491485595703,
    7.583825588226318,
    4.795948028564453,
    3.0943620204925537,
    2.0586769580841064,
    1.340030550956726,
    0.8795889019966125,
    0.5714465379714966,
    0.37738698720932007,
    0.2671847641468048,
    0.17400595545768738,
    0.11690580099821091,
    0.08375705033540726,
    0.05406748503446579,
    0.03731880709528923,
    0.026759648695588112,
    0.019171670079231262,
    0.013953703455626965,
    0.010656416416168213,
    0.008183007128536701,
    0.0062602199614048
  ],
  "grad_norm_squared": [
    128907.734375,
    119277.125,
    129830.0546875,
    118655.8515625,
    60150.2578125,
    24313.93359375,
    11312.29296875,
    5395.1767578125,
    2401.61865234375,
    1198.1787109375,
    532.7117309570312,
    304.98699951171875,
    166.47193908691406,
    104.9990005493164,
    65.9736099243164,
    43.54447937011719,
    28.578866958618164,
    18.167770385742188,
    11.102230072021484,
    7.486883163452148,
    5.047668933868408,
    3.1367228031158447,
    2.2629480361938477,
    1.4063794612884521,
    0.9468709230422974,
    0.5843921303749084,
    0.37751156091690063,
    0.24641500413417816,
    0.16159439086914062,
    0.10699602961540222,
    0.06817920506000519,
    0.04504627734422684,
    0.029393723234534264,
    0.019731944426894188,
    0.013236481696367264,
    0.007948359474539757,
    0.005230668932199478,
    0.003400217043235898,
    0.002285547088831663,
    0.0014492261689156294,
    0.0009340878459624946,
    0.000628742971457541,
    0.0004069147689733654,
    0.00026672575040720403,
    0.00017209204088430852,
    0.00011410551087465137,
    8.053737110458314e-05,
    5.249317837296985e-05,
    3.5443270462565124e-05,
    2.5415996788069606e-05,
    1.633009742363356e-05,
    1.142533710662974e-05,
    8.10177152743563e-06,
    5.816970769956242e-06,
    4.211954092170345e-06,
    3.202239895472303e-06,
    2.4635564841446467e-06,
    1.8794801235344494e-06
  ]
}