{
  "step": [
    0,
    20,
    40,
    60,
    80,
    100,
    120,
    140,
    160,
    180,
    200,
    220,
    240,
    260,
    280,
    300,
    320,
    340,
    360,
    380,
    400,
    420,
    440,
    460,
    480,
    500,
    520,
    540,
    560,
    580,
    600,
    620,
    640,
    660,
    680,
    700,
    720,
    740,
    760,
    780,
    800,
    820,
    840,
    860
  ],
  "train_loss": [
    1117.588134765625,
    772.0907592773438,
    443.4228820800781,
    193.9750518798828,
    68.48062133789062,
    18.873384475708008,
    7.776204586029053,
    3.78253436088562,
    1.7928755283355713,
    0.8376572132110596,
    0.42774462699890137,
    0.2130967676639557,
    0.12026960402727127,
    0.06031297892332077,
    0.033376868814229965,
    0.018665969371795654,
    0.01094905100762844,
    0.006539352238178253,
    0.0033894560765475035,
    0.0018625676166266203,
    0.0010414066491648555,
    0.00055312440963462,
    0.0003160147462040186,
    0.0001818627497414127,
    0.00010699644917622209,
    5.949673504801467e-05,
    3.3778771467041224e-05,
    1.920058457471896e-05,
    1.0463435501151253e-05,
    6.582921741937753e-06,
    3.479075985524105e-06,
    1.9753231299546314e-06,
    1.1904646726179635e-06,
    6.560945848832489e-07,
    3.7321214563235117e-07,
    2.304954875853582e-07,
    1.4229925682229805e-07,
    8.690164321478733e-08,
    5.311139972263845e-08,
    3.665378756068094e-08,
    2.5075445719835443e-08,
    1.6525456558724727e-08,
    1.0821824325546459e-08,
    7.893957487681291e-09
  ],
  "test_loss": [
    1279.29345703125,
    889.8931884765625,
    516.522705078125,
    223.19114685058594,
    76.03307342529297,
    19.035629272460938,
    7.497371673583984,
    3.601151466369629,
    1.6840819120407104,
    0.7734457850456238,
    0.39474889636039734,
    0.1968844085931778,
    0.11022061109542847,
    0.05515691637992859,
    0.030260736122727394,
    0.017017601057887077,
    0.009867720305919647,
    0.005856218282133341,
    0.003015368478372693,
    0.001681398949585855,
    0.0009415155509486794,
    0.0005074144573882222,
    0.00029260519659146667,
    0.0001669951161602512,
    9.706697164801881e-05,
    5.33672864548862e-05,
    3.0710747523698956e-05,
    1.7247597497771494e-05,
    9.471994417253882e-06,
    5.973432962491643e-06,
    3.1749777917866595e-06,
    1.832442876548157e-06,
    1.1046065537811955e-06,
    5.949593173681933e-07,
    3.4178242458438035e-07,
    2.103883787185623e-07,
    1.3032251899858238e-07,
    7.965284964939201e-08,
    4.889372462457686e-08,
    3.3828893464260545e-08,
    2.2968578150539543e-08,
    1.545667061009226e-08,
    1.006468686171047e-08,
    7.231574450372591e-09
  ],
  "trace_gradient_covariance": [
    1326057.25,
    1053135.25,
    905658.5,
    576287.0,
    243217.28125,
    65107.30859375,
    24955.494140625,
    11980.1435546875,
    5652.8447265625,
    2621.68310546875,
    1323.4630126953125,
    652.2808837890625,
    366.0928955078125,
    182.36033630371094,
    99.76651000976562,
    55.67551803588867,
    32.64065933227539,
    19.512588500976562,
    10.06545639038086,
    5.500096797943115,
    3.064582586288452,
    1.6310665607452393,
    0.926939845085144,
    0.534682035446167,
    0.3146286606788635,
    0.17548221349716187,
    0.0996297225356102,
    0.056519605219364166,
    0.03079042211174965,
    0.019373837858438492,
    0.010245581157505512,
    0.005830548703670502,
    0.0035041277296841145,
    0.0019292877987027168,
    0.0011009436566382647,
    0.0006771800108253956,
    0.00041930098086595535,
    0.00025534851010888815,
    0.00015587308735121042,
    0.00010780004231492057,
    7.377284782705829e-05,
    4.8771606088848785e-05,
    3.1816307455301285e-05,
    2.316105928912293e-05
  ],
  "trace_hessian_covariance": [
    150561184.0,
    50580264.0,
    75117272.0,
    112107528.0,
    70664672.0,
    20885918.0,
    7507081.5,
    3524320.5,
    1643348.0,
    753158.5625,
    375629.1875,
    183575.59375,
    102121.203125,
    50482.12109375,
    27215.333984375,
    15080.0859375,
    8794.076171875,
    5249.083984375,
    2705.162109375,
    1473.9224853515625,
    820.7529296875,
    436.6025695800781,
    248.02996826171875,
    143.0081329345703,
    84.20589447021484,
    47.054847717285156,
    26.68846321105957,
    15.165777206420898,
    8.25081729888916,
    5.186706066131592,
    2.743489980697632,
    1.5608335733413696,
    0.9376510381698608,
    0.5163835883140564,
    0.29494157433509827,
    0.1813497692346573,
    0.11226067692041397,
    0.06844853609800339,
    0.0417293980717659,
    0.02886202000081539,
    0.019774142652750015,
    0.013082514517009258,
    0.008535023778676987,
    0.006214628461748362
  ],
  "grad_norm_squared": [
    216746.59375,
    173668.109375,
    154859.125,
    97678.140625,
    38102.61328125,
    8878.6865234375,
    3020.239013671875,
    1389.047119140625,
    643.0588989257812,
    289.64495849609375,
    142.3633270263672,
    69.56858825683594,
    37.87046813964844,
    18.61924934387207,
    9.939661026000977,
    5.471441745758057,
    3.195258855819702,
    1.9068442583084106,
    0.9770817160606384,
    0.5293684005737305,
    0.29541096091270447,
    0.15747448801994324,
    0.09191887080669403,
    0.051591262221336365,
    0.030253076925873756,
    0.01691468432545662,
    0.009563994593918324,
    0.005479372106492519,
    0.0029688291251659393,
    0.0018620503833517432,
    0.000981390941888094,
    0.0005596074624918401,
    0.0003374898515176028,
    0.0001853132707765326,
    0.00010550296428846195,
    6.509632657980546e-05,
    4.0154111047741026e-05,
    2.455064532114193e-05,
    1.5016345969343092e-05,
    1.0385412679170258e-05,
    7.076167094055563e-06,
    4.677106062445091e-06,
    3.060030394408386e-06,
    2.234966132164118e-06
  ]
}