{
  "step": [
    0,
    20,
    40,
    60,
    80,
    100,
    120,
    140,
    160,
    180,
    200,
    220,
    240,
    260,
    280,
    300,
    320,
    340,
    360,
    380,
    400,
    420,
    440,
    460,
    480,
    500,
    520,
    540,
    560,
    580,
    600,
    620,
    640,
    660,
    680,
    700,
    720,
    740,
    760,
    780,
    800,
    820,
    840,
    860,
    880,
    900,
    920,
    940,
    960,
    980,
    1000,
    1020,
    1040,
    1060,
    1080,
    1100,
    1120,
    1140,
    1160,
    1180,
    1200,
    1220,
    1240,
    1260,
    1280,
    1300,
    1320,
    1340,
    1360,
    1380,
    1400,
    1420,
    1440,
    1460,
    1480,
    1500,
    1520,
    1540,
    1560,
    1580,
    1600,
    1620,
    1640,
    1660,
    1680,
    1700,
    1720,
    1740,
    1760,
    1780,
    1800,
    1820,
    1840,
    1860,
    1880,
    1900,
    1920,
    1940,
    1960,
    1980
  ],
  "train_loss": [
    1065.03662109375,
    990.0454711914062,
    901.8590698242188,
    815.8281860351562,
    684.0611572265625,
    551.5712280273438,
    444.546630859375,
    368.5589904785156,
    304.44024658203125,
    240.78443908691406,
    162.22320556640625,
    94.36685943603516,
    51.29341125488281,
    22.622529983520508,
    11.809906005859375,
    7.401749610900879,
    4.968762397766113,
    3.637592077255249,
    2.725615978240967,
    2.240997552871704,
    1.7880778312683105,
    1.4787251949310303,
    1.1949670314788818,
    0.9567585587501526,
    0.7898470759391785,
    0.6275765299797058,
    0.5028562545776367,
    0.41269245743751526,
    0.3335050344467163,
    0.2590692341327667,
    0.20833832025527954,
    0.1637105494737625,
    0.1327511966228485,
    0.10239552706480026,
    0.0817289799451828,
    0.06440888345241547,
    0.052573736757040024,
    0.04056344926357269,
    0.030931899324059486,
    0.023981906473636627,
    0.018542340025305748,
    0.014772176742553711,
    0.011475040577352047,
    0.008956723846495152,
    0.006839469540864229,
    0.005342584569007158,
    0.004067490808665752,
    0.0032103159464895725,
    0.0025649003218859434,
    0.001970085082575679,
    0.001503670122474432,
    0.0011583557352423668,
    0.0009142244234681129,
    0.0006537673179991543,
    0.0005377359921112657,
    0.00041990942554548383,
    0.0003119267930742353,
    0.00023841495567467064,
    0.0001909134880406782,
    0.00014736904995515943,
    0.0001140134918387048,
    8.544209413230419e-05,
    6.738927913829684e-05,
    5.054655048297718e-05,
    4.014004662167281e-05,
    3.144309448543936e-05,
    2.435094938846305e-05,
    1.8776800061459653e-05,
    1.4561092939402442e-05,
    1.1259862731094472e-05,
    8.79708841239335e-06,
    6.645479061262449e-06,
    5.052777851233259e-06,
    4.01782608605572e-06,
    3.097308308497304e-06,
    2.395065394011908e-06,
    1.92967900147778e-06,
    1.4432822581511573e-06,
    1.122945946008258e-06,
    8.836285019242496e-07,
    6.610756031477649e-07,
    5.130277713760734e-07,
    3.909755434960971e-07,
    3.0880170243108296e-07,
    2.389280666648119e-07,
    1.8872059115437878e-07,
    1.4957680605220958e-07,
    1.14448482690932e-07,
    9.005500345438122e-08,
    7.138221747027274e-08,
    5.59168285008127e-08,
    4.3504130076144065e-08,
    3.551445715288537e-08,
    2.77828018369064e-08,
    2.2982142411365203e-08,
    1.9147073260228353e-08,
    1.640196956032014e-08,
    1.3097554152352586e-08,
    1.0987895038283568e-08,
    9.223961150439663e-09
  ],
  "test_loss": [
    1219.6954345703125,
    1133.7015380859375,
    1030.4486083984375,
    931.0933227539062,
    775.5068359375,
    617.4056396484375,
    491.6346435546875,
    403.3937683105469,
    333.10321044921875,
    261.42828369140625,
    174.6364288330078,
    101.6821060180664,
    54.844181060791016,
    23.73274803161621,
    12.261539459228516,
    7.570374011993408,
    5.028963565826416,
    3.613542079925537,
    2.708402633666992,
    2.2212111949920654,
    1.7597979307174683,
    1.4468953609466553,
    1.155521273612976,
    0.927026629447937,
    0.7637977004051208,
    0.6094377636909485,
    0.4928436279296875,
    0.39800143241882324,
    0.3177376389503479,
    0.24513430893421173,
    0.20093229413032532,
    0.1573154777288437,
    0.12829987704753876,
    0.097967728972435,
    0.07901892811059952,
    0.06130851060152054,
    0.05011514574289322,
    0.038701631128787994,
    0.02991832047700882,
    0.0232340507209301,
    0.017631005495786667,
    0.014090532436966896,
    0.010895523242652416,
    0.00849535595625639,
    0.006536791101098061,
    0.005098613910377026,
    0.0038388187531381845,
    0.003029037732630968,
    0.0024382243864238262,
    0.0018959958106279373,
    0.001451714662835002,
    0.0011128351325169206,
    0.0008830548031255603,
    0.0006206270772963762,
    0.0005094449734315276,
    0.0004031405260320753,
    0.00029897468630224466,
    0.0002271324337925762,
    0.00018489295325707644,
    0.00014147104229778051,
    0.00011024366540368646,
    8.175613038474694e-05,
    6.429154746001586e-05,
    4.8230816901195794e-05,
    3.83403203159105e-05,
    3.0220360713428818e-05,
    2.3242486349772662e-05,
    1.7728947568684816e-05,
    1.3809372831019573e-05,
    1.0877805834752508e-05,
    8.473800335195847e-06,
    6.419964392989641e-06,
    4.90663796881563e-06,
    3.891551841661567e-06,
    2.947468374259188e-06,
    2.2850974801258417e-06,
    1.8657660803000908e-06,
    1.3699972214453737e-06,
    1.0715083362811129e-06,
    8.479448183607019e-07,
    6.341721245917142e-07,
    5.017540161134093e-07,
    3.8287322468022467e-07,
    2.971421508846106e-07,
    2.2915288866443007e-07,
    1.783931935506189e-07,
    1.411622037039706e-07,
    1.0750240164725255e-07,
    8.504765247607793e-08,
    6.857449363906198e-08,
    5.321654583667623e-08,
    4.134739839400936e-08,
    3.4122237480005424e-08,
    2.6368732974901832e-08,
    2.214711791737045e-08,
    1.8375057919683968e-08,
    1.5851121304422122e-08,
    1.2684676420349206e-08,
    1.0554408014229466e-08,
    8.827893971385947e-09
  ],