{
  "step": [
    0,
    20,
    40,
    60,
    80,
    100,
    120,
    140,
    160,
    180,
    200,
    220,
    240,
    260,
    280,
    300,
    320,
    340,
    360,
    380,
    400,
    420,
    440,
    460,
    480,
    500,
    520,
    540,
    560,
    580,
    600,
    620,
    640,
    660,
    680,
    700,
    720,
    740,
    760,
    780,
    800,
    820,
    840,
    860,
    880,
    900,
    920,
    940,
    960,
    980,
    1000,
    1020,
    1040,
    1060,
    1080,
    1100,
    1120,
    1140
  ],
  "train_loss": [
    1060.7308349609375,
    826.6272583007812,
    553.5366821289062,
    336.90643310546875,
    143.7305908203125,
    60.603336334228516,
    27.549549102783203,
    13.38499641418457,
    6.752432823181152,
    3.704789400100708,
    2.0431149005889893,
    1.1786644458770752,
    0.7402931451797485,
    0.48311689496040344,
    0.2986994683742523,
    0.19887758791446686,
    0.13309593498706818,
    0.08571106940507889,
    0.05278516188263893,
    0.03625014051795006,
    0.02394108474254608,
    0.016311291605234146,
    0.01053557824343443,
    0.0066506690345704556,
    0.004487084224820137,
    0.0028041908517479897,
    0.001804178929887712,
    0.00122957827989012,
    0.0008141233120113611,
    0.0005045185680501163,
    0.0003298362425994128,
    0.0002106659667333588,
    0.00014296837616711855,
    8.971687202574685e-05,
    5.868655352969654e-05,
    3.850832945317961e-05,
    2.6874600735027343e-05,
    1.692546356935054e-05,
    1.0528957318456378e-05,
    6.75224282531417e-06,
    4.357897978479741e-06,
    2.951014266727725e-06,
    1.929420477608801e-06,
    1.2716726587314042e-06,
    8.075488722170121e-07,
    5.351783443074964e-07,
    3.504165704271145e-07,
    2.4443733082080144e-07,
    1.7276582298109133e-07,
    1.1565251867295956e-07,
    7.828975867596455e-08,
    5.562178984064303e-08,
    4.124435903918311e-08,
    2.5914532741921903e-08,
    2.0433697400790152e-08,
    1.521530812453875e-08,
    1.0667375427431125e-08,
    8.09969158410695e-09
  ],
  "test_loss": [
    1215.76171875,
    949.6747436523438,
    630.755615234375,
    380.5756530761719,
    156.1038818359375,
    63.07939529418945,
    28.334388732910156,
    13.586448669433594,
    6.788270473480225,
    3.749685764312744,
    2.0432021617889404,
    1.17417573928833,
    0.7224127650260925,
    0.4653400480747223,
    0.29179492592811584,
    0.19463180005550385,
    0.12912188470363617,
    0.0809578001499176,
    0.05066335201263428,
    0.03484109044075012,
    0.022965947166085243,
    0.015523248352110386,
    0.009904202073812485,
    0.0062744105234742165,
    0.0042244913056492805,
    0.002658354351297021,
    0.0017303450731560588,
    0.0011529491748660803,
    0.0007518805796280503,
    0.00046188654960133135,
    0.0003106396470684558,
    0.00019694559159688652,
    0.0001341939059784636,
    8.277440792880952e-05,
    5.536746539291926e-05,
    3.557070158421993e-05,
    2.4967668650788255e-05,
    1.5717010683147237e-05,
    9.92405603028601e-06,
    6.396187927748542e-06,
    4.006749350082828e-06,
    2.7255339318799088e-06,
    1.7649532537689083e-06,
    1.1632891983026639e-06,
    7.470284799637739e-07,
    4.947091838403139e-07,
    3.1987607940209273e-07,
    2.2422533163535263e-07,
    1.5948360498896363e-07,
    1.0829072749629631e-07,
    7.349819242108424e-08,
    5.186489104858083e-08,
    3.859084785062805e-08,
    2.3823350403517907e-08,
    1.8726158401705106e-08,
    1.4139832416049103e-08,
    9.919224552845662e-09,
    7.467921392390053e-09
  ],
  "trace_gradient_covariance": [
    772867.375,
    709899.8125,
    748037.125,
    657522.625,
    368879.375,
    168055.59375,
    78527.5859375,
    38208.2421875,
    19104.984375,
    10430.9541015625,
    5627.95849609375,
    3198.209228515625,
    2002.17333984375,
    1305.1103515625,
    805.6248168945312,
    532.7781372070312,
    357.1126708984375,
    229.78579711914062,
    142.26356506347656,
    97.56825256347656,
    64.57195281982422,
    43.93900680541992,
    28.446767807006836,
    17.97911262512207,
    12.152972221374512,
    7.6086907386779785,
    4.923095703125,
    3.3488399982452393,
    2.210660219192505,
    1.3677875995635986,
    0.8938899636268616,
    0.5713501572608948,
    0.3887564241886139,
    0.2438446432352066,
    0.15901389718055725,
    0.10436885803937912,
    0.07295802980661392,
    0.04583796113729477,
    0.028606059029698372,
    0.018381154164671898,
    0.011822760105133057,
    0.00799055490642786,
    0.005242187064141035,
    0.0034576398320496082,
    0.0022025720681995153,
    0.0014546803431585431,
    0.0009534994605928659,
    0.0006664613611064851,
    0.00046961335465312004,
    0.00031482259510084987,
    0.00021288671996444464,
    0.00015130342217162251,
    0.00011257565347477794,
    7.047734106890857e-05,
    5.5597171012777835e-05,
    4.135967174079269e-05,
    2.8943777579115704e-05,
    2.2085556338424794e-05
  ],
  "trace_hessian_covariance": [
    48472952.0,
    6302344.0,
    18843604.0,
    61573340.0,
    74138040.0,
    42029280.0,
    21170664.0,
    10529581.0,
    5274290.0,
    2865913.0,
    1520627.0,
    853017.9375,
    530874.75,
    344632.0625,
    211251.359375,
    138936.875,
    92944.734375,
    59874.109375,
    36978.69140625,
    25336.90625,
    16769.033203125,
    11407.21875,
    7397.46337890625,
    4666.60009765625,
    3155.3134765625,
    1976.2926025390625,
    1279.8170166015625,
    870.7461547851562,
    575.1077270507812,
    355.6653747558594,
    232.26251220703125,
    148.45460510253906,
    101.03482055664062,
    63.34147262573242,
    41.312469482421875,
    27.142322540283203,
    18.97650146484375,
    11.914300918579102,
    7.431126594543457,
    4.7771220207214355,
    3.0761845111846924,
    2.0746872425079346,
    1.3624202013015747,
    0.899489164352417,
    0.5728806853294373,
    0.37854182720184326,
    0.24837052822113037,
    0.17353187501430511,
    0.12214335799217224,
    0.08187703788280487,
    0.05534539371728897,
    0.03932623937726021,
    0.029260709881782532,
    0.018351826816797256,
    0.01448468305170536,
    0.01077023521065712,
    0.0075483135879039764,
    0.0057625784538686275
  ],
  "grad_norm_squared": [
    128807.109375,
    120315.9921875,
    131602.875,
    116217.0,
    59707.97265625,
    24138.62109375,
    10388.5966796875,
    4698.4560546875,
    2206.0791015625,
    1115.900390625,
    536.9364624023438,
    285.90057373046875,
    171.43084716796875,
    108.56436157226562,
    65.59239196777344,
    43.01202392578125,
    28.27623176574707,
    18.347904205322266,
    11.145732879638672,
    7.686657905578613,
    5.06101131439209,
    3.4445667266845703,
    2.234907627105713,
    1.40495765209198,
    0.9488099813461304,
    0.5961060523986816,
    0.391571581363678,
    0.2631275951862335,
    0.17378318309783936,
    0.10783107578754425,
    0.07033305615186691,
    0.044931888580322266,
    0.030492130666971207,
    0.019087335094809532,
    0.012559829279780388,
    0.008226818405091763,
    0.005726375617086887,
    0.0036264080554246902,
    0.0022579359356313944,
    0.0014545137528330088,
    0.0009340811520814896,
    0.000633948715403676,
    0.0004117745556868613,
    0.000271855213213712,
    0.0001724459434626624,
    0.00011415660992497578,
    7.564663974335417e-05,
    5.2558469178620726e-05,
    3.682809619931504e-05,
    2.469452010700479e-05,
    1.6746140317991376e-05,
    1.1871652532136068e-05,
    8.870744750311133e-06,
    5.535443506232696e-06,
    4.371985596662853e-06,
    3.244959543735604e-06,
    2.285536766066798e-06,
    1.7305313804172329e-06
  ]
}