{
  "step": [
    0,
    20,
    40,
    60,
    80,
    100,
    120,
    140,
    160,
    180,
    200,
    220,
    240,
    260,
    280,
    300,
    320,
    340,
    360,
    380,
    400,
    420,
    440,
    460,
    480,
    500,
    520,
    540,
    560,
    580,
    600,
    620,
    640,
    660,
    680,
    700,
    720,
    740,
    760,
    780,
    800,
    820,
    840,
    860,
    880,
    900,
    920,
    940,
    960,
    980,
    1000,
    1020,
    1040,
    1060,
    1080,
    1100,
    1120,
    1140
  ],
  "train_loss": [
    1059.248046875,
    805.7699584960938,
    573.2667846679688,
    320.904052734375,
    136.55169677734375,
    60.71900939941406,
    28.855789184570312,
    13.425042152404785,
    6.813610553741455,
    3.60385799407959,
    2.036900043487549,
    1.1996372938156128,
    0.7614051699638367,
    0.4932260513305664,
    0.30623090267181396,
    0.20288564264774323,
    0.1290562003850937,
    0.07962168753147125,
    0.056573837995529175,
    0.036807265132665634,
    0.02381998300552368,
    0.015566783957183361,
    0.009975375607609749,
    0.006657965015619993,
    0.004309162497520447,
    0.0027748700231313705,
    0.0018322250107303262,
    0.001136679551564157,
    0.0007320722215808928,
    0.0004801348550245166,
    0.0003216071636416018,
    0.0002050412876997143,
    0.0001372005935991183,
    9.434368257643655e-05,
    5.96608042542357e-05,
    3.765684232348576e-05,
    2.432333531032782e-05,
    1.631510713195894e-05,
    1.0609253877191804e-05,
    6.9070656536496244e-06,
    4.495351731748087e-06,
    2.875448672057246e-06,
    1.974251745195943e-06,
    1.2071647006450803e-06,
    7.878949759287934e-07,
    5.48123807675438e-07,
    3.5478495874485816e-07,
    2.4125648678818834e-07,
    1.6474307074076933e-07,
    1.0772413361337385e-07,
    7.824491632391073e-08,
    5.254274526578229e-08,
    3.687256722173515e-08,
    2.654458697293194e-08,
    1.948991190658944e-08,
    1.5116953022698e-08,
    1.1284197576344468e-08,
    9.179252913327218e-09
  ],
  "test_loss": [
    1214.89404296875,
    927.078125,
    656.9181518554688,
    363.2747802734375,
    146.47021484375,
    63.62451934814453,
    29.625385284423828,
    13.610997200012207,
    6.945676803588867,
    3.661656141281128,
    2.0426266193389893,
    1.1798981428146362,
    0.7531934976577759,
    0.48944544792175293,
    0.2982481122016907,
    0.19890360534191132,
    0.12711787223815918,
    0.07736743241548538,
    0.054863519966602325,
    0.03466958552598953,
    0.02246769890189171,
    0.014884231612086296,
    0.009340467862784863,
    0.00625037495046854,
    0.004069302696734667,
    0.002588949166238308,
    0.0016997031634673476,
    0.0010688460897654295,
    0.0006838203989900649,
    0.000447017460828647,
    0.0002989200293086469,
    0.00019429826352279633,
    0.00012944501941092312,
    8.73711469466798e-05,
    5.445424176286906e-05,
    3.533613926265389e-05,
    2.2483502107206732e-05,
    1.5052278286020737e-05,
    9.731669706525281e-06,
    6.4251858020725194e-06,
    4.21785125581664e-06,
    2.632196583363111e-06,
    1.8578065237306873e-06,
    1.1318149972794345e-06,
    7.365682677118457e-07,
    5.068661721452372e-07,
    3.2906331171034253e-07,
    2.2773161845179857e-07,
    1.506319335931039e-07,
    9.792604771519109e-08,
    7.296579696003391e-08,
    5.0265192896858935e-08,
    3.453477503967406e-08,
    2.4811269483393517e-08,
    1.8032377369081587e-08,
    1.3966714895730092e-08,
    1.053280307417026e-08,
    8.542180296444712e-09
  ],
  "trace_gradient_covariance": [
    771699.9375,
    715123.0,
    744987.0,
    638764.3125,
    348781.125,
    168462.53125,
    83071.1875,
    38647.58984375,
    19324.494140625,
    10026.6279296875,
    5596.7861328125,
    3267.68212890625,
    2062.750732421875,
    1329.46923828125,
    821.7182006835938,
    542.8406982421875,
    347.43426513671875,
    213.4810028076172,
    152.43406677246094,
    99.0992660522461,
    64.09406280517578,
    41.962581634521484,
    26.85700035095215,
    18.015743255615234,
    11.681181907653809,
    7.4995245933532715,
    4.953280925750732,
    3.0868165493011475,
    1.985852599143982,
    1.303118109703064,
    0.8715397715568542,
    0.5560387372970581,
    0.37223055958747864,
    0.25646382570266724,
    0.16233408451080322,
    0.10232213139533997,
    0.06608013063669205,
    0.04427045211195946,
    0.028747975826263428,
    0.01871919445693493,
    0.012252421118319035,
    0.007853233255445957,
    0.00536924134939909,
    0.0032813288271427155,
    0.002134079346433282,
    0.0014879205264151096,
    0.000966276740655303,
    0.000656479736790061,
    0.00044713463285006583,
    0.0002924528962466866,
    0.00021243849187158048,
    0.00014315945736598223,
    0.00010044683585874736,
    7.201675180112943e-05,
    5.291737033985555e-05,
    4.110926602152176e-05,
    3.072476829402149e-05,
    2.499381298548542e-05
  ],
  "trace_hessian_covariance": [
    47995104.0,
    5417368.5,
    13998552.0,
    62493124.0,
    70202992.0,
    42018792.0,
    22367810.0,
    10706185.0,
    5348989.0,
    2738376.25,
    1509861.5,
    873169.5625,
    546114.375,
    349631.125,
    215154.5,
    141505.28125,
    90483.265625,
    55475.8671875,
    39586.09375,
    25773.525390625,
    16644.203125,
    10887.5068359375,
    6974.57666015625,
    4674.96826171875,
    3033.830322265625,
    1948.176025390625,
    1286.2923583984375,
    801.067138671875,
    515.5260620117188,
    338.47119140625,
    226.51695251464844,
    144.43838500976562,
    96.72064971923828,
    66.76618194580078,
    42.283992767333984,
    26.583396911621094,
    17.166173934936523,
    11.496479988098145,
    7.47121000289917,
    4.861634254455566,
    3.1854097843170166,
    2.0451695919036865,
    1.3957921266555786,
    0.8536496162414551,
    0.5544233322143555,
    0.3867829144001007,
    0.2511082887649536,
    0.17060358822345734,
    0.1161683052778244,
    0.0760188177227974,
    0.055229540914297104,
    0.03721969574689865,
    0.026142079383134842,
    0.018739379942417145,
    0.013765791431069374,
    0.010708482004702091,
    0.00800690334290266,
    0.006516933441162109
  ],
  "grad_norm_squared": [
    128397.75,
    121623.125,
    131601.0,
    114297.75,
    56902.18359375,
    24292.6796875,
    11262.5322265625,
    4782.3291015625,
    2207.890625,
    1044.70556640625,
    536.8189086914062,
    295.7103271484375,
    177.69544982910156,
    110.72232818603516,
    66.60807800292969,
    43.61638259887695,
    27.70630645751953,
    17.005271911621094,
    11.992437362670898,
    7.800832271575928,
    5.038315773010254,
    3.3148326873779297,
    2.132038116455078,
    1.4078660011291504,
    0.9131742715835571,
    0.5884873270988464,
    0.3889416456222534,
    0.24206757545471191,
    0.1566614955663681,
    0.1019066870212555,
    0.06844203174114227,
    0.04380235821008682,
    0.029298419132828712,
    0.020213373005390167,
    0.012844967655837536,
    0.008040673099458218,
    0.0051948861218988895,
    0.0034960643388330936,
    0.0022703339345753193,
    0.0014737255405634642,
    0.0009613843867555261,
    0.0006213858723640442,
    0.00042634678538888693,
    0.0002575732651166618,
    0.0001686009345576167,
    0.00011685628851410002,
    7.573072798550129e-05,
    5.195933044888079e-05,
    3.538441160344519e-05,
    2.3067746951710433e-05,
    1.6669566321070306e-05,
    1.1378429917385802e-05,
    7.880629709688947e-06,
    5.67084953218e-06,
    4.156658178544603e-06,
    3.224749889341183e-06,
    2.4066084733931348e-06,
    1.959206201718189e-06
  ]
}