{
  "step": [
    0,
    20,
    40,
    60,
    80,
    100,
    120,
    140,
    160,
    180,
    200,
    220,
    240,
    260,
    280,
    300,
    320,
    340,
    360,
    380,
    400,
    420,
    440,
    460,
    480,
    500,
    520,
    540,
    560,
    580,
    600,
    620,
    640,
    660,
    680,
    700,
    720,
    740,
    760,
    780,
    800,
    820,
    840,
    860
  ],
  "train_loss": [
    1117.417724609375,
    752.518310546875,
    400.84814453125,
    187.4975128173828,
    58.227054595947266,
    18.39548110961914,
    7.943732738494873,
    3.7814924716949463,
    1.802663803100586,
    0.8370196223258972,
    0.42774471640586853,
    0.22181694209575653,
    0.1177620068192482,
    0.06371656060218811,
    0.03328697755932808,
    0.018792955204844475,
    0.011155305430293083,
    0.006098355166614056,
    0.003143424866721034,
    0.0018564540660008788,
    0.0010619360255077481,
    0.0006320352549664676,
    0.0003507886722218245,
    0.00019227764278184623,
    0.00011368279228918254,
    6.041916276444681e-05,
    3.33720090566203e-05,
    2.01367092813598e-05,
    1.1667151738947723e-05,
    6.234638021851424e-06,
    3.5221751204517204e-06,
    1.9736389731406234e-06,
    1.2002070661765174e-06,
    6.704657380396384e-07,
    3.952535791995615e-07,
    2.435894259633642e-07,
    1.6428307958449295e-07,
    9.888636043342558e-08,
    6.007156372334066e-08,
    3.8409755376278554e-08,
    2.5295591399299155e-08,
    1.791490333857837e-08,
    1.2378419178560307e-08,
    8.743250567988525e-09
  ],
  "test_loss": [
    1277.29150390625,
    870.2135620117188,
    463.72149658203125,
    216.81260681152344,
    63.595706939697266,
    18.559309005737305,
    7.714725017547607,
    3.5880939960479736,
    1.6850879192352295,
    0.7853695154190063,
    0.39521369338035583,
    0.20258218050003052,
    0.10604323446750641,
    0.05700754001736641,
    0.030221829190850258,
    0.017095407471060753,
    0.010109080001711845,
    0.0054148281924426556,
    0.0028453003615140915,
    0.0016905165975913405,
    0.000973047805018723,
    0.0005773779121227562,
    0.0003182028594892472,
    0.0001756907149683684,
    0.00010385245695943013,
    5.5590164265595376e-05,
    3.1167513952823356e-05,
    1.845752922235988e-05,
    1.0543720236455556e-05,
    5.582005087489961e-06,
    3.2365505830966868e-06,
    1.8026652242042474e-06,
    1.1030547284462955e-06,
    6.073284453123051e-07,
    3.666611974040279e-07,
    2.220000965280633e-07,
    1.5054990853968775e-07,
    9.077038498617185e-08,
    5.5810687626944855e-08,
    3.584385055432904e-08,
    2.3094120393807316e-08,
    1.6438448824374063e-08,
    1.128774762548801e-08,
    7.995014428274771e-09
  ],
  "trace_gradient_covariance": [
    1326513.5,
    1040207.0625,
    873933.6875,
    563591.3125,
    207441.265625,
    63464.21484375,
    25393.560546875,
    11882.986328125,
    5672.34912109375,
    2634.8916015625,
    1321.7470703125,
    679.369140625,
    357.1681213378906,
    191.6461639404297,
    99.9378662109375,
    55.808998107910156,
    33.071842193603516,
    18.01214599609375,
    9.311076164245605,
    5.476110935211182,
    3.132803440093994,
    1.8586729764938354,
    1.031785488128662,
    0.5657899975776672,
    0.33499860763549805,
    0.17832431197166443,
    0.09896591305732727,
    0.05955459177494049,
    0.03438868746161461,
    0.018341384828090668,
    0.010362154804170132,
    0.005807545036077499,
    0.0035399007610976696,
    0.0019763275049626827,
    0.0011618926655501127,
    0.0007154614431783557,
    0.00048314142622984946,
    0.0002902811102103442,
    0.00017678437870927155,
    0.00011322752106934786,
    7.435146108036861e-05,
    5.2628431149059907e-05,
    3.641359944595024e-05,
    2.5752426154213026e-05
  ],
  "trace_hessian_covariance": [
    150755408.0,
    47701052.0,
    85133512.0,
    111891352.0,
    62268936.0,
    20344058.0,
    7600490.0,
    3456013.5,
    1643277.375,
    759989.375,
    374327.375,
    190630.6875,
    99084.9453125,
    52687.8828125,
    27289.1953125,
    15117.220703125,
    8914.66796875,
    4856.765625,
    2501.342041015625,
    1468.9290771484375,
    839.6049194335938,
    497.83538818359375,
    276.6963195800781,
    151.4037628173828,
    89.65543365478516,
    47.74576187133789,
    26.51325035095215,
    15.955689430236816,
    9.217730522155762,
    4.914140224456787,
    2.7748606204986572,
    1.5551607608795166,
    0.9480352401733398,
    0.5290547013282776,
    0.31107187271118164,
    0.1916997730731964,
    0.12947607040405273,
    0.07777272164821625,
    0.047347016632556915,
    0.030342523008584976,
    0.01994170807301998,
    0.014101004227995872,
    0.009765200316905975,
    0.00691340584307909
  ],
  "grad_norm_squared": [
    217010.171875,
    172163.90625,
    149266.796875,
    95084.3046875,
    31999.19140625,
    8657.9384765625,
    3078.98291015625,
    1377.924072265625,
    646.8707275390625,
    292.4094543457031,
    141.6263885498047,
    71.52362060546875,
    36.694419860839844,
    19.303783416748047,
    9.929547309875488,
    5.501494884490967,
    3.2233922481536865,
    1.764676570892334,
    0.8963565826416016,
    0.5277107357978821,
    0.30064767599105835,
    0.17835523188114166,
    0.09912756085395813,
    0.05430007353425026,
    0.03207753971219063,
    0.01707760989665985,
    0.00957064051181078,
    0.005718124099075794,
    0.0033021499402821064,
    0.0017665866762399673,
    0.0009931685635820031,
    0.0005575705436058342,
    0.00033878357498906553,
    0.00018915272084996104,
    0.00011167846969328821,
    6.874297105241567e-05,
    4.628848910215311e-05,
    2.7949188734055497e-05,
    1.7002292224788107e-05,
    1.0894214028667193e-05,
    7.143698894651607e-06,
    5.0708831622614525e-06,
    3.493228405204718e-06,
    2.466970045134076e-06
  ]
}