{
  "step": [
    0,
    20,
    40,
    60,
    80,
    100,
    120,
    140,
    160,
    180,
    200,
    220,
    240,
    260,
    280,
    300,
    320,
    340,
    360,
    380,
    400,
    420,
    440,
    460,
    480,
    500,
    520,
    540,
    560,
    580,
    600,
    620,
    640,
    660,
    680,
    700,
    720,
    740,
    760,
    780,
    800,
    820,
    840,
    860,
    880,
    900,
    920,
    940,
    960,
    980,
    1000,
    1020,
    1040,
    1060,
    1080,
    1100,
    1120,
    1140
  ],
  "train_loss": [
    1059.810791015625,
    807.8357543945312,
    581.9249877929688,
    338.7572021484375,
    139.19432067871094,
    57.68206024169922,
    26.51585578918457,
    12.49459171295166,
    6.29358434677124,
    3.514826774597168,
    2.085657835006714,
    1.294837474822998,
    0.7781053781509399,
    0.5007887482643127,
    0.32602787017822266,
    0.20074008405208588,
    0.12889060378074646,
    0.08510234206914902,
    0.05612460896372795,
    0.03671626001596451,
    0.02461298368871212,
    0.016350707039237022,
    0.01022619940340519,
    0.00677260709926486,
    0.004117773845791817,
    0.002905579749494791,
    0.001918154419399798,
    0.001287463353946805,
    0.0008235998102463782,
    0.0005347683909349144,
    0.0003375321684870869,
    0.00021856075909454376,
    0.00014501593250315636,
    8.429847366642207e-05,
    5.6582855904707685e-05,
    3.9726251998217776e-05,
    2.708569991227705e-05,
    1.7433336324756965e-05,
    1.129909014707664e-05,
    7.0072424023237545e-06,
    4.622033429768635e-06,
    3.097931539741694e-06,
    2.065864691758179e-06,
    1.279030129808234e-06,
    8.249735401477665e-07,
    5.58040539999638e-07,
    3.829824208878563e-07,
    2.4482164917571936e-07,
    1.5925373020309053e-07,
    1.0911400494251211e-07,
    8.041361354571563e-08,
    5.8767010813198794e-08,
    3.9429895792864045e-08,
    2.886094385701199e-08,
    2.055164749492633e-08,
    1.5195146474411558e-08,
    1.1694557322527999e-08,
    8.659255534837484e-09
  ],
  "test_loss": [
    1215.9595947265625,
    929.68896484375,
    668.769775390625,
    382.7064514160156,
    149.5526885986328,
    60.11515426635742,
    27.23488998413086,
    12.7842378616333,
    6.406439304351807,
    3.5398917198181152,
    2.077117443084717,
    1.2809841632843018,
    0.7673681378364563,
    0.49121418595314026,
    0.3225196599960327,
    0.1953224092721939,
    0.12471164017915726,
    0.07926715165376663,
    0.052727680653333664,
    0.035081662237644196,
    0.02368043176829815,
    0.01586158201098442,
    0.00988661590963602,
    0.006443011574447155,
    0.0038778302259743214,
    0.0026904826518148184,
    0.0018165012588724494,
    0.0012308676959946752,
    0.000770467915572226,
    0.000491497979965061,
    0.00031336225220002234,
    0.00020348680845927447,
    0.00013676057278644294,
    7.817275036359206e-05,
    5.2813480579061434e-05,
    3.632072184700519e-05,
    2.505882002878934e-05,
    1.5925834304653108e-05,
    1.035504465107806e-05,
    6.585492883459665e-06,
    4.279961558495415e-06,
    2.8495949209172977e-06,
    1.926479626490618e-06,
    1.2035599183946033e-06,
    7.564935344817059e-07,
    5.208681272961257e-07,
    3.4912997648461896e-07,
    2.2336580229875835e-07,
    1.4980740559167316e-07,
    1.0306901998546891e-07,
    7.441192906298966e-08,
    5.445409101412224e-08,
    3.666812986580226e-08,
    2.6661137297878668e-08,
    1.89649007609205e-08,
    1.4140328907785715e-08,
    1.0857872823066828e-08,
    8.049243049867982e-09
  ],
  "trace_gradient_covariance": [
    772570.375,
    718170.6875,
    746913.8125,
    651368.875,
    355501.90625,
    159573.828125,
    75629.25,
    35465.09765625,
    17614.095703125,
    9683.7607421875,
    5728.0234375,
    3518.527587890625,
    2097.771484375,
    1345.0357666015625,
    874.7576904296875,
    538.2265014648438,
    344.8494567871094,
    228.71331787109375,
    150.6823272705078,
    98.76809692382812,
    66.55874633789062,
    44.428829193115234,
    27.835676193237305,
    18.36177635192871,
    11.115131378173828,
    7.850680828094482,
    5.1999359130859375,
    3.484729766845703,
    2.241387367248535,
    1.4525585174560547,
    0.9141563177108765,
    0.5912500023841858,
    0.3955421447753906,
    0.22881531715393066,
    0.15388432145118713,
    0.10789313167333603,
    0.07357318699359894,
    0.047311410307884216,
    0.03068486973643303,
    0.01907854899764061,
    0.012546640820801258,
    0.008398564532399178,
    0.005612354725599289,
    0.0034776050597429276,
    0.0022460795007646084,
    0.0015180956106632948,
    0.0010435421718284488,
    0.0006666248082183301,
    0.00043290280154906213,
    0.00029633159283548594,
    0.00021867915347684175,
    0.00016023789066821337,
    0.00010708924673963338,
    7.847283995943144e-05,
    5.5887441703816876e-05,
    4.1275070543633774e-05,
    3.181148713338189e-05,
    2.3571838028146885e-05
  ],
  "trace_hessian_covariance": [
    48334752.0,
    6575709.5,
    15377786.0,
    60848432.0,
    71636992.0,
    40003568.0,
    20399490.0,
    9747768.0,
    4831149.5,
    2627602.25,
    1544987.25,
    939907.875,
    555511.875,
    353940.65625,
    228898.1875,
    140455.109375,
    89840.9140625,
    59721.578125,
    39240.63671875,
    25656.513671875,
    17280.01171875,
    11556.6884765625,
    7240.28955078125,
    4768.8251953125,
    2884.404296875,
    2039.6705322265625,
    1350.7259521484375,
    905.0140991210938,
    583.2581787109375,
    378.0235290527344,
    237.4747314453125,
    153.6372833251953,
    102.79756927490234,
    59.44713592529297,
    39.98888397216797,
    28.093557357788086,
    19.141315460205078,
    12.3197603225708,
    7.980400562286377,
    4.959683895111084,
    3.2613039016723633,
    2.1845479011535645,
    1.4586328268051147,
    0.9037063121795654,
    0.5850167870521545,
    0.3945485055446625,
    0.27144330739974976,
    0.1736263483762741,
    0.11252135783433914,
    0.07705378532409668,
    0.05689118057489395,
    0.041733309626579285,
    0.02787051908671856,
    0.020441917702555656,
    0.014566374942660332,
    0.010749135166406631,
    0.008287456817924976,
    0.006141744088381529
  ],
  "grad_norm_squared": [
    128815.375,
    121184.890625,
    130251.484375,
    114669.765625,
    57475.1796875,
    22999.859375,
    9940.1591796875,
    4241.578125,
    1904.615478515625,
    975.445556640625,
    547.518310546875,
    315.41693115234375,
    180.87335205078125,
    111.00020599365234,
    70.60070037841797,
    42.982994079589844,
    27.54281997680664,
    18.370685577392578,
    11.95651626586914,
    7.734092712402344,
    5.22906494140625,
    3.547611713409424,
    2.2082877159118652,
    1.4400333166122437,
    0.8749604821205139,
    0.6173471212387085,
    0.40803098678588867,
    0.27657997608184814,
    0.17547766864299774,
    0.11429174244403839,
    0.07181846350431442,
    0.04666927456855774,
    0.03121686354279518,
    0.017938872799277306,
    0.012061107903718948,
    0.00851956382393837,
    0.005769061855971813,
    0.0037521643098443747,
    0.0024107969366014004,
    0.0015008988557383418,
    0.0009849686175584793,
    0.0006625159876421094,
    0.00044066962436772883,
    0.00027427231543697417,
    0.00017744823708198965,
    0.00011943525169044733,
    8.192203677026555e-05,
    5.247871740721166e-05,
    3.4076711017405614e-05,
    2.3488235456170514e-05,
    1.7123998986789957e-05,
    1.2558797607198358e-05,
    8.401401828450616e-06,
    6.15808221482439e-06,
    4.390316462377086e-06,
    3.239229499740759e-06,
    2.5072667995118536e-06,
    1.849364593908831e-06
  ]
}