{
  "step": [
    0,
    20,
    40,
    60,
    80,
    100,
    120,
    140,
    160,
    180,
    200,
    220,
    240,
    260,
    280,
    300,
    320,
    340,
    360,
    380,
    400,
    420,
    440,
    460,
    480,
    500,
    520,
    540,
    560,
    580,
    600,
    620,
    640,
    660,
    680,
    700,
    720,
    740,
    760,
    780,
    800,
    820,
    840,
    860,
    880,
    900,
    920,
    940,
    960,
    980,
    1000,
    1020,
    1040,
    1060,
    1080,
    1100,
    1120,
    1140
  ],
  "train_loss": [
    1054.5477294921875,
    814.7915649414062,
    571.2540893554688,
    319.21649169921875,
    134.07940673828125,
    59.54010009765625,
    26.586505889892578,
    13.347859382629395,
    6.466992378234863,
    3.711515426635742,
    2.0388436317443848,
    1.237585186958313,
    0.7490671873092651,
    0.47280290722846985,
    0.29838091135025024,
    0.2012660950422287,
    0.13086989521980286,
    0.08635416626930237,
    0.05411040037870407,
    0.03390315920114517,
    0.02369549125432968,
    0.01613016240298748,
    0.01017227303236723,
    0.006333997007459402,
    0.004266600124537945,
    0.002825920470058918,
    0.001889148261398077,
    0.0012936274288222194,
    0.0008101104758679867,
    0.0005173495737835765,
    0.00033082516165450215,
    0.00022187091235537082,
    0.00014234699483495206,
    9.013369708554819e-05,
    5.8861958677880466e-05,
    3.877136987284757e-05,
    2.4967468561953865e-05,
    1.5872572475927882e-05,
    1.1058002201025374e-05,
    7.160546374507248e-06,
    4.57098849437898e-06,
    2.9665222882613307e-06,
    1.9860358406731393e-06,
    1.280503624911944e-06,
    8.63235811721097e-07,
    5.477559170685709e-07,
    3.5305819778841396e-07,
    2.537543934977293e-07,
    1.70132921084587e-07,
    1.1560627655171629e-07,
    7.812746360968958e-08,
    5.455609652926796e-08,
    3.563587114285838e-08,
    2.7137994962345147e-08,
    2.054335368484317e-08,
    1.5330625657838937e-08,
    1.1984425007938171e-08,
    8.666906303744781e-09
  ],
  "test_loss": [
    1209.2200927734375,
    933.6746826171875,
    652.10791015625,
    360.74700927734375,
    144.12063598632812,
    62.28575897216797,
    27.16875457763672,
    13.476137161254883,
    6.571610450744629,
    3.7612063884735107,
    2.032179117202759,
    1.2125688791275024,
    0.7288557291030884,
    0.4591614902019501,
    0.2935101389884949,
    0.19970999658107758,
    0.12868550419807434,
    0.08326171338558197,
    0.051278721541166306,
    0.03242970257997513,
    0.022396543994545937,
    0.014839178882539272,
    0.009414137341082096,
    0.005815360229462385,
    0.004025347996503115,
    0.0026986170560121536,
    0.0018066040938720107,
    0.0012449735077098012,
    0.0007577894139103591,
    0.00048414437333121896,
    0.00030826785950921476,
    0.0002077886601909995,
    0.00013161535025574267,
    8.434249320998788e-05,
    5.5431137298000976e-05,
    3.604435551096685e-05,
    2.3394306481350213e-05,
    1.465554305468686e-05,
    1.0212029337708373e-05,
    6.623590707022231e-06,
    4.254233317624312e-06,
    2.756964931904804e-06,
    1.836122464737855e-06,
    1.1860428230647813e-06,
    7.929783691906778e-07,
    5.132839078214602e-07,
    3.3081934702750004e-07,
    2.3667533355364867e-07,
    1.5772393169299903e-07,
    1.0654171944679547e-07,
    7.210032038074132e-08,
    5.079851916889311e-08,
    3.276294080478692e-08,
    2.4811930288137773e-08,
    1.8963721259979138e-08,
    1.4266404946283728e-08,
    1.1185131931767955e-08,
    8.049916289110115e-09
  ],
  "trace_gradient_covariance": [
    769235.0625,
    717491.625,
    747235.375,
    647394.875,
    344271.25,
    164869.953125,
    76088.1640625,
    38634.375,
    18386.916015625,
    10351.7626953125,
    5605.68408203125,
    3367.291748046875,
    2017.133544921875,
    1270.713134765625,
    801.7238159179688,
    542.6204223632812,
    351.16278076171875,
    231.44273376464844,
    145.82235717773438,
    91.30062103271484,
    63.96928787231445,
    43.73088836669922,
    27.6904239654541,
    17.2958927154541,
    11.565954208374023,
    7.6268439292907715,
    5.138795375823975,
    3.532031536102295,
    2.1984903812408447,
    1.4027711153030396,
    0.8936290740966797,
    0.599770188331604,
    0.38809412717819214,
    0.24464482069015503,
    0.1600525677204132,
    0.10486563295125961,
    0.06766483932733536,
    0.043185699731111526,
    0.030093220993876457,
    0.01946607232093811,
    0.012428248301148415,
    0.00808744691312313,
    0.0054019722156226635,
    0.003488401183858514,
    0.002345454413443804,
    0.0014886728022247553,
    0.0009597844327799976,
    0.0006886885385029018,
    0.0004618321836460382,
    0.0003132522979285568,
    0.00021219746849965304,
    0.00014837138587608933,
    9.691130981082097e-05,
    7.390277460217476e-05,
    5.577653064392507e-05,
    4.1679799323901534e-05,
    3.256694253650494e-05,
    2.3552825950901024e-05
  ],
  "trace_hessian_covariance": [
    46838088.0,
    6396591.5,
    13941845.0,
    65149236.0,
    71834128.0,
    41272452.0,
    20507914.0,
    10696514.0,
    5088522.5,
    2826149.75,
    1511312.75,
    899522.0,
    533318.5625,
    333508.4375,
    209403.984375,
    141576.09375,
    91324.9296875,
    60151.98046875,
    37910.29296875,
    23711.83984375,
    16626.177734375,
    11417.1318359375,
    7216.15869140625,
    4512.79345703125,
    3004.717529296875,
    1979.0316162109375,
    1336.21630859375,
    918.9681396484375,
    571.16064453125,
    364.5120849609375,
    232.16944885253906,
    155.8295135498047,
    101.17765045166016,
    63.647056579589844,
    41.59010696411133,
    27.23567771911621,
    17.564786911010742,
    11.236176490783691,
    7.822910308837891,
    5.0576910972595215,
    3.2298777103424072,
    2.101323127746582,
    1.4035274982452393,
    0.9071595668792725,
    0.6102972626686096,
    0.3868294060230255,
    0.24938009679317474,
    0.1788787692785263,
    0.12017226219177246,
    0.08157964050769806,
    0.05521774664521217,
    0.03863312676548958,
    0.025209035724401474,
    0.019250905141234398,
    0.01451911125332117,
    0.010857108980417252,
    0.008484882302582264,
    0.0061412956565618515
  ],
  "grad_norm_squared": [
    128302.71875,
    122159.078125,
    132544.375,
    114764.5390625,
    54585.0703125,
    23903.01953125,
    10096.05078125,
    4870.4677734375,
    2120.472412109375,
    1095.3736572265625,
    543.0139770507812,
    304.80450439453125,
    170.84585571289062,
    103.52914428710938,
    64.82223510742188,
    43.95600128173828,
    28.09011459350586,
    18.29013442993164,
    11.392839431762695,
    7.155759811401367,
    5.002917289733887,
    3.531637191772461,
    2.191210985183716,
    1.38450026512146,
    0.9036974906921387,
    0.6060274839401245,
    0.4050315022468567,
    0.2809446454048157,
    0.1718909740447998,
    0.11012155562639236,
    0.07095476984977722,
    0.047452930361032486,
    0.030677389353513718,
    0.0192112997174263,
    0.012566322460770607,
    0.008315850980579853,
    0.005363184027373791,
    0.0034014966804534197,
    0.0023665158078074455,
    0.001524367486126721,
    0.0009743469418026507,
    0.0006339557003229856,
    0.00042488230974413455,
    0.0002732186112552881,
    0.00018441055726725608,
    0.00011703738709911704,
    7.543577521573752e-05,
    5.42032576049678e-05,
    3.633545566117391e-05,
    2.4864923034328967e-05,
    1.6680671251378953e-05,
    1.1655936759780161e-05,
    7.6009064287063666e-06,
    5.808820333186304e-06,
    4.383256055007223e-06,
    3.2668974654370686e-06,
    2.556894742156146e-06,
    1.8534229866418173e-06
  ]
}