{
  "step": [
    0,
    20,
    40,
    60,
    80,
    100,
    120,
    140,
    160,
    180,
    200,
    220,
    240,
    260,
    280,
    300,
    320,
    340,
    360,
    380,
    400,
    420,
    440,
    460,
    480,
    500,
    520,
    540,
    560,
    580,
    600,
    620,
    640,
    660,
    680,
    700,
    720,
    740,
    760,
    780,
    800,
    820,
    840,
    860
  ],
  "train_loss": [
    1110.034423828125,
    748.2334594726562,
    385.2122497558594,
    146.18959045410156,
    60.30071258544922,
    18.43805503845215,
    7.6456122398376465,
    3.630427598953247,
    1.6365110874176025,
    0.7877379655838013,
    0.4363265037536621,
    0.2251734733581543,
    0.12482353299856186,
    0.06587200611829758,
    0.03358777239918709,
    0.019112540408968925,
    0.01072007603943348,
    0.005779836792498827,
    0.003250597743317485,
    0.0018035094253718853,
    0.0010382912587374449,
    0.0005624546902254224,
    0.000303707696730271,
    0.00017257661966141313,
    0.00010007392120314762,
    5.958292240393348e-05,
    3.3002663258230314e-05,
    1.7924838175531477e-05,
    1.0214892427029554e-05,
    6.144030521681998e-06,
    3.453735871516983e-06,
    1.9864212390530156e-06,
    1.1829883987957146e-06,
    6.78884248372924e-07,
    3.915523052455683e-07,
    2.312991256303576e-07,
    1.3377379559642577e-07,
    8.451723232383301e-08,
    5.649876300140022e-08,
    3.663874181825122e-08,
    2.506405571978121e-08,
    1.7325312740013032e-08,
    1.1566084978653635e-08,
    8.585395505633642e-09
  ],
  "test_loss": [
    1268.650146484375,
    863.9349365234375,
    445.4719543457031,
    163.78445434570312,
    66.38066101074219,
    18.56249237060547,
    7.352137088775635,
    3.4254255294799805,
    1.5393651723861694,
    0.7268539071083069,
    0.40575942397117615,
    0.2078167200088501,
    0.11497011035680771,
    0.06026721000671387,
    0.030441604554653168,
    0.017102075740695,
    0.009531024843454361,
    0.005191338714212179,
    0.002897382015362382,
    0.0016015446744859219,
    0.0009466840419918299,
    0.000506642390973866,
    0.00027991083334200084,
    0.00016072715516202152,
    9.091220999835059e-05,
    5.3663115977542475e-05,
    2.9601107598864473e-05,
    1.616759254829958e-05,
    9.300472811446525e-06,
    5.495724508364219e-06,
    3.1626304917153902e-06,
    1.8223662436867016e-06,
    1.0926214599749073e-06,
    6.214071959220746e-07,
    3.5567066447583784e-07,
    2.125137399389132e-07,
    1.2284044714760967e-07,
    7.782910671494392e-08,
    5.14159026465677e-08,
    3.337972742656348e-08,
    2.292080836241439e-08,
    1.5723170321280122e-08,
    1.0596617805447295e-08,
    7.800478485364692e-09
  ],
  "trace_gradient_covariance": [
    1311676.75,
    1043907.0,
    854571.6875,
    458905.65625,
    212624.921875,
    62725.01953125,
    24869.337890625,
    11532.3125,
    5125.43896484375,
    2442.341552734375,
    1349.020263671875,
    691.4114990234375,
    377.56964111328125,
    197.337646484375,
    100.83805084228516,
    56.94888687133789,
    31.906307220458984,
    17.216106414794922,
    9.615983009338379,
    5.327038764953613,
    3.0663716793060303,
    1.655653476715088,
    0.8954514861106873,
    0.5090886354446411,
    0.2950912415981293,
    0.17571845650672913,
    0.09754578024148941,
    0.05307638272643089,
    0.030057314783334732,
    0.01807856559753418,
    0.010166828520596027,
    0.00583995133638382,
    0.003474318189546466,
    0.0020005092956125736,
    0.0011523457942530513,
    0.0006822181167080998,
    0.0003943733754567802,
    0.0002491346385795623,
    0.00016570696607232094,
    0.00010803206532727927,
    7.393702981062233e-05,
    5.10386707901489e-05,
    3.410437057027593e-05,
    2.532001781219151e-05
  ],
  "trace_hessian_covariance": [
    144914224.0,
    49600372.0,
    87998472.0,
    103723912.0,
    62927512.0,
    19832524.0,
    7536233.5,
    3382673.25,
    1479536.625,
    696611.75,
    382123.71875,
    194269.015625,
    104475.015625,
    54168.65234375,
    27587.919921875,
    15420.7802734375,
    8612.0,
    4628.30615234375,
    2577.268310546875,
    1427.0252685546875,
    821.2304077148438,
    443.6551513671875,
    239.7313690185547,
    136.2855224609375,
    78.95050048828125,
    47.046871185302734,
    26.16510009765625,
    14.222845077514648,
    8.037611961364746,
    4.8378520011901855,
    2.7203009128570557,
    1.5621731281280518,
    0.9292795658111572,
    0.5354135036468506,
    0.308402419090271,
    0.18263313174247742,
    0.10564229637384415,
    0.06666354835033417,
    0.04438526928424835,
    0.028935585170984268,
    0.0198108721524477,
    0.013674408197402954,
    0.009137739427387714,
    0.006790271028876305
  ],
  "grad_norm_squared": [
    214270.9375,
    173211.703125,
    147013.09375,
    77096.0546875,
    33162.37890625,
    8568.7412109375,
    3121.81591796875,
    1374.026123046875,
    581.3299560546875,
    268.7257995605469,
    145.29981994628906,
    73.02849578857422,
    38.8487663269043,
    20.171655654907227,
    10.141594886779785,
    5.5914998054504395,
    3.1444032192230225,
    1.6748157739639282,
    0.9304054379463196,
    0.5149555802345276,
    0.2952873408794403,
    0.1595904678106308,
    0.08602435141801834,
    0.0490182526409626,
    0.028347197920084,
    0.016861271113157272,
    0.009421121329069138,
    0.005095701664686203,
    0.002890388946980238,
    0.0017419784562662244,
    0.0009755784412845969,
    0.0005616556154564023,
    0.00033498459379188716,
    0.00019175968191120774,
    0.00011066364822909236,
    6.537442823173478e-05,
    3.779674807447009e-05,
    2.392019632679876e-05,
    1.6042075003497303e-05,
    1.0354229743825272e-05,
    7.0821220106154215e-06,
    4.89798367198091e-06,
    3.276726602052804e-06,
    2.4268888410006184e-06
  ]
}