{
  "step": [
    0,
    20,
    40,
    60,
    80,
    100,
    120,
    140,
    160,
    180,
    200,
    220,
    240,
    260,
    280,
    300,
    320,
    340,
    360,
    380,
    400,
    420,
    440,
    460,
    480,
    500,
    520,
    540,
    560,
    580,
    600,
    620,
    640,
    660,
    680,
    700,
    720,
    740,
    760,
    780,
    800,
    820,
    840,
    860,
    880,
    900,
    920,
    940,
    960,
    980,
    1000,
    1020,
    1040,
    1060,
    1080,
    1100,
    1120,
    1140,
    1160,
    1180,
    1200,
    1220,
    1240,
    1260,
    1280,
    1300,
    1320,
    1340,
    1360,
    1380,
    1400,
    1420,
    1440,
    1460,
    1480,
    1500,
    1520,
    1540,
    1560,
    1580,
    1600,
    1620,
    1640,
    1660,
    1680,
    1700,
    1720,
    1740,
    1760,
    1780,
    1800,
    1820,
    1840,
    1860,
    1880,
    1900,
    1920,
    1940,
    1960,
    1980
  ],
  "train_loss": [
    1064.055419921875,
    987.27587890625,
    911.4303588867188,
    810.9466552734375,
    689.0776977539062,
    548.601806640625,
    446.4945983886719,
    376.7033386230469,
    303.7386779785156,
    233.5022735595703,
    164.2707977294922,
    95.668701171875,
    51.35763168334961,
    25.336454391479492,
    12.961014747619629,
    7.448853015899658,
    4.99813175201416,
    3.51895809173584,
    2.754201889038086,
    2.1947574615478516,
    1.7763558626174927,
    1.4063111543655396,
    1.1831620931625366,
    0.9565743803977966,
    0.7545478343963623,
    0.6161436438560486,
    0.48382171988487244,
    0.3945849537849426,
    0.30894148349761963,
    0.2518627941608429,
    0.20444858074188232,
    0.1665601283311844,
    0.12958185374736786,
    0.10111930966377258,
    0.07854022830724716,
    0.06253676861524582,
    0.05098172649741173,
    0.039927586913108826,
    0.03066716156899929,
    0.02315645106136799,
    0.018431270495057106,
    0.014369474723935127,
    0.011750372126698494,
    0.00896321889013052,
    0.006701317615807056,
    0.005177947226911783,
    0.0041297064162790775,
    0.0031142584048211575,
    0.0024116267450153828,
    0.0018840183038264513,
    0.0014339552726596594,
    0.0011593076633289456,
    0.0009096974972635508,
    0.0006842240691184998,
    0.0005355964531190693,
    0.00040337303653359413,
    0.0003145141527056694,
    0.0002383995451964438,
    0.00018544300110079348,
    0.00014349377306643873,
    0.00011001135862898082,
    8.477060328004882e-05,
    6.499986193375662e-05,
    5.141599103808403e-05,
    3.8876904000062495e-05,
    3.064554766751826e-05,
    2.2877404262544587e-05,
    1.7845201000454836e-05,
    1.4211341294867452e-05,
    1.0990653208864387e-05,
    8.444895684078801e-06,
    6.629754352616146e-06,
    4.933465788781177e-06,
    3.80578399017395e-06,
    2.9228822313598357e-06,
    2.3255768155650003e-06,
    1.793761839508079e-06,
    1.3949024832982104e-06,
    1.0847454632312292e-06,
    8.294321105495328e-07,
    6.449625402638048e-07,
    5.151134132574953e-07,
    3.892932056714926e-07,
    2.937607064268377e-07,
    2.2074519279158267e-07,
    1.802728917255081e-07,
    1.462927770035094e-07,
    1.1405122535279588e-07,
    8.666200557172488e-08,
    6.814875064264925e-08,
    5.4695117768233104e-08,
    4.249904250741565e-08,
    3.452882779697575e-08,
    2.761930772976484e-08,
    2.1993647791873627e-08,
    1.8324890049825626e-08,
    1.5315503532065122e-08,
    1.2694322037987149e-08,
    1.0955117701882955e-08,
    8.943239926395563e-09
  ],
  "test_loss": [
    1218.8302001953125,
    1129.969970703125,
    1042.5078125,
    925.3253173828125,
    779.7822875976562,
    612.8136596679688,
    492.6632080078125,
    413.07513427734375,
    329.7294006347656,
    252.19541931152344,
    177.90394592285156,
    102.83159637451172,
    54.475948333740234,
    26.574527740478516,
    13.343186378479004,
    7.627170085906982,
    5.041590213775635,
    3.4989840984344482,
    2.7164344787597656,
    2.175468921661377,
    1.7484076023101807,
    1.3803329467773438,
    1.168634295463562,
    0.9411736130714417,
    0.727262020111084,
    0.5918081402778625,
    0.4668581783771515,
    0.3724308907985687,
    0.2998908758163452,
    0.2415660172700882,
    0.19698989391326904,
    0.1566043198108673,
    0.12225162982940674,
    0.09587103873491287,
    0.0757586732506752,
    0.060501761734485626,
    0.049689993262290955,
    0.03920862451195717,
    0.029482560232281685,
    0.022312920540571213,
    0.017630012705922127,
    0.013875169679522514,
    0.011258240789175034,
    0.00855876412242651,
    0.006475175265222788,
    0.004941712133586407,
    0.003976178355515003,
    0.0030115540139377117,
    0.0023231846280395985,
    0.0017952873604372144,
    0.0013610231690108776,
    0.0011157173430547118,
    0.000878965191077441,
    0.0006549580139108002,
    0.0005138696287758648,
    0.0003810999041888863,
    0.0002937790413852781,
    0.00022551443544216454,
    0.00017757798195816576,
    0.00013882042549084872,
    0.0001054969834513031,
    8.094288932625204e-05,
    6.176357419462875e-05,
    4.930352952214889e-05,
    3.769977411138825e-05,
    2.944920379377436e-05,
    2.1589890820905566e-05,
    1.688439806457609e-05,
    1.3428870261122938e-05,
    1.063880972651532e-05,
    8.18899479781976e-06,
    6.482632215920603e-06,
    4.785933924722485e-06,
    3.6599842587747844e-06,
    2.789762447719113e-06,
    2.2195326891960576e-06,
    1.71288309047668e-06,
    1.3274599268697784e-06,
    1.0398753147455864e-06,
    8.012481771402236e-07,
    6.157919187899097e-07,
    4.872402996625169e-07,
    3.689577852128423e-07,
    2.820518147927942e-07,
    2.0930620792114496e-07,
    1.747751525726926e-07,
    1.4029126305104e-07,
    1.0904111746867784e-07,
    8.396494877160876e-08,
    6.471180569178614e-08,
    5.2526523575124884e-08,
    4.0587586624951655e-08,
    3.3108403130199804e-08,
    2.631015050269525e-08,
    2.1138310657420334e-08,
    1.7676496710805623e-08,
    1.471624244686609e-08,
    1.2052958631159072e-08,
    1.0489700663640633e-08,
    8.639856829972814e-09
  ],