{
  "step": [
    0,
    20,
    40,
    60,
    80,
    100,
    120,
    140,
    160,
    180,
    200,
    220,
    240,
    260,
    280,
    300,
    320,
    340,
    360,
    380,
    400,
    420,
    440,
    460,
    480,
    500,
    520,
    540,
    560,
    580,
    600,
    620,
    640,
    660,
    680,
    700,
    720,
    740,
    760,
    780,
    800,
    820,
    840,
    860,
    880,
    900,
    920,
    940,
    960,
    980,
    1000,
    1020,
    1040,
    1060,
    1080,
    1100,
    1120,
    1140,
    1160,
    1180,
    1200,
    1220,
    1240,
    1260,
    1280,
    1300,
    1320,
    1340,
    1360,
    1380,
    1400,
    1420,
    1440,
    1460,
    1480,
    1500,
    1520,
    1540,
    1560,
    1580,
    1600,
    1620,
    1640,
    1660,
    1680,
    1700,
    1720,
    1740,
    1760,
    1780,
    1800,
    1820,
    1840,
    1860,
    1880,
    1900,
    1920,
    1940,
    1960,
    1980
  ],
  "train_loss": [
    1064.73193359375,
    983.4671020507812,
    899.29296875,
    795.359375,
    665.9977416992188,
    550.8754272460938,
    446.9865417480469,
    378.1392822265625,
    307.2116394042969,
    233.3231658935547,
    161.8125762939453,
    103.86869812011719,
    54.299346923828125,
    24.773555755615234,
    13.615968704223633,
    7.6228461265563965,
    5.034309387207031,
    3.598738193511963,
    2.783561944961548,
    2.2508041858673096,
    1.7985773086547852,
    1.4771517515182495,
    1.199855089187622,
    0.9883286952972412,
    0.7825680375099182,
    0.6364823579788208,
    0.5195093154907227,
    0.4175330400466919,
    0.34059277176856995,
    0.26804861426353455,
    0.21125277876853943,
    0.17180830240249634,
    0.135209858417511,
    0.10423200577497482,
    0.08107873052358627,
    0.0659787654876709,
    0.0518576018512249,
    0.03916242718696594,
    0.031129077076911926,
    0.024308938533067703,
    0.019280383363366127,
    0.014453362673521042,
    0.011079895310103893,
    0.008898226544260979,
    0.007131329271942377,
    0.005455143749713898,
    0.0042229145765304565,
    0.003405537223443389,
    0.0025355597026646137,
    0.001950680511072278,
    0.001527966815046966,
    0.0011866571148857474,
    0.0008785499376244843,
    0.0007084052776917815,
    0.0005510844057425857,
    0.00042257714085280895,
    0.0003163169021718204,
    0.00024649687111377716,
    0.00019272563804406673,
    0.00014809757703915238,
    0.00011622121382970363,
    9.140907059190795e-05,
    7.20028838259168e-05,
    5.604000034509227e-05,
    4.184146746410988e-05,
    3.206288238288835e-05,
    2.5128829292953014e-05,
    1.9220029571442865e-05,
    1.4422043932427187e-05,
    1.11402478069067e-05,
    8.834874279273208e-06,
    6.827166544098873e-06,
    5.307270384946605e-06,
    4.041470219817711e-06,
    3.038448767256341e-06,
    2.4214953100454295e-06,
    1.8700126247495064e-06,
    1.4411330084840301e-06,
    1.1057286428695079e-06,
    8.419967798545258e-07,
    6.738294473507267e-07,
    5.433612386696041e-07,
    4.223795428970334e-07,
    3.3357665074618126e-07,
    2.588131451375375e-07,
    1.895382695238368e-07,
    1.4687401517221588e-07,
    1.0774320458040165e-07,
    8.909011484092844e-08,
    7.21215229759764e-08,
    5.6708149287487686e-08,
    4.370827255684162e-08,
    3.547524940472613e-08,
    2.868841875169892e-08,
    2.3787313452316994e-08,
    1.9287936581235954e-08,
    1.6179985351527648e-08,
    1.3025871936633848e-08,
    1.0644551018401671e-08,
    9.090034502889921e-09
  ],
  "test_loss": [
    1219.6195068359375,
    1126.716796875,
    1028.089599609375,
    906.3086547851562,
    750.46728515625,
    615.4361572265625,
    490.9564514160156,
    411.4893493652344,
    334.6983642578125,
    254.3634796142578,
    174.48910522460938,
    111.89497375488281,
    57.85554122924805,
    25.93514633178711,
    14.161117553710938,
    7.811534404754639,
    5.07251501083374,
    3.592270851135254,
    2.776125192642212,
    2.2352287769317627,
    1.770712971687317,
    1.4451326131820679,
    1.169797420501709,
    0.9610592126846313,
    0.7486609220504761,
    0.6159892678260803,
    0.5035941004753113,
    0.4072851240634918,
    0.3336820900440216,
    0.2568416893482208,
    0.20251841843128204,
    0.16338281333446503,
    0.13036459684371948,
    0.09943285584449768,
    0.07759450376033783,
    0.06307046860456467,
    0.049639951437711716,
    0.03774203732609749,
    0.02963266894221306,
    0.023441754281520844,
    0.01834331452846527,
    0.013910401612520218,
    0.010567951947450638,
    0.008620880544185638,
    0.006856820546090603,
    0.005155537277460098,
    0.003994555678218603,
    0.0032352139241993427,
    0.0024088136851787567,
    0.0018828220199793577,
    0.0014569911872968078,
    0.001142276800237596,
    0.0008507698657922447,
    0.0006750819738954306,
    0.0005232759867794812,
    0.00040739215910434723,
    0.000303643784718588,
    0.00023380921629723161,
    0.00018562516197562218,
    0.00014199342695064843,
    0.00011212124809389934,
    8.822603558655828e-05,
    6.91251625539735e-05,
    5.331955981091596e-05,
    4.035112215206027e-05,
    3.068186197197065e-05,
    2.4028999177971855e-05,
    1.8304639525013044e-05,
    1.3802775356452912e-05,
    1.0715529242588673e-05,
    8.431334208580665e-06,
    6.450532055168878e-06,
    5.0233484216732904e-06,
    3.848280812235316e-06,
    2.916473022196442e-06,
    2.319370423720102e-06,
    1.7998627299675718e-06,
    1.37224731133756e-06,
    1.052350739882968e-06,
    8.097938462015009e-07,
    6.465955380008381e-07,
    5.258537498775695e-07,
    4.020456572106923e-07,
    3.221514361939626e-07,
    2.4914444907153666e-07,
    1.8003373725150595e-07,
    1.41715801760256e-07,
    1.0549614870569712e-07,
    8.60909565858492e-08,
    6.839763244670394e-08,
    5.3537068112063935e-08,
    4.1673395401176094e-08,
    3.416274552137111e-08,
    2.7301224392317636e-08,
    2.264219567393866e-08,
    1.838168550705177e-08,
    1.5314421730749928e-08,
    1.2263754456398601e-08,
    1.023057727422838e-08,
    8.724257760661658e-09
  ],