{
  "step": [
    0,
    20,
    40,
    60,
    80,
    100,
    120,
    140,
    160,
    180,
    200,
    220,
    240,
    260,
    280,
    300,
    320,
    340,
    360,
    380,
    400,
    420,
    440,
    460,
    480,
    500,
    520,
    540,
    560,
    580,
    600,
    620,
    640,
    660,
    680,
    700,
    720,
    740,
    760,
    780,
    800,
    820,
    840,
    860,
    880,
    900,
    920,
    940,
    960,
    980,
    1000,
    1020,
    1040,
    1060,
    1080,
    1100,
    1120,
    1140,
    1160,
    1180,
    1200,
    1220,
    1240,
    1260,
    1280,
    1300,
    1320,
    1340,
    1360,
    1380,
    1400,
    1420,
    1440,
    1460,
    1480,
    1500,
    1520,
    1540,
    1560,
    1580,
    1600,
    1620,
    1640,
    1660,
    1680,
    1700,
    1720,
    1740,
    1760,
    1780,
    1800,
    1820,
    1840,
    1860,
    1880,
    1900,
    1920,
    1940,
    1960,
    1980
  ],
  "train_loss": [
    1064.0191650390625,
    987.8067626953125,
    910.8296508789062,
    811.2796020507812,
    678.6893310546875,
    552.759765625,
    448.296875,
    373.4626770019531,
    313.109619140625,
    237.37294006347656,
    164.84352111816406,
    93.7352066040039,
    50.46455001831055,
    23.927064895629883,
    12.441408157348633,
    7.413089752197266,
    4.942041397094727,
    3.46018123626709,
    2.8307416439056396,
    2.257235288619995,
    1.8254064321517944,
    1.4975510835647583,
    1.200263500213623,
    0.9805394411087036,
    0.7910129427909851,
    0.6382573246955872,
    0.5177663564682007,
    0.40576356649398804,
    0.32358333468437195,
    0.26016512513160706,
    0.21064889430999756,
    0.16587179899215698,
    0.13310979306697845,
    0.1081908643245697,
    0.083745077252388,
    0.06499555706977844,
    0.05071265995502472,
    0.040448639541864395,
    0.031640201807022095,
    0.02478831447660923,
    0.019309092313051224,
    0.01470268052071333,
    0.011772681958973408,
    0.0088954484090209,
    0.006889591924846172,
    0.005504098255187273,
    0.00418804120272398,
    0.003299485659226775,
    0.0025539251510053873,
    0.0019135696347802877,
    0.0015357795637100935,
    0.0011524923611432314,
    0.0008787133265286684,
    0.0006835139356553555,
    0.0005286483210511506,
    0.00042314527672715485,
    0.00032816617749631405,
    0.00026665296172723174,
    0.0002049406903097406,
    0.00015053879178594798,
    0.00011728383105946705,
    9.082558972295374e-05,
    6.737311923643574e-05,
    5.448870433610864e-05,
    4.062928928760812e-05,
    3.2346626539947465e-05,
    2.4711942387511954e-05,
    1.944472205650527e-05,
    1.5061683370731771e-05,
    1.1316594282106962e-05,
    8.857948159857187e-06,
    6.898723313497612e-06,
    5.227522706263699e-06,
    4.207359324936988e-06,
    3.236609245504951e-06,
    2.428401330689667e-06,
    1.962277565326076e-06,
    1.5183329651335953e-06,
    1.2041857644362608e-06,
    9.362485116071184e-07,
    6.732076940352272e-07,
    5.209707296671695e-07,
    4.2442141534593247e-07,
    3.227182219234237e-07,
    2.4930028530434356e-07,
    1.9102506598756008e-07,
    1.5259200836226228e-07,
    1.2330643528457585e-07,
    9.387373722802295e-08,
    7.449219907584848e-08,
    5.65039108835208e-08,
    4.335205261440933e-08,
    3.538668025271363e-08,
    2.8614204339305616e-08,
    2.3594493470113775e-08,
    1.9399832851263454e-08,
    1.5890469384771677e-08,
    1.298410357009061e-08,
    1.0875118583442145e-08,
    9.554293356472954e-09
  ],
  "test_loss": [
    1218.7501220703125,
    1131.4207763671875,
    1041.610595703125,
    926.342041015625,
    767.0589599609375,
    619.5682373046875,
    492.3453674316406,
    405.658447265625,
    342.41839599609375,
    258.16552734375,
    179.21800231933594,
    100.48316192626953,
    53.45494079589844,
    25.24177360534668,
    12.874994277954102,
    7.578867435455322,
    5.0118184089660645,
    3.450869083404541,
    2.8196260929107666,
    2.202183485031128,
    1.7799609899520874,
    1.4695929288864136,
    1.159995675086975,
    0.9481143951416016,
    0.7657055258750916,
    0.6128799319267273,
    0.49516183137893677,
    0.39208999276161194,
    0.31093478202819824,
    0.24940285086631775,
    0.2012241929769516,
    0.16079166531562805,
    0.1285783052444458,
    0.1029043197631836,
    0.07896481454372406,
    0.062449563294649124,
    0.04819503426551819,
    0.03841504082083702,
    0.02998792938888073,
    0.023744909092783928,
    0.01864105835556984,
    0.013953306712210178,
    0.011380650103092194,
    0.00857447274029255,
    0.006617399398237467,
    0.0052620102651417255,
    0.00402500806376338,
    0.0032042551320046186,
    0.0024170055985450745,
    0.0018033713568001986,
    0.0014747176319360733,
    0.001128372736275196,
    0.0008444127161055803,
    0.0006563724600709975,
    0.0005046717124059796,
    0.000403615296818316,
    0.00031619842047803104,
    0.00025655317585915327,
    0.00019711085769813508,
    0.00014535555965267122,
    0.0001109969598473981,
    8.595341932959855e-05,
    6.422884325729683e-05,
    5.241095641395077e-05,
    3.879654468619265e-05,
    3.070333696086891e-05,
    2.3378182959277183e-05,
    1.8446116882842034e-05,
    1.4387152987183072e-05,
    1.0831988220161293e-05,
    8.547649485990405e-06,
    6.6444886215322185e-06,
    5.029713520343648e-06,
    4.033885943499627e-06,
    3.1186334581434494e-06,
    2.318482074770145e-06,
    1.8791513411997585e-06,
    1.449977389711421e-06,
    1.1709657883329783e-06,
    9.025809504237259e-07,
    6.378827492881101e-07,
    5.036065999775019e-07,
    4.158732451742253e-07,
    3.120361498076818e-07,
    2.3952478045430325e-07,
    1.7945839658750629e-07,
    1.4471775955371413e-07,
    1.1684159773039937e-07,
    8.947974095008249e-08,
    7.061926510232297e-08,
    5.4291618312163337e-08,
    4.1769055769691477e-08,
    3.3842308511111696e-08,
    2.7094076315847815e-08,
    2.263496234888862e-08,
    1.875727662081772e-08,
    1.5158546418092556e-08,
    1.2540230187596535e-08,
    1.048274889114964e-08,
    9.181487570231184e-09
  ],