{
  "step": [
    0,
    20,
    40,
    60,
    80,
    100,
    120,
    140,
    160,
    180,
    200,
    220,
    240,
    260,
    280,
    300,
    320,
    340,
    360,
    380,
    400,
    420,
    440,
    460,
    480,
    500,
    520,
    540,
    560,
    580,
    600,
    620,
    640,
    660,
    680,
    700,
    720,
    740,
    760,
    780,
    800,
    820,
    840,
    860
  ],
  "train_loss": [
    1116.1707763671875,
    741.677734375,
    409.25927734375,
    171.7730712890625,
    56.978511810302734,
    18.947139739990234,
    7.371523857116699,
    3.5634326934814453,
    1.5630977153778076,
    0.8281768560409546,
    0.4336063265800476,
    0.21397839486598969,
    0.10817697644233704,
    0.057789213955402374,
    0.03334328532218933,
    0.019010281190276146,
    0.010641665197908878,
    0.005968695040792227,
    0.0031370886135846376,
    0.001845689956098795,
    0.0010631581535562873,
    0.000664158258587122,
    0.0003903886245097965,
    0.00021019439736846834,
    0.00011316203745082021,
    6.137634045444429e-05,
    3.567854218999855e-05,
    2.008411320275627e-05,
    1.0103041859110817e-05,
    6.059328825358534e-06,
    3.549770099198213e-06,
    1.9138249172101496e-06,
    1.1478276746856864e-06,
    6.367959599629103e-07,
    3.775292896079918e-07,
    2.386680080235237e-07,
    1.4652725610631023e-07,
    8.623045744116098e-08,
    5.9385236284015264e-08,
    3.812284532500598e-08,
    2.621768402377711e-08,
    1.7341868385756243e-08,
    1.275335037576042e-08,
    9.379748533433485e-09
  ],
  "test_loss": [
    1275.7342529296875,
    858.4783325195312,
    473.9595642089844,
    196.59457397460938,
    62.4202995300293,
    19.18273162841797,
    7.086268901824951,
    3.3105075359344482,
    1.4584031105041504,
    0.7715821862220764,
    0.40085652470588684,
    0.19966243207454681,
    0.10076189786195755,
    0.05364105477929115,
    0.030389487743377686,
    0.017119010910391808,
    0.009598782286047935,
    0.005428445991128683,
    0.0028190764132887125,
    0.0016498418990522623,
    0.0009716421482153237,
    0.0005942691932432353,
    0.0003459595609456301,
    0.00019234028877690434,
    0.00010383112385170534,
    5.6874701840570197e-05,
    3.252944952691905e-05,
    1.8359083696850576e-05,
    9.503622095508035e-06,
    5.5949712987057865e-06,
    3.2358482258132426e-06,
    1.7219938399648527e-06,
    1.0305200248694746e-06,
    5.735280410590349e-07,
    3.421687324589584e-07,
    2.2281025735537696e-07,
    1.351370428892551e-07,
    8.100978021730043e-08,
    5.5235087614846634e-08,
    3.487523514422719e-08,
    2.3990132547169196e-08,
    1.6127239987895337e-08,
    1.1748508832454263e-08,
    8.530087747260495e-09
  ],
  "trace_gradient_covariance": [
    1327484.375,
    1042805.375,
    874215.4375,
    523288.09375,
    204495.90625,
    65110.66015625,
    24148.052734375,
    11243.7255859375,
    4909.92236328125,
    2568.433837890625,
    1339.960693359375,
    657.4052734375,
    330.7992248535156,
    175.8325958251953,
    100.05056762695312,
    56.352073669433594,
    31.398351669311523,
    17.569345474243164,
    9.250338554382324,
    5.440057754516602,
    3.1397199630737305,
    1.9630582332611084,
    1.152032732963562,
    0.6180543303489685,
    0.3321995139122009,
    0.18155044317245483,
    0.1053955927491188,
    0.05921301990747452,
    0.029857587069272995,
    0.017822716385126114,
    0.010437073186039925,
    0.005633292254060507,
    0.0033924775198101997,
    0.0018765435088425875,
    0.0011120286071673036,
    0.0007019600016064942,
    0.0004306036571506411,
    0.0002547863405197859,
    0.00017453859618399292,
    0.00011198411084478721,
    7.718106644460931e-05,
    5.12874212290626e-05,
    3.765823566936888e-05,
    2.7644900910672732e-05
  ],
  "trace_hessian_covariance": [
    150684080.0,
    49188864.0,
    86133712.0,
    109700168.0,
    62166092.0,
    20750178.0,
    7375533.5,
    3282571.0,
    1417179.0,
    732564.875,
    380501.71875,
    184731.859375,
    92486.0234375,
    48888.8125,
    27351.283203125,
    15270.05078125,
    8472.2841796875,
    4715.5771484375,
    2485.70849609375,
    1461.4302978515625,
    840.9431762695312,
    525.4522705078125,
    308.5982360839844,
    165.33053588867188,
    88.8650894165039,
    48.63533401489258,
    28.25675392150879,
    15.860383987426758,
    7.994230270385742,
    4.77144193649292,
    2.793848752975464,
    1.5073047876358032,
    0.9087064862251282,
    0.5026600956916809,
    0.29801928997039795,
    0.1878471076488495,
    0.11519846320152283,
    0.06825760006904602,
    0.04675017669796944,
    0.030004307627677917,
    0.0206897035241127,
    0.013747871853411198,
    0.010098040103912354,
    0.007419006898999214
  ],
  "grad_norm_squared": [
    217125.34375,
    172730.484375,
    148339.65625,
    88062.6015625,
    32189.99609375,
    8921.0966796875,
    3029.19189453125,
    1298.6201171875,
    547.5318603515625,
    280.7476806640625,
    144.14028930664062,
    69.10316467285156,
    34.22208023071289,
    18.01821517944336,
    9.929697036743164,
    5.562648296356201,
    3.10971736907959,
    1.7212700843811035,
    0.8949949741363525,
    0.5279699563980103,
    0.3024839758872986,
    0.18835368752479553,
    0.1110464483499527,
    0.05946418642997742,
    0.032212432473897934,
    0.017456399276852608,
    0.010086440481245518,
    0.005672732833772898,
    0.0028874468989670277,
    0.0017100988188758492,
    0.0010015093721449375,
    0.0005406952695921063,
    0.0003254121111240238,
    0.00017985524027608335,
    0.00010657448001438752,
    6.76373892929405e-05,
    4.1508210415486246e-05,
    2.4525194021407515e-05,
    1.6761832739575766e-05,
    1.0763649697764777e-05,
    7.392644874926191e-06,
    4.9284099077340215e-06,
    3.6023627671966096e-06,
    2.6509198960411595e-06
  ]
}