{
  "step": [
    0,
    20,
    40,
    60,
    80,
    100,
    120,
    140,
    160,
    180,
    200,
    220,
    240,
    260,
    280,
    300,
    320,
    340,
    360,
    380,
    400,
    420,
    440,
    460,
    480,
    500,
    520,
    540,
    560,
    580,
    600,
    620,
    640,
    660,
    680,
    700,
    720,
    740,
    760,
    780,
    800,
    820,
    840,
    860,
    880,
    900,
    920,
    940,
    960,
    980,
    1000,
    1020,
    1040,
    1060,
    1080,
    1100,
    1120,
    1140,
    1160,
    1180,
    1200,
    1220,
    1240,
    1260,
    1280,
    1300,
    1320,
    1340,
    1360,
    1380,
    1400,
    1420,
    1440,
    1460,
    1480,
    1500,
    1520,
    1540,
    1560,
    1580,
    1600,
    1620,
    1640,
    1660,
    1680,
    1700,
    1720,
    1740,
    1760,
    1780,
    1800,
    1820,
    1840,
    1860,
    1880,
    1900,
    1920,
    1940,
    1960,
    1980
  ],
  "train_loss": [
    1065.676513671875,
    980.7105712890625,
    900.1630859375,
    811.4853515625,
    680.5849609375,
    548.899169921875,
    443.5153503417969,
    367.6009826660156,
    300.5543212890625,
    232.17172241210938,
    163.82373046875,
    98.85685729980469,
    52.18592071533203,
    24.93138313293457,
    12.839624404907227,
    7.395208358764648,
    4.869213104248047,
    3.5096242427825928,
    2.7887234687805176,
    2.2491233348846436,
    1.801863431930542,
    1.4559296369552612,
    1.1615129709243774,
    0.9264344573020935,
    0.7765116095542908,
    0.6324042081832886,
    0.5246395468711853,
    0.4276042878627777,
    0.3429744839668274,
    0.2710418701171875,
    0.21149256825447083,
    0.1683470606803894,
    0.13430382311344147,
    0.10507948696613312,
    0.08494348078966141,
    0.06526859849691391,
    0.0514412522315979,
    0.04224168136715889,
    0.032154712826013565,
    0.025307616218924522,
    0.01923818141222,
    0.015467295423150063,
    0.0120178097859025,
    0.009245771914720535,
    0.006918037310242653,
    0.005424370523542166,
    0.004203869961202145,
    0.003356689354404807,
    0.002624431625008583,
    0.002008275594562292,
    0.001524890074506402,
    0.0012183001963421702,
    0.0009026727639138699,
    0.000704325910191983,
    0.0005451547331176698,
    0.0004215745721012354,
    0.00033507758053019643,
    0.00026169195189140737,
    0.00020436238264665008,
    0.000155782385263592,
    0.00011678972805384547,
    9.045682963915169e-05,
    6.971254333620891e-05,
    5.483861968968995e-05,
    4.151818575337529e-05,
    3.225545879104175e-05,
    2.4265595129691064e-05,
    1.8675165847525932e-05,
    1.3891486560169142e-05,
    1.1337596333760303e-05,
    8.892016012396198e-06,
    6.806591045460664e-06,
    5.161017270438606e-06,
    4.10177153753466e-06,
    3.061648840230191e-06,
    2.4516637040505884e-06,
    1.9483425148791866e-06,
    1.4828875691819121e-06,
    1.159631665359484e-06,
    9.198443535751721e-07,
    6.701679922116455e-07,
    4.954847554472508e-07,
    3.8916900280128175e-07,
    3.139349473713082e-07,
    2.528274194446567e-07,
    1.9068549761414033e-07,
    1.445765747121186e-07,
    1.1153014867204547e-07,
    8.847940335954263e-08,
    7.048571859513686e-08,
    5.769455313497929e-08,
    4.3941746241671353e-08,
    3.659810232647942e-08,
    3.0436439146797056e-08,
    2.4426940470334557e-08,
    1.934943405501599e-08,
    1.6018999460243322e-08,
    1.349579203946405e-08,
    1.1343852968082047e-08,
    9.682386448162106e-09
  ],
  "test_loss": [
    1220.926025390625,
    1122.67724609375,
    1028.977783203125,
    926.7501220703125,
    771.50390625,
    613.304931640625,
    486.677978515625,
    402.913330078125,
    326.8572692871094,
    249.98712158203125,
    177.38587951660156,
    106.70703125,
    56.051292419433594,
    26.318479537963867,
    13.4027681350708,
    7.530600547790527,
    4.892586708068848,
    3.489867925643921,
    2.7758564949035645,
    2.2181832790374756,
    1.756502628326416,
    1.4222112894058228,
    1.1323975324630737,
    0.9019543528556824,
    0.7442101240158081,
    0.6081289649009705,
    0.504143238067627,
    0.40889737010002136,
    0.3286437392234802,
    0.26003652811050415,
    0.2016233652830124,
    0.15931516885757446,
    0.12758883833885193,
    0.09984477609395981,
    0.08155813068151474,
    0.06292996555566788,
    0.04904695972800255,
    0.03971295431256294,
    0.030285390093922615,
    0.024204730987548828,
    0.018790891394019127,
    0.015125490725040436,
    0.011505745351314545,
    0.008887521922588348,
    0.006604849360883236,
    0.005221921019256115,
    0.004034725483506918,
    0.0031783138401806355,
    0.0025088535621762276,
    0.0019337382400408387,
    0.001471089432016015,
    0.001186750247143209,
    0.0008702696650288999,
    0.0006701797246932983,
    0.0005167931667529047,
    0.0004025848174933344,
    0.0003163008950650692,
    0.0002456445654388517,
    0.00019498392066452652,
    0.00014923856360837817,
    0.00011229094525333494,
    8.664833148941398e-05,
    6.774492794647813e-05,
    5.252123810350895e-05,
    3.949846723116934e-05,
    3.113113416475244e-05,
    2.31634548981674e-05,
    1.7484631825936958e-05,
    1.326092296949355e-05,
    1.096574942494044e-05,
    8.608407370047644e-06,
    6.567831860593287e-06,
    5.028041414334439e-06,
    3.935456788894953e-06,
    2.941407956313924e-06,
    2.325934246982797e-06,
    1.8672513988349237e-06,
    1.4147162801236846e-06,
    1.103628733289952e-06,
    8.782595273260085e-07,
    6.347460725919518e-07,
    4.658399461732188e-07,
    3.689402490181237e-07,
    2.9778925636492204e-07,
    2.438174533381243e-07,
    1.8443166993620252e-07,
    1.399647260313941e-07,
    1.0810276052097834e-07,
    8.467591072758296e-08,
    6.73222473324131e-08,
    5.512615430802725e-08,
    4.2052800353076236e-08,
    3.5601612324853704e-08,
    2.9673625334680764e-08,
    2.3521398162529294e-08,
    1.837114638192361e-08,
    1.5096549788040647e-08,
    1.2761296019903057e-08,
    1.0791274540622453e-08,
    9.31783272761777e-09
  ],