{
  "step": [
    0,
    20,
    40,
    60,
    80,
    100,
    120,
    140,
    160,
    180,
    200,
    220,
    240,
    260,
    280,
    300,
    320,
    340,
    360,
    380,
    400,
    420,
    440,
    460,
    480,
    500,
    520,
    540,
    560,
    580,
    600,
    620,
    640,
    660,
    680,
    700,
    720,
    740,
    760,
    780,
    800,
    820,
    840,
    860,
    880,
    900,
    920,
    940,
    960,
    980,
    1000,
    1020,
    1040,
    1060,
    1080,
    1100,
    1120,
    1140
  ],
  "train_loss": [
    1062.842041015625,
    809.2164916992188,
    566.7534790039062,
    322.73675537109375,
    133.89447021484375,
    59.59307861328125,
    24.962411880493164,
    12.142457008361816,
    6.043003559112549,
    3.459484338760376,
    2.005739688873291,
    1.2313001155853271,
    0.8134759664535522,
    0.49461257457733154,
    0.30522969365119934,
    0.1978244036436081,
    0.12609902024269104,
    0.08617398142814636,
    0.05716199800372124,
    0.03701643645763397,
    0.023232564330101013,
    0.015614013187587261,
    0.010344519279897213,
    0.006524958647787571,
    0.004237366374582052,
    0.0027431631460785866,
    0.001899986993521452,
    0.0012407619506120682,
    0.0007636413793079555,
    0.0004889423144049942,
    0.00032314518466591835,
    0.00021883797307964414,
    0.0001522553211543709,
    9.012069494929165e-05,
    6.073741315049119e-05,
    3.75704221369233e-05,
    2.38502962019993e-05,
    1.569809865031857e-05,
    1.0150360139959957e-05,
    6.588808446394978e-06,
    4.428791726240888e-06,
    2.7790736112365266e-06,
    1.7493885025032796e-06,
    1.1712277228070889e-06,
    7.85953716331278e-07,
    5.356508836484863e-07,
    3.555402940946806e-07,
    2.555802041115385e-07,
    1.6530269419945398e-07,
    1.1343019679088684e-07,
    7.643898669584814e-08,
    5.0319751920824274e-08,
    3.625954292374445e-08,
    2.6743160574937974e-08,
    2.0040564763235125e-08,
    1.460502652150808e-08,
    1.1230353536006987e-08,
    8.18102208199889e-09
  ],
  "test_loss": [
    1218.44873046875,
    927.8590698242188,
    644.7882690429688,
    361.8827819824219,
    144.23440551757812,
    61.967891693115234,
    25.291316986083984,
    12.329630851745605,
    6.087284564971924,
    3.54719614982605,
    2.006591320037842,
    1.2247323989868164,
    0.809811532497406,
    0.48024046421051025,
    0.29990941286087036,
    0.19231010973453522,
    0.12176940590143204,
    0.08286430686712265,
    0.05443529784679413,
    0.03515550494194031,
    0.022115346044301987,
    0.01489087101072073,
    0.009992716833949089,
    0.00609985738992691,
    0.003921505995094776,
    0.002582468558102846,
    0.0018316830974072218,
    0.0011633500689640641,
    0.0006979080499149859,
    0.0004528448625933379,
    0.0003027687780559063,
    0.00020062032854184508,
    0.00013971459702588618,
    8.28384145279415e-05,
    5.671722101396881e-05,
    3.533666313160211e-05,
    2.2401583919418044e-05,
    1.4811529581493232e-05,
    9.3028711489751e-06,
    6.049668627383653e-06,
    4.100319074495928e-06,
    2.605816916911863e-06,
    1.6322491092068958e-06,
    1.091126478058868e-06,
    7.164852036112279e-07,
    4.982267114428396e-07,
    3.357031914674735e-07,
    2.3623719869192428e-07,
    1.5293764477064542e-07,
    1.0492517787952238e-07,
    7.155863102070725e-08,
    4.645451667784073e-08,
    3.316244345796804e-08,
    2.4615617988388294e-08,
    1.8670515800067733e-08,
    1.3652275754338916e-08,
    1.0402667172115798e-08,
    7.680278635291415e-09
  ],
  "trace_gradient_covariance": [
    773510.625,
    712053.3125,
    746431.75,
    648518.4375,
    346749.875,
    164456.484375,
    70500.3046875,
    34371.1484375,
    17017.783203125,
    9602.4404296875,
    5516.63916015625,
    3336.626953125,
    2187.914794921875,
    1326.85205078125,
    821.0982666015625,
    530.5985107421875,
    338.5577087402344,
    232.45037841796875,
    153.80072021484375,
    99.47473907470703,
    62.437252044677734,
    41.976158142089844,
    27.861961364746094,
    17.6110782623291,
    11.493180274963379,
    7.445718765258789,
    5.181527614593506,
    3.366987705230713,
    2.0690231323242188,
    1.3217812776565552,
    0.8767131567001343,
    0.5968759655952454,
    0.414313942193985,
    0.24499796330928802,
    0.165071040391922,
    0.10186248272657394,
    0.06450752913951874,
    0.04268639534711838,
    0.027660241350531578,
    0.017924794927239418,
    0.012010382488369942,
    0.0075358133763074875,
    0.004750747233629227,
    0.0031920692417770624,
    0.002135779242962599,
    0.0014540428528562188,
    0.0009663057280704379,
    0.000694594404194504,
    0.0004488312697503716,
    0.00030881506972946227,
    0.00020769612456206232,
    0.00013653557107318193,
    9.838191181188449e-05,
    7.249552436405793e-05,
    5.442337351269089e-05,
    3.979776374762878e-05,
    3.053960244869813e-05,
    2.2190986783243716e-05
  ],
  "trace_hessian_covariance": [
    49033108.0,
    5188631.0,
    15424419.0,
    61523880.0,
    70534872.0,
    41095024.0,
    18880108.0,
    9432270.0,
    4684383.5,
    2610949.75,
    1485550.375,
    887013.625,
    577154.8125,
    348679.90625,
    214581.9375,
    138254.03125,
    88027.578125,
    60355.921875,
    39895.8125,
    25809.517578125,
    16199.4873046875,
    10891.4052734375,
    7224.76416015625,
    4572.72119140625,
    2985.375732421875,
    1935.9654541015625,
    1348.506103515625,
    876.0169677734375,
    539.1969604492188,
    343.50921630859375,
    227.64608764648438,
    155.24444580078125,
    107.76089477539062,
    63.669395446777344,
    42.85459518432617,
    26.46027946472168,
    16.76934814453125,
    11.095866203308105,
    7.1961565017700195,
    4.661108493804932,
    3.1207973957061768,
    1.9557955265045166,
    1.233986496925354,
    0.830194890499115,
    0.5555334687232971,
    0.37790021300315857,
    0.25100141763687134,
    0.1805671602487564,
    0.1167723685503006,
    0.08039111644029617,
    0.05400381609797478,
    0.035512421280145645,
    0.025602634996175766,
    0.018864085897803307,
    0.014161147177219391,
    0.010363425128161907,
    0.00795762985944748,
    0.0057778372429311275
  ],
  "grad_norm_squared": [
    129140.359375,
    121023.140625,
    132081.921875,
    116528.9375,
    57042.328125,
    23678.73046875,
    9214.009765625,
    4181.296875,
    1936.6221923828125,
    1013.8594360351562,
    532.8878173828125,
    299.04638671875,
    186.34292602539062,
    109.94966888427734,
    66.39143371582031,
    42.61381530761719,
    26.958539962768555,
    18.258047103881836,
    11.982887268066406,
    7.790069103240967,
    4.913936138153076,
    3.315513849258423,
    2.219058036804199,
    1.3818621635437012,
    0.8984819650650024,
    0.5836904048919678,
    0.4120868146419525,
    0.2653910517692566,
    0.16620483994483948,
    0.10463099181652069,
    0.06875517964363098,
    0.04689433425664902,
    0.03252749145030975,
    0.019207891076803207,
    0.012953370809555054,
    0.008019576780498028,
    0.005115808919072151,
    0.0033559994772076607,
    0.0021776086650788784,
    0.0014084945432841778,
    0.0009461521403864026,
    0.0005968910409137607,
    0.00037317376700229943,
    0.00025089707924053073,
    0.00016844393394421786,
    0.00011420913506299257,
    7.620026008225977e-05,
    5.454846177599393e-05,
    3.533109702402726e-05,
    2.4251145077869296e-05,
    1.6303669326589443e-05,
    1.0744784958660603e-05,
    7.786413334542885e-06,
    5.729542408516863e-06,
    4.274513230484445e-06,
    3.1187269087240566e-06,
    2.395867113591521e-06,
    1.7615677734283963e-06
  ]
}