{
  "step": [
    0,
    20,
    40,
    60,
    80,
    100,
    120,
    140,
    160,
    180,
    200,
    220,
    240,
    260,
    280,
    300,
    320,
    340,
    360,
    380,
    400,
    420,
    440,
    460,
    480,
    500,
    520,
    540,
    560,
    580,
    600,
    620,
    640,
    660,
    680,
    700,
    720,
    740,
    760,
    780,
    800,
    820,
    840,
    860
  ],
  "train_loss": [
    1119.0499267578125,
    736.8369750976562,
    386.4967041015625,
    161.6932830810547,
    50.289398193359375,
    18.434555053710938,
    8.200024604797363,
    3.7483773231506348,
    1.6925675868988037,
    0.8310366868972778,
    0.42587465047836304,
    0.2255529761314392,
    0.12945851683616638,
    0.06676650047302246,
    0.036903537809848785,
    0.01979232393205166,
    0.010457024909555912,
    0.006016961298882961,
    0.0035368853714317083,
    0.0020790402777493,
    0.0010518613271415234,
    0.000598945131059736,
    0.00032382772769778967,
    0.00019913859432563186,
    0.0001113399921450764,
    6.232762825675309e-05,
    3.482475221971981e-05,
    2.0372852304717526e-05,
    1.2404512744979002e-05,
    6.398425284714904e-06,
    3.5600746741693e-06,
    1.9015930092791677e-06,
    1.0783063544295146e-06,
    6.765723128410173e-07,
    3.8587185713367944e-07,
    2.4965922307274013e-07,
    1.4950948923342366e-07,
    9.778455023479182e-08,
    6.195040214151959e-08,
    4.1385380455949417e-08,
    2.6598051761084207e-08,
    1.8037527027559008e-08,
    1.2559603135287034e-08,
    8.601874768032758e-09
  ],
  "test_loss": [
    1280.3865966796875,
    856.9893188476562,
    452.8929443359375,
    186.03526306152344,
    54.78030014038086,
    18.631977081298828,
    7.935027122497559,
    3.5460996627807617,
    1.597654104232788,
    0.7802717685699463,
    0.39208149909973145,
    0.2053854763507843,
    0.11719301342964172,
    0.0605630949139595,
    0.033275850117206573,
    0.017852703109383583,
    0.009350231848657131,
    0.005386561620980501,
    0.003119941335171461,
    0.001885026809759438,
    0.0009561842889524996,
    0.0005486897425726056,
    0.00029648549389094114,
    0.00018320151139050722,
    0.00010155011113965884,
    5.665306161972694e-05,
    3.0896557291271165e-05,
    1.8210836060461588e-05,
    1.1360544704075437e-05,
    5.886839517188491e-06,
    3.279406882938929e-06,
    1.784099140422768e-06,
    1.012430629998562e-06,
    6.208982199495949e-07,
    3.5116025287607044e-07,
    2.2863898152536422e-07,
    1.388072661256956e-07,
    9.035252190869869e-08,
    5.6578510765348256e-08,
    3.836690609659854e-08,
    2.4365464312836593e-08,
    1.6530581348206397e-08,
    1.1676344335853628e-08,
    7.940495372338319e-09
  ],
  "trace_gradient_covariance": [
    1327246.125,
    1035299.375,
    855293.25,
    510080.3125,
    181634.125,
    63356.08984375,
    26437.724609375,
    11839.375,
    5286.76318359375,
    2595.49365234375,
    1313.315185546875,
    689.4805297851562,
    393.3612060546875,
    200.14944458007812,
    109.84322357177734,
    58.83086395263672,
    30.962175369262695,
    17.776731491088867,
    10.500859260559082,
    6.159953594207764,
    3.0993454456329346,
    1.7647918462753296,
    0.9493069648742676,
    0.5841115713119507,
    0.32762691378593445,
    0.18354681134223938,
    0.10267787426710129,
    0.06006726995110512,
    0.03670104593038559,
    0.01884971559047699,
    0.010467450134456158,
    0.00559699023142457,
    0.0031754455994814634,
    0.0019879466854035854,
    0.001134504796937108,
    0.0007344062905758619,
    0.0004415227740537375,
    0.00028713574283756316,
    0.00018170771363656968,
    0.00012146660446887836,
    7.836740405764431e-05,
    5.298621181282215e-05,
    3.701190871652216e-05,
    2.5284462026320398e-05
  ],
  "trace_hessian_covariance": [
    150937536.0,
    49228096.0,
    85345888.0,
    110950872.0,
    56284580.0,
    20215594.0,
    7935706.5,
    3439598.5,
    1522374.0,
    744399.5,
    372535.125,
    193504.046875,
    109381.0,
    54832.5234375,
    29826.140625,
    15948.5615234375,
    8367.859375,
    4794.93505859375,
    2826.044189453125,
    1654.283203125,
    830.400390625,
    472.6987609863281,
    254.3413848876953,
    156.4263153076172,
    87.68561553955078,
    49.15895462036133,
    27.529600143432617,
    16.074535369873047,
    9.820173263549805,
    5.04635763168335,
    2.80182147026062,
    1.4979503154754639,
    0.8502410054206848,
    0.5326256155967712,
    0.3041025400161743,
    0.19666631519794464,
    0.1183205395936966,
    0.07693473994731903,
    0.048706986010074615,
    0.03253237530589104,
    0.02100645750761032,
    0.01420191302895546,
    0.009921337477862835,
    0.0067813703790307045
  ],
  "grad_norm_squared": [
    216887.625,
    170372.34375,
    146543.953125,
    85680.0234375,
    28072.109375,
    8672.107421875,
    3262.882080078125,
    1371.6424560546875,
    589.7936401367188,
    286.0355224609375,
    141.132080078125,
    72.21157836914062,
    40.79941177368164,
    20.204130172729492,
    10.830862998962402,
    5.798786640167236,
    3.0516271591186523,
    1.7415432929992676,
    1.0197536945343018,
    0.593139111995697,
    0.2973330616950989,
    0.16897252202033997,
    0.09149924665689468,
    0.05614902451634407,
    0.031414695084095,
    0.01755337230861187,
    0.00991873536258936,
    0.005752437748014927,
    0.003514267737045884,
    0.0018016255926340818,
    0.0010026289382949471,
    0.0005402359529398382,
    0.00030661484925076365,
    0.00019046623492613435,
    0.00010896406456595287,
    7.02836478012614e-05,
    4.222975258016959e-05,
    2.7533333195606247e-05,
    1.7493926861789078e-05,
    1.1670181265799329e-05,
    7.487093625968555e-06,
    5.084923031972721e-06,
    3.5525642942957347e-06,
    2.430365611871821e-06
  ]
}