{
  "step": [
    0,
    20,
    40,
    60,
    80,
    100,
    120,
    140,
    160,
    180,
    200,
    220,
    240,
    260,
    280,
    300,
    320,
    340,
    360,
    380,
    400,
    420,
    440,
    460,
    480,
    500,
    520,
    540,
    560,
    580,
    600,
    620,
    640,
    660,
    680,
    700,
    720,
    740,
    760,
    780,
    800,
    820,
    840,
    860,
    880,
    900,
    920,
    940,
    960,
    980,
    1000,
    1020,
    1040,
    1060,
    1080,
    1100,
    1120,
    1140,
    1160,
    1180,
    1200,
    1220,
    1240,
    1260,
    1280,
    1300,
    1320,
    1340,
    1360,
    1380,
    1400,
    1420,
    1440,
    1460,
    1480,
    1500,
    1520,
    1540,
    1560,
    1580,
    1600,
    1620,
    1640,
    1660,
    1680,
    1700,
    1720,
    1740,
    1760,
    1780,
    1800,
    1820,
    1840,
    1860,
    1880,
    1900,
    1920,
    1940,
    1960,
    1980
  ],
  "train_loss": [
    1064.9984130859375,
    984.6480712890625,
    910.2378540039062,
    814.4976806640625,
    683.5291748046875,
    551.0714721679688,
    446.8968811035156,
    369.8226013183594,
    299.8768005371094,
    230.697021484375,
    164.27589416503906,
    104.50494384765625,
    55.26063537597656,
    26.750408172607422,
    12.761951446533203,
    7.434324741363525,
    4.80557107925415,
    3.534696102142334,
    2.739877700805664,
    2.2119088172912598,
    1.8132683038711548,
    1.4959087371826172,
    1.1814385652542114,
    0.9612278938293457,
    0.7559313774108887,
    0.635595977306366,
    0.5182552933692932,
    0.424410879611969,
    0.33609631657600403,
    0.2672302722930908,
    0.21011307835578918,
    0.16698046028614044,
    0.13332976400852203,
    0.09905631095170975,
    0.07958246022462845,
    0.06515270471572876,
    0.05256902799010277,
    0.0408296138048172,
    0.03184310346841812,
    0.024171320721507072,
    0.019067367538809776,
    0.015092989429831505,
    0.011840934865176678,
    0.008972632698714733,
    0.006841892842203379,
    0.005428024102002382,
    0.004270015750080347,
    0.0032264806795865297,
    0.0024550356902182102,
    0.00191940285731107,
    0.0015282678650692105,
    0.0012142559280619025,
    0.0009114450076594949,
    0.0007096955669112504,
    0.0005393783212639391,
    0.00041779421735554934,
    0.00033061375143006444,
    0.0002504562435206026,
    0.00019090446585323662,
    0.00014998624101281166,
    0.00011675290443236008,
    9.193936421070248e-05,
    7.01381140970625e-05,
    5.4521009587915614e-05,
    4.170708416495472e-05,
    3.224885222152807e-05,
    2.5588982680346817e-05,
    1.978415275516454e-05,
    1.5395427908515558e-05,
    1.1550285307748709e-05,
    8.819431968731806e-06,
    6.996443062234903e-06,
    5.342938948160736e-06,
    3.9846891013439745e-06,
    3.170937134200358e-06,
    2.4391795250267023e-06,
    1.9129506654280704e-06,
    1.5650006162104546e-06,
    1.1997460660495562e-06,
    8.657923444843618e-07,
    6.70176348194218e-07,
    5.163437890587375e-07,
    4.059797902300488e-07,
    3.15377860715671e-07,
    2.4016418365135905e-07,
    1.9196536982235557e-07,
    1.4871177711484052e-07,
    1.1803086152895048e-07,
    9.110288345937079e-08,
    7.203601626315503e-08,
    5.748197295929458e-08,
    4.528150299165645e-08,
    3.6410398251973675e-08,
    2.8541322194541863e-08,
    2.2673425803532155e-08,
    1.9335967493816497e-08,
    1.54319117484647e-08,
    1.318219222667949e-08,
    1.1020949486351128e-08,
    9.469071748924307e-09
  ],
  "test_loss": [
    1220.058837890625,
    1127.7666015625,
    1041.78955078125,
    929.26806640625,
    773.222412109375,
    616.4868774414062,
    495.7236022949219,
    406.0914001464844,
    327.0473937988281,
    249.44309997558594,
    177.16146850585938,
    111.48954010009766,
    59.95135498046875,
    28.48023223876953,
    13.291251182556152,
    7.604837417602539,
    4.862676620483398,
    3.4808132648468018,
    2.6897740364074707,
    2.1799466609954834,
    1.795040488243103,
    1.4845927953720093,
    1.1691116094589233,
    0.9404640197753906,
    0.733691394329071,
    0.6090052127838135,
    0.5032719373703003,
    0.4141610264778137,
    0.32344067096710205,
    0.2539944052696228,
    0.20093603432178497,
    0.15992026031017303,
    0.12926918268203735,
    0.09494869410991669,
    0.07664696872234344,
    0.061682894825935364,
    0.050016578286886215,
    0.03850586712360382,
    0.030118508264422417,
    0.02334624156355858,
    0.01819596439599991,
    0.014333815313875675,
    0.011320268735289574,
    0.008651216514408588,
    0.0064855958335101604,
    0.005218635778874159,
    0.004042848479002714,
    0.0030506125185638666,
    0.0023800060153007507,
    0.0018628297839313745,
    0.0014584949240088463,
    0.001163256005384028,
    0.0008735778974369168,
    0.0006754481000825763,
    0.000512372178491205,
    0.00039951803046278656,
    0.00031560167553834617,
    0.00023869931465014815,
    0.0001802384649636224,
    0.00014214128896128386,
    0.00011213648394914344,
    8.900103421183303e-05,
    6.720233068335801e-05,
    5.218156729824841e-05,
    4.035445090266876e-05,
    3.0800427339272574e-05,
    2.4578728698543273e-05,
    1.8850158085115254e-05,
    1.4717275007569697e-05,
    1.1041111065424047e-05,
    8.462277037324384e-06,
    6.709846275043674e-06,
    5.107004199089715e-06,
    3.826889042102266e-06,
    3.0462040285783587e-06,
    2.3300117391045205e-06,
    1.8172463569499087e-06,
    1.4809289723416441e-06,
    1.1341422805344337e-06,
    8.308594487971277e-07,
    6.467427624556876e-07,
    4.981002348358743e-07,
    3.9276937968679704e-07,
    3.0480450163850037e-07,
    2.3127060444494418e-07,
    1.8281923530594213e-07,
    1.4213219401426613e-07,
    1.125344795127603e-07,
    8.721708155690067e-08,
    6.871628954741027e-08,
    5.502101529941683e-08,
    4.3469096766557414e-08,
    3.49627633511318e-08,
    2.7781924316627737e-08,
    2.1706863861936654e-08,
    1.8412229962905258e-08,
    1.4696823313897767e-08,
    1.2494735024404235e-08,
    1.0494469293576003e-08,
    9.006199341854426e-09
  ],