{
  "step": [
    0,
    20,
    40,
    60,
    80,
    100,
    120,
    140,
    160,
    180,
    200,
    220,
    240,
    260,
    280,
    300,
    320,
    340,
    360,
    380,
    400,
    420,
    440,
    460,
    480,
    500,
    520,
    540,
    560,
    580,
    600,
    620,
    640,
    660,
    680,
    700,
    720,
    740,
    760,
    780,
    800,
    820,
    840,
    860
  ],
  "train_loss": [
    1119.484130859375,
    736.622802734375,
    412.88128662109375,
    165.07537841796875,
    55.47822189331055,
    18.537031173706055,
    8.060859680175781,
    3.5266530513763428,
    1.6476290225982666,
    0.8109439015388489,
    0.43611669540405273,
    0.2369958460330963,
    0.1234554648399353,
    0.07009831070899963,
    0.03460976108908653,
    0.019243445247411728,
    0.010596326552331448,
    0.005565878935158253,
    0.003076081397011876,
    0.0018989586969837546,
    0.0010418673045933247,
    0.0005908617749810219,
    0.00034357947879470885,
    0.0001943038369063288,
    0.00010055601160274819,
    6.154551374493167e-05,
    3.807856410276145e-05,
    2.046829649771098e-05,
    1.195791264763102e-05,
    6.5930203163588885e-06,
    3.6128456031292444e-06,
    1.962374426511815e-06,
    1.1465808711363934e-06,
    6.715098379572737e-07,
    4.247771414611634e-07,
    2.402522625288839e-07,
    1.527674982071403e-07,
    9.159700198324572e-08,
    6.13513861935644e-08,
    3.837123330185932e-08,
    2.6102718209131126e-08,
    1.878943756139506e-08,
    1.3486065597589914e-08,
    9.069272444151011e-09
  ],
  "test_loss": [
    1279.905517578125,
    849.5653076171875,
    483.71435546875,
    189.58599853515625,
    60.09926223754883,
    18.738277435302734,
    7.886098861694336,
    3.360517978668213,
    1.5669019222259521,
    0.7613310217857361,
    0.40282654762268066,
    0.21746772527694702,
    0.11176521331071854,
    0.06379767507314682,
    0.0313730463385582,
    0.017355680465698242,
    0.009573406539857388,
    0.005041549447923899,
    0.002778505440801382,
    0.0017185995820909739,
    0.000931890623178333,
    0.0005258657620288432,
    0.00031133677111938596,
    0.00017846266564447433,
    8.992622315417975e-05,
    5.586885890807025e-05,
    3.569330147001892e-05,
    1.8826236555469222e-05,
    1.1172997801622842e-05,
    6.099468464526581e-06,
    3.270955858170055e-06,
    1.7970845647141687e-06,
    1.053793539540493e-06,
    6.179292881824949e-07,
    3.887733441843011e-07,
    2.177005740122695e-07,
    1.3952765698377334e-07,
    8.485377378519843e-08,
    5.66335884855107e-08,
    3.4729087161622374e-08,
    2.3733051079943834e-08,
    1.719348574624746e-08,
    1.2235635615809315e-08,
    8.275463869722444e-09
  ],
  "trace_gradient_covariance": [
    1328841.375,
    1036603.4375,
    875155.5625,
    506677.25,
    197035.984375,
    63139.72265625,
    25760.89453125,
    11144.9404296875,
    5175.2978515625,
    2527.7138671875,
    1346.57958984375,
    721.8031616210938,
    372.7352600097656,
    211.34996032714844,
    104.12073516845703,
    57.226078033447266,
    31.36093521118164,
    16.52134132385254,
    9.116476058959961,
    5.609716892242432,
    3.063279867172241,
    1.7408485412597656,
    1.0135948657989502,
    0.573137104511261,
    0.29562613368034363,
    0.18126262724399567,
    0.11205071210861206,
    0.06027405336499214,
    0.0353131964802742,
    0.019396234303712845,
    0.010613377206027508,
    0.005782644730061293,
    0.0033690391574054956,
    0.001977047650143504,
    0.00124749552924186,
    0.0007071889704093337,
    0.00045102951116859913,
    0.000271105847787112,
    0.00018149946117773652,
    0.00011303266364848241,
    7.681408897042274e-05,
    5.5501728638773784e-05,
    3.989341712440364e-05,
    2.6787392926053144e-05
  ],
  "trace_hessian_covariance": [
    151824576.0,
    46590684.0,
    82688896.0,
    107901344.0,
    59436236.0,
    19975686.0,
    7661248.5,
    3264309.5,
    1502597.75,
    724893.75,
    381171.15625,
    201084.140625,
    102958.484375,
    57991.7890625,
    28425.689453125,
    15509.2197265625,
    8457.248046875,
    4451.10302734375,
    2449.873291015625,
    1504.2825927734375,
    821.1273803710938,
    466.0877990722656,
    270.95513916015625,
    153.20362854003906,
    79.22959899902344,
    48.54536437988281,
    30.00952911376953,
    16.133134841918945,
    9.462915420532227,
    5.195466995239258,
    2.8442535400390625,
    1.5479211807250977,
    0.9007014632225037,
    0.5290542244911194,
    0.3343230187892914,
    0.18968580663204193,
    0.12080187350511551,
    0.07261838018894196,
    0.04861823096871376,
    0.03031369484961033,
    0.020611878484487534,
    0.014887509867548943,
    0.010708203539252281,
    0.007188339717686176
  ],
  "grad_norm_squared": [
    217286.78125,
    172573.25,
    148093.21875,
    84398.53125,
    30272.6484375,
    8632.30859375,
    3165.931884765625,
    1306.6778564453125,
    588.4102172851562,
    279.4478759765625,
    144.0343475341797,
    74.64322662353516,
    38.07160186767578,
    21.211502075195312,
    10.353075981140137,
    5.60980749130249,
    3.0466272830963135,
    1.6131263971328735,
    0.8805425763130188,
    0.5421604514122009,
    0.2968185544013977,
    0.1678410768508911,
    0.09777337312698364,
    0.05538523942232132,
    0.02854197658598423,
    0.017347052693367004,
    0.01076741237193346,
    0.005784383974969387,
    0.0033854201901704073,
    0.0018572607077658176,
    0.0010219085961580276,
    0.0005531152710318565,
    0.000326160981785506,
    0.00019029898976441473,
    0.00011982236173935235,
    6.803809810662642e-05,
    4.318348874221556e-05,
    2.5998528144555166e-05,
    1.741907180985436e-05,
    1.0847104022104759e-05,
    7.375852419500006e-06,
    5.302210865920642e-06,
    3.818631284957519e-06,
    2.564142278060899e-06
  ]
}