{
  "step": [
    0,
    20,
    40,
    60,
    80,
    100,
    120,
    140,
    160,
    180,
    200,
    220,
    240,
    260,
    280,
    300,
    320,
    340,
    360,
    380,
    400,
    420,
    440,
    460,
    480,
    500,
    520,
    540,
    560,
    580,
    600,
    620,
    640,
    660,
    680,
    700,
    720,
    740,
    760,
    780,
    800,
    820,
    840,
    860,
    880,
    900,
    920,
    940,
    960,
    980,
    1000,
    1020,
    1040,
    1060,
    1080,
    1100,
    1120,
    1140
  ],
  "train_loss": [
    1061.9263916015625,
    813.6112670898438,
    564.062744140625,
    306.6148986816406,
    142.03604125976562,
    60.29347229003906,
    28.72591781616211,
    13.4508056640625,
    6.921676158905029,
    3.500258445739746,
    2.0865581035614014,
    1.2867919206619263,
    0.7784712314605713,
    0.5217748284339905,
    0.30616483092308044,
    0.20363278687000275,
    0.1315707266330719,
    0.08012153208255768,
    0.05185570567846298,
    0.03641292452812195,
    0.023365536704659462,
    0.015130593441426754,
    0.010137110017240047,
    0.00667233020067215,
    0.00409915205091238,
    0.002848530188202858,
    0.0020226824562996626,
    0.0012479632860049605,
    0.0008404525578953326,
    0.0005349754355847836,
    0.0003370720660313964,
    0.00021103992185089737,
    0.000138517701998353,
    9.057633724296466e-05,
    6.222711817827076e-05,
    3.859462958644144e-05,
    2.5803961761994287e-05,
    1.623554271645844e-05,
    1.0899226253968664e-05,
    6.836757620476419e-06,
    4.555530267680297e-06,
    3.1317829325416824e-06,
    2.122735850207391e-06,
    1.3380222299019806e-06,
    8.087314427029924e-07,
    5.352943617253914e-07,
    3.6078523635296733e-07,
    2.4958293920462893e-07,
    1.6791354084944032e-07,
    1.1459154336534993e-07,
    7.820503356015251e-08,
    5.751361342731798e-08,
    4.0118280253409466e-08,
    2.863563075550246e-08,
    2.002236421105863e-08,
    1.495491197545107e-08,
    1.1248180165068788e-08,
    8.32082136525969e-09
  ],
  "test_loss": [
    1217.4810791015625,
    932.8615112304688,
    648.0746459960938,
    344.6775207519531,
    153.43228149414062,
    62.77218246459961,
    29.444988250732422,
    13.62711238861084,
    7.0273919105529785,
    3.5352563858032227,
    2.087639331817627,
    1.2790638208389282,
    0.7606114745140076,
    0.5136984586715698,
    0.30138126015663147,
    0.1974692940711975,
    0.12681211531162262,
    0.07766775041818619,
    0.04966987669467926,
    0.0347837395966053,
    0.0219113826751709,
    0.014058777131140232,
    0.009585408493876457,
    0.006367010530084372,
    0.003800672246143222,
    0.0026715050917118788,
    0.0019511827267706394,
    0.0011750515550374985,
    0.0008033147314563394,
    0.0005048688617534935,
    0.0003106426738668233,
    0.00019705087470356375,
    0.00012936633720528334,
    8.469525346299633e-05,
    5.781521031167358e-05,
    3.545339131960645e-05,
    2.3859267457737587e-05,
    1.5237570551107638e-05,
    1.018015609588474e-05,
    6.246642442420125e-06,
    4.195534074824536e-06,
    2.9022746730333893e-06,
    1.935787167894887e-06,
    1.2299612990318565e-06,
    7.494683700315363e-07,
    4.943417479807977e-07,
    3.3970340496125573e-07,
    2.3326683162849804e-07,
    1.5649531803774153e-07,
    1.0659257299039382e-07,
    7.282802272357003e-08,
    5.4020198092530336e-08,
    3.72316435459652e-08,
    2.6677618336634623e-08,
    1.860924037089262e-08,
    1.3999110315410235e-08,
    1.039365837840478e-08,
    7.671775215101206e-09
  ],
  "trace_gradient_covariance": [
    771956.125,
    717131.4375,
    748301.5625,
    620910.5625,
    360894.21875,
    166338.15625,
    80738.6640625,
    38582.515625,
    19708.953125,
    9706.576171875,
    5736.09912109375,
    3508.295654296875,
    2107.589599609375,
    1413.120849609375,
    827.1214599609375,
    545.6824340820312,
    352.3362731933594,
    215.24984741210938,
    139.4926300048828,
    97.99740600585938,
    62.85087203979492,
    40.89130401611328,
    27.43060302734375,
    18.067724227905273,
    11.065068244934082,
    7.71162748336792,
    5.476010799407959,
    3.3817765712738037,
    2.2860336303710938,
    1.4500885009765625,
    0.9130908846855164,
    0.5734243392944336,
    0.3754444718360901,
    0.24593926966190338,
    0.1686067283153534,
    0.10489700734615326,
    0.07036957144737244,
    0.044364556670188904,
    0.029749305918812752,
    0.01857932284474373,
    0.012358751147985458,
    0.008537511341273785,
    0.005800229497253895,
    0.003639444475993514,
    0.0021919291466474533,
    0.0014511935878545046,
    0.0009757123771123588,
    0.0006747868610545993,
    0.0004582333785947412,
    0.0003115702420473099,
    0.00021270450088195503,
    0.00015662518853787333,
    0.00010918167390627787,
    7.784911576891318e-05,
    5.4379757784772664e-05,
    4.0639373764861375e-05,
    3.067734360229224e-05,
    2.2663614799967036e-05
  ],
  "trace_hessian_covariance": [
    48522168.0,
    6837347.0,
    18180992.0,
    66991984.0,
    72258208.0,
    41418312.0,
    21392336.0,
    10657930.0,
    5464463.5,
    2642748.0,
    1547211.875,
    937207.75,
    559139.3125,
    372633.78125,
    216882.40625,
    142452.703125,
    91773.5859375,
    55987.8125,
    36244.421875,
    25441.318359375,
    16329.638671875,
    10622.4775390625,
    7114.24853515625,
    4686.13037109375,
    2877.6142578125,
    2004.3280029296875,
    1423.18310546875,
    878.4095458984375,
    594.5458984375,
    376.9606628417969,
    237.51007080078125,
    148.98622131347656,
    97.3953628540039,
    63.862178802490234,
    43.85932922363281,
    27.309490203857422,
    18.29433822631836,
    11.53097152709961,
    7.729427337646484,
    4.834589004516602,
    3.2172658443450928,
    2.221402406692505,
    1.5099788904190063,
    0.9463312029838562,
    0.5692972540855408,
    0.3774467408657074,
    0.25340214371681213,
    0.17525364458560944,
    0.11912734061479568,
    0.08104036003351212,
    0.05534391105175018,
    0.04075675457715988,
    0.028408000245690346,
    0.020244473591446877,
    0.014160414226353168,
    0.010584165342152119,
    0.0080005694180727,
    0.005908147897571325
  ],
  "grad_norm_squared": [
    128634.3125,
    121176.3046875,
    130964.8671875,
    109020.796875,
    57800.984375,
    23951.71484375,
    10714.6103515625,
    4774.87255859375,
    2279.3330078125,
    1000.3875122070312,
    546.0701293945312,
    309.92352294921875,
    179.96414184570312,
    117.30670166015625,
    67.40815734863281,
    43.79130172729492,
    27.976882934570312,
    17.126102447509766,
    10.954442977905273,
    7.712069511413574,
    4.953283309936523,
    3.1979100704193115,
    2.154754400253296,
    1.425739049911499,
    0.8755748867988586,
    0.6037576198577881,
    0.43436792492866516,
    0.2654056251049042,
    0.1802280843257904,
    0.11388189345598221,
    0.07207423448562622,
    0.04488129913806915,
    0.029741525650024414,
    0.019388346001505852,
    0.01329011283814907,
    0.008274534717202187,
    0.005528471898287535,
    0.0034975484013557434,
    0.002342847641557455,
    0.001465034787543118,
    0.0009761981200426817,
    0.0006690535228699446,
    0.0004573107580654323,
    0.00028653739718720317,
    0.00017296017904300243,
    0.00011470661411294714,
    7.806792564224452e-05,
    5.399045767262578e-05,
    3.594611553126015e-05,
    2.440785101498477e-05,
    1.6662805137457326e-05,
    1.2291997336433269e-05,
    8.54743120726198e-06,
    6.1032301346131135e-06,
    4.271382294973591e-06,
    3.188685695931781e-06,
    2.4036064587562578e-06,
    1.7745970808391576e-06
  ]
}