{
  "step": [
    0,
    20,
    40,
    60,
    80,
    100,
    120,
    140,
    160,
    180,
    200,
    220,
    240,
    260,
    280,
    300,
    320,
    340,
    360,
    380,
    400,
    420,
    440,
    460,
    480,
    500,
    520,
    540,
    560,
    580,
    600,
    620,
    640,
    660,
    680,
    700,
    720,
    740,
    760,
    780,
    800,
    820,
    840,
    860,
    880,
    900,
    920,
    940,
    960,
    980,
    1000,
    1020,
    1040,
    1060,
    1080,
    1100,
    1120,
    1140,
    1160,
    1180,
    1200,
    1220,
    1240,
    1260,
    1280,
    1300,
    1320,
    1340,
    1360,
    1380,
    1400,
    1420,
    1440,
    1460,
    1480,
    1500,
    1520,
    1540,
    1560,
    1580,
    1600,
    1620,
    1640,
    1660,
    1680,
    1700,
    1720,
    1740,
    1760,
    1780,
    1800,
    1820,
    1840,
    1860,
    1880,
    1900,
    1920,
    1940,
    1960,
    1980
  ],
  "train_loss": [
    1065.467529296875,
    986.1113891601562,
    902.2890625,
    796.7603759765625,
    679.537353515625,
    550.5946655273438,
    449.177490234375,
    377.1942443847656,
    313.4175109863281,
    237.05960083007812,
    165.4662322998047,
    99.51084899902344,
    52.02890396118164,
    23.387569427490234,
    12.383665084838867,
    7.4763312339782715,
    4.950008869171143,
    3.500035047531128,
    2.7371339797973633,
    2.2616541385650635,
    1.7751238346099854,
    1.4262970685958862,
    1.18027925491333,
    0.9622659683227539,
    0.7563436627388,
    0.6338043212890625,
    0.53678297996521,
    0.4189813733100891,
    0.3432687520980835,
    0.2713560461997986,
    0.2118438482284546,
    0.1644180417060852,
    0.1304006725549698,
    0.10382753610610962,
    0.08474279940128326,
    0.06455745548009872,
    0.05096740648150444,
    0.039319489151239395,
    0.03136751055717468,
    0.023959966376423836,
    0.019036848098039627,
    0.015243614092469215,
    0.012078115716576576,
    0.00923418439924717,
    0.0068329391069710255,
    0.0053162481635808945,
    0.004155601374804974,
    0.0032800165936350822,
    0.0025215528439730406,
    0.0019632342737168074,
    0.001505548134446144,
    0.001200018567033112,
    0.0009204887319356203,
    0.0007064032834023237,
    0.0005318817566148937,
    0.00041673434316180646,
    0.00032101746182888746,
    0.00024467107141390443,
    0.00019624728884082288,
    0.00015374361828435212,
    0.000115922637633048,
    9.258111822418869e-05,
    7.292015652637929e-05,
    5.6113229220500216e-05,
    4.230375634506345e-05,
    3.1729505280964077e-05,
    2.426752143946942e-05,
    1.876150054158643e-05,
    1.4263569937611464e-05,
    1.0815918358275667e-05,
    8.731813068152405e-06,
    6.68789880364784e-06,
    5.026394774176879e-06,
    3.870294221997028e-06,
    2.98103964269103e-06,
    2.400857511020149e-06,
    1.8949880313812173e-06,
    1.4778931927139638e-06,
    1.1143766869281535e-06,
    8.419567620876478e-07,
    6.646789643127704e-07,
    5.244205567578319e-07,
    4.1360058844475134e-07,
    3.1090249308363127e-07,
    2.4555245659030334e-07,
    1.8713066651798727e-07,
    1.4366004563726165e-07,
    1.198903447630073e-07,
    9.20462497333574e-08,
    7.170080351670549e-08,
    5.639136446689008e-08,
    4.525120189668996e-08,
    3.6075263665225066e-08,
    2.983417246582576e-08,
    2.276437172099577e-08,
    1.911793390263483e-08,
    1.5797715136045554e-08,
    1.3167515966472365e-08,
    1.1653160214564195e-08,
    9.566621272938391e-09
  ],
  "test_loss": [
    1220.2542724609375,
    1128.707763671875,
    1032.682373046875,
    907.9925537109375,
    768.878662109375,
    615.36572265625,
    494.9346923828125,
    414.1547546386719,
    342.1966552734375,
    255.4198455810547,
    179.24620056152344,
    108.27286529541016,
    56.115753173828125,
    24.5045166015625,
    12.859855651855469,
    7.642653465270996,
    4.99537467956543,
    3.519272804260254,
    2.7154526710510254,
    2.235872507095337,
    1.727729320526123,
    1.3758974075317383,
    1.1507019996643066,
    0.9412333965301514,
    0.7246748208999634,
    0.6105819344520569,
    0.5252555012702942,
    0.40402382612228394,
    0.33484870195388794,
    0.26203078031539917,
    0.20142683386802673,
    0.1578124612569809,
    0.1252700388431549,
    0.0999818742275238,
    0.08111453056335449,
    0.061371635645627975,
    0.04864273965358734,
    0.03795323520898819,
    0.030260300263762474,
    0.02268798276782036,
    0.01807023398578167,
    0.014550170861184597,
    0.011413725093007088,
    0.008782214485108852,
    0.006534929852932692,
    0.005060070194303989,
    0.004013314377516508,
    0.003160440595820546,
    0.0024230857379734516,
    0.001879916526377201,
    0.0014423654647544026,
    0.0011585578322410583,
    0.0008784530218690634,
    0.0006760167889297009,
    0.000507129356265068,
    0.00039958060369826853,
    0.0003063228214159608,
    0.00023242943279910833,
    0.00018457147234585136,
    0.0001480956852901727,
    0.00011206319322809577,
    8.85453264345415e-05,
    7.073581218719482e-05,
    5.458590749185532e-05,
    4.026636088383384e-05,
    3.0430459446506575e-05,
    2.2944435841054656e-05,
    1.7807871699915268e-05,
    1.3534951904148329e-05,
    1.0410666618554387e-05,
    8.45663180371048e-06,
    6.428940650948789e-06,
    4.8091028475028e-06,
    3.700203023981885e-06,
    2.877801762224408e-06,
    2.291973714818596e-06,
    1.8259715943713672e-06,
    1.4137438029138139e-06,
    1.0666468597264611e-06,
    7.972940920808469e-07,
    6.351833121698292e-07,
    5.027582119510043e-07,
    3.948297546685353e-07,
    2.9692540692849434e-07,
    2.3423783090947836e-07,
    1.7935606422270212e-07,
    1.3695559175630478e-07,
    1.1502645946848133e-07,
    8.74600729616759e-08,
    6.8719820944807e-08,
    5.37970485936512e-08,
    4.318106050504866e-08,
    3.479248178450689e-08,
    2.889002814754349e-08,
    2.187830894229137e-08,
    1.8300289283956772e-08,
    1.5108820861087224e-08,
    1.2545763539151267e-08,
    1.1145088407715775e-08,
    9.154017988066698e-09
  ],